animated,bytes,category,extension,frames,has_alpha,height,mode,name,relative_path,top_folder,transparent,width
,901440,water,.blend,,,,,Anglerfish.blend,Cute Fish Pack - Feb 2020-20260825T021229Z-1-001/Cute Fish Pack - Feb 2020/Blends/Anglerfish.blend,Cute Fish Pack - Feb 2020-20260825T021229Z-1-001,,
,831436,water,.blend,,,,,ArmoredCatfish.blend,Cute Fish Pack - Feb 2020-20260825T021229Z-1-001/Cute Fish Pack - Feb 2020/Blends/ArmoredCatfish.blend,Cute Fish Pack - Feb 2020-20260825T021229Z-1-001,,
,836936,water,.blend,,,,,Betta.blend,Cute Fish Pack - Feb 2020-20260825T021229Z-1-001/Cute Fish Pack - Feb 2020/Blends/Betta.blend,Cute Fish Pack - Feb 2020-20260825T021229Z-1-001,,
,889800,water,.blend,,,,,BlackLionFish.blend,Cute Fish Pack - Feb 2020-20260825T021229Z-1-001/Cute Fish Pack - Feb 2020/Blends/BlackLionFish.blend,Cute Fish Pack - Feb 2020-20260825T021229Z-1-001,,
,828872,water,.blend,,,,,Blobfish.blend,Cute Fish Pack - Feb 2020-20260825T021229Z-1-001/Cute Fish Pack - Feb 2020/Blends/Blobfish.blend,Cute Fish Pack - Feb 2020-20260825T021229Z-1-001,,
,913384,water,.blend,,,,,BlueGoldfish.blend,Cute Fish Pack - Feb 2020-20260825T021229Z-1-001/Cute Fish Pack - Feb 2020/Blends/BlueGoldfish.blend,Cute Fish Pack - Feb 2020-20260825T021229Z-1-001,,
,840816,water,.blend,,,,,BlueTang.blend,Cute Fish Pack - Feb 2020-20260825T021229Z-1-001/Cute Fish Pack - Feb 2020/Blends/BlueTang.blend,Cute Fish Pack - Feb 2020-20260825T021229Z-1-001,,
,513896,water,.blend,,,,,Boat.blend,Cute Fish Pack - Feb 2020-20260825T021229Z-1-001/Cute Fish Pack - Feb 2020/Blends/Boat.blend,Cute Fish Pack - Feb 2020-20260825T021229Z-1-001,,
,838360,animals,.blend,,,,,ButterflyFish.blend,Cute Fish Pack - Feb 2020-20260825T021229Z-1-001/Cute Fish Pack - Feb 2020/Blends/ButterflyFish.blend,Cute Fish Pack - Feb 2020-20260825T021229Z-1-001,,
,831040,water,.blend,,,,,CardinalFish.blend,Cute Fish Pack - Feb 2020-20260825T021229Z-1-001/Cute Fish Pack - Feb 2020/Blends/CardinalFish.blend,Cute Fish Pack - Feb 2020-20260825T021229Z-1-001,,
,849252,water,.blend,,,,,Clownfish.blend,Cute Fish Pack - Feb 2020-20260825T021229Z-1-001/Cute Fish Pack - Feb 2020/Blends/Clownfish.blend,Cute Fish Pack - Feb 2020-20260825T021229Z-1-001,,
,850140,water,.blend,,,,,CoralGrouper.blend,Cute Fish Pack - Feb 2020-20260825T021229Z-1-001/Cute Fish Pack - Feb 2020/Blends/CoralGrouper.blend,Cute Fish Pack - Feb 2020-20260825T021229Z-1-001,,
,836648,animals,.blend,,,,,Cowfish.blend,Cute Fish Pack - Feb 2020-20260825T021229Z-1-001/Cute Fish Pack - Feb 2020/Blends/Cowfish.blend,Cute Fish Pack - Feb 2020-20260825T021229Z-1-001,,
,590136,water,.blend,,,,,Dock_Long.blend,Cute Fish Pack - Feb 2020-20260825T021229Z-1-001/Cute Fish Pack - Feb 2020/Blends/Dock_Long.blend,Cute Fish Pack - Feb 2020-20260825T021229Z-1-001,,
,580912,water,.blend,,,,,Dock_Long_NoRope.blend,Cute Fish Pack - Feb 2020-20260825T021229Z-1-001/Cute Fish Pack - Feb 2020/Blends/Dock_Long_NoRope.blend,Cute Fish Pack - Feb 2020-20260825T021229Z-1-001,,
,567640,water,.blend,,,,,Dock_Stairs.blend,Cute Fish Pack - Feb 2020-20260825T021229Z-1-001/Cute Fish Pack - Feb 2020/Blends/Dock_Stairs.blend,Cute Fish Pack - Feb 2020-20260825T021229Z-1-001,,
,590136,water,.blend,,,,,Dock_Wide.blend,Cute Fish Pack - Feb 2020-20260825T021229Z-1-001/Cute Fish Pack - Feb 2020/Blends/Dock_Wide.blend,Cute Fish Pack - Feb 2020-20260825T021229Z-1-001,,
,517176,water,.blend,,,,,FishingRod_Lvl1.blend,Cute Fish Pack - Feb 2020-20260825T021229Z-1-001/Cute Fish Pack - Feb 2020/Blends/FishingRod_Lvl1.blend,Cute Fish Pack - Feb 2020-20260825T021229Z-1-001,,
,532452,water,.blend,,,,,FishingRod_Lvl2.blend,Cute Fish Pack - Feb 2020-20260825T021229Z-1-001/Cute Fish Pack - Feb 2020/Blends/FishingRod_Lvl2.blend,Cute Fish Pack - Feb 2020-20260825T021229Z-1-001,,
,543828,water,.blend,,,,,FishingRod_Lvl3.blend,Cute Fish Pack - Feb 2020-20260825T021229Z-1-001/Cute Fish Pack - Feb 2020/Blends/FishingRod_Lvl3.blend,Cute Fish Pack - Feb 2020-20260825T021229Z-1-001,,
,543332,water,.blend,,,,,FishingRod_Lvl4.blend,Cute Fish Pack - Feb 2020-20260825T021229Z-1-001/Cute Fish Pack - Feb 2020/Blends/FishingRod_Lvl4.blend,Cute Fish Pack - Feb 2020-20260825T021229Z-1-001,,
,555564,water,.blend,,,,,FishingRod_Lvl5.blend,Cute Fish Pack - Feb 2020-20260825T021229Z-1-001/Cute Fish Pack - Feb 2020/Blends/FishingRod_Lvl5.blend,Cute Fish Pack - Feb 2020-20260825T021229Z-1-001,,
,864564,water,.blend,,,,,Flatfish.blend,Cute Fish Pack - Feb 2020-20260825T021229Z-1-001/Cute Fish Pack - Feb 2020/Blends/Flatfish.blend,Cute Fish Pack - Feb 2020-20260825T021229Z-1-001,,
,850208,vegetation,.blend,,,,,FlowerHorn.blend,Cute Fish Pack - Feb 2020-20260825T021229Z-1-001/Cute Fish Pack - Feb 2020/Blends/FlowerHorn.blend,Cute Fish Pack - Feb 2020-20260825T021229Z-1-001,,
,831664,water,.blend,,,,,GoblinShark.blend,Cute Fish Pack - Feb 2020-20260825T021229Z-1-001/Cute Fish Pack - Feb 2020/Blends/GoblinShark.blend,Cute Fish Pack - Feb 2020-20260825T021229Z-1-001,,
,913384,water,.blend,,,,,Goldfish.blend,Cute Fish Pack - Feb 2020-20260825T021229Z-1-001/Cute Fish Pack - Feb 2020/Blends/Goldfish.blend,Cute Fish Pack - Feb 2020-20260825T021229Z-1-001,,
,844488,water,.blend,,,,,Humphead.blend,Cute Fish Pack - Feb 2020-20260825T021229Z-1-001/Cute Fish Pack - Feb 2020/Blends/Humphead.blend,Cute Fish Pack - Feb 2020-20260825T021229Z-1-001,,
,847392,water,.blend,,,,,Koi.blend,Cute Fish Pack - Feb 2020-20260825T021229Z-1-001/Cute Fish Pack - Feb 2020/Blends/Koi.blend,Cute Fish Pack - Feb 2020-20260825T021229Z-1-001,,
,886876,water,.blend,,,,,Lionfish.blend,Cute Fish Pack - Feb 2020-20260825T021229Z-1-001/Cute Fish Pack - Feb 2020/Blends/Lionfish.blend,Cute Fish Pack - Feb 2020-20260825T021229Z-1-001,,
,560296,water,.blend,,,,,Lure_1.blend,Cute Fish Pack - Feb 2020-20260825T021229Z-1-001/Cute Fish Pack - Feb 2020/Blends/Lure_1.blend,Cute Fish Pack - Feb 2020-20260825T021229Z-1-001,,
,578616,water,.blend,,,,,Lure_2.blend,Cute Fish Pack - Feb 2020-20260825T021229Z-1-001/Cute Fish Pack - Feb 2020/Blends/Lure_2.blend,Cute Fish Pack - Feb 2020-20260825T021229Z-1-001,,
,560336,water,.blend,,,,,Lure_3.blend,Cute Fish Pack - Feb 2020-20260825T021229Z-1-001/Cute Fish Pack - Feb 2020/Blends/Lure_3.blend,Cute Fish Pack - Feb 2020-20260825T021229Z-1-001,,
,630412,water,.blend,,,,,Lure_4.blend,Cute Fish Pack - Feb 2020-20260825T021229Z-1-001/Cute Fish Pack - Feb 2020/Blends/Lure_4.blend,Cute Fish Pack - Feb 2020-20260825T021229Z-1-001,,
,578616,water,.blend,,,,,Lure_5.blend,Cute Fish Pack - Feb 2020-20260825T021229Z-1-001/Cute Fish Pack - Feb 2020/Blends/Lure_5.blend,Cute Fish Pack - Feb 2020-20260825T021229Z-1-001,,
,630460,water,.blend,,,,,Lure_6.blend,Cute Fish Pack - Feb 2020-20260825T021229Z-1-001/Cute Fish Pack - Feb 2020/Blends/Lure_6.blend,Cute Fish Pack - Feb 2020-20260825T021229Z-1-001,,
,841352,water,.blend,,,,,MandarinFish.blend,Cute Fish Pack - Feb 2020-20260825T021229Z-1-001/Cute Fish Pack - Feb 2020/Blends/MandarinFish.blend,Cute Fish Pack - Feb 2020-20260825T021229Z-1-001,,
,843268,water,.blend,,,,,MoorishIdol.blend,Cute Fish Pack - Feb 2020-20260825T021229Z-1-001/Cute Fish Pack - Feb 2020/Blends/MoorishIdol.blend,Cute Fish Pack - Feb 2020-20260825T021229Z-1-001,,
,842036,water,.blend,,,,,ParrotFish.blend,Cute Fish Pack - Feb 2020-20260825T021229Z-1-001/Cute Fish Pack - Feb 2020/Blends/ParrotFish.blend,Cute Fish Pack - Feb 2020-20260825T021229Z-1-001,,
,874928,water,.blend,,,,,Piranha.blend,Cute Fish Pack - Feb 2020-20260825T021229Z-1-001/Cute Fish Pack - Feb 2020/Blends/Piranha.blend,Cute Fish Pack - Feb 2020-20260825T021229Z-1-001,,
,921288,water,.blend,,,,,Puffer.blend,Cute Fish Pack - Feb 2020-20260825T021229Z-1-001/Cute Fish Pack - Feb 2020/Blends/Puffer.blend,Cute Fish Pack - Feb 2020-20260825T021229Z-1-001,,
,836948,water,.blend,,,,,RedSnapper.blend,Cute Fish Pack - Feb 2020-20260825T021229Z-1-001/Cute Fish Pack - Feb 2020/Blends/RedSnapper.blend,Cute Fish Pack - Feb 2020-20260825T021229Z-1-001,,
,843760,water,.blend,,,,,RoyalGramma.blend,Cute Fish Pack - Feb 2020-20260825T021229Z-1-001/Cute Fish Pack - Feb 2020/Blends/RoyalGramma.blend,Cute Fish Pack - Feb 2020-20260825T021229Z-1-001,,
,827796,water,.blend,,,,,Shark.blend,Cute Fish Pack - Feb 2020-20260825T021229Z-1-001/Cute Fish Pack - Feb 2020/Blends/Shark.blend,Cute Fish Pack - Feb 2020-20260825T021229Z-1-001,,
,829732,water,.blend,,,,,Sunfish.blend,Cute Fish Pack - Feb 2020-20260825T021229Z-1-001/Cute Fish Pack - Feb 2020/Blends/Sunfish.blend,Cute Fish Pack - Feb 2020-20260825T021229Z-1-001,,
,840132,water,.blend,,,,,Swordfish.blend,Cute Fish Pack - Feb 2020-20260825T021229Z-1-001/Cute Fish Pack - Feb 2020/Blends/Swordfish.blend,Cute Fish Pack - Feb 2020-20260825T021229Z-1-001,,
,858156,water,.blend,,,,,Tang.blend,Cute Fish Pack - Feb 2020-20260825T021229Z-1-001/Cute Fish Pack - Feb 2020/Blends/Tang.blend,Cute Fish Pack - Feb 2020-20260825T021229Z-1-001,,
,830280,water,.blend,,,,,Tetra.blend,Cute Fish Pack - Feb 2020-20260825T021229Z-1-001/Cute Fish Pack - Feb 2020/Blends/Tetra.blend,Cute Fish Pack - Feb 2020-20260825T021229Z-1-001,,
,851972,water,.blend,,,,,Tuna.blend,Cute Fish Pack - Feb 2020-20260825T021229Z-1-001/Cute Fish Pack - Feb 2020/Blends/Tuna.blend,Cute Fish Pack - Feb 2020-20260825T021229Z-1-001,,
,862956,water,.blend,,,,,Turbot.blend,Cute Fish Pack - Feb 2020-20260825T021229Z-1-001/Cute Fish Pack - Feb 2020/Blends/Turbot.blend,Cute Fish Pack - Feb 2020-20260825T021229Z-1-001,,
,515064,water,.blend,,,,,Worm.blend,Cute Fish Pack - Feb 2020-20260825T021229Z-1-001/Cute Fish Pack - Feb 2020/Blends/Worm.blend,Cute Fish Pack - Feb 2020-20260825T021229Z-1-001,,
,828096,water,.blend,,,,,YellowTang.blend,Cute Fish Pack - Feb 2020-20260825T021229Z-1-001/Cute Fish Pack - Feb 2020/Blends/YellowTang.blend,Cute Fish Pack - Feb 2020-20260825T021229Z-1-001,,
,845084,water,.blend,,,,,ZebraClownFish.blend,Cute Fish Pack - Feb 2020-20260825T021229Z-1-001/Cute Fish Pack - Feb 2020/Blends/ZebraClownFish.blend,Cute Fish Pack - Feb 2020-20260825T021229Z-1-001,,
,318268,water,.fbx,,,,,Anglerfish.fbx,Cute Fish Pack - Feb 2020-20260825T021229Z-1-001/Cute Fish Pack - Feb 2020/FBX/Anglerfish.fbx,Cute Fish Pack - Feb 2020-20260825T021229Z-1-001,,
,299244,water,.fbx,,,,,ArmoredCatfish.fbx,Cute Fish Pack - Feb 2020-20260825T021229Z-1-001/Cute Fish Pack - Feb 2020/FBX/ArmoredCatfish.fbx,Cute Fish Pack - Feb 2020-20260825T021229Z-1-001,,
,302748,water,.fbx,,,,,Betta.fbx,Cute Fish Pack - Feb 2020-20260825T021229Z-1-001/Cute Fish Pack - Feb 2020/FBX/Betta.fbx,Cute Fish Pack - Feb 2020-20260825T021229Z-1-001,,
,317308,water,.fbx,,,,,BlackLionFish.fbx,Cute Fish Pack - Feb 2020-20260825T021229Z-1-001/Cute Fish Pack - Feb 2020/FBX/BlackLionFish.fbx,Cute Fish Pack - Feb 2020-20260825T021229Z-1-001,,
,298316,water,.fbx,,,,,Blobfish.fbx,Cute Fish Pack - Feb 2020-20260825T021229Z-1-001/Cute Fish Pack - Feb 2020/FBX/Blobfish.fbx,Cute Fish Pack - Feb 2020-20260825T021229Z-1-001,,
,327756,water,.fbx,,,,,BlueGoldfish.fbx,Cute Fish Pack - Feb 2020-20260825T021229Z-1-001/Cute Fish Pack - Feb 2020/FBX/BlueGoldfish.fbx,Cute Fish Pack - Feb 2020-20260825T021229Z-1-001,,
,303740,water,.fbx,,,,,BlueTang.fbx,Cute Fish Pack - Feb 2020-20260825T021229Z-1-001/Cute Fish Pack - Feb 2020/FBX/BlueTang.fbx,Cute Fish Pack - Feb 2020-20260825T021229Z-1-001,,
,18940,water,.fbx,,,,,Boat.fbx,Cute Fish Pack - Feb 2020-20260825T021229Z-1-001/Cute Fish Pack - Feb 2020/FBX/Boat.fbx,Cute Fish Pack - Feb 2020-20260825T021229Z-1-001,,
,301804,animals,.fbx,,,,,ButterflyFish.fbx,Cute Fish Pack - Feb 2020-20260825T021229Z-1-001/Cute Fish Pack - Feb 2020/FBX/ButterflyFish.fbx,Cute Fish Pack - Feb 2020-20260825T021229Z-1-001,,
,299388,water,.fbx,,,,,CardinalFish.fbx,Cute Fish Pack - Feb 2020-20260825T021229Z-1-001/Cute Fish Pack - Feb 2020/FBX/CardinalFish.fbx,Cute Fish Pack - Feb 2020-20260825T021229Z-1-001,,
,304828,water,.fbx,,,,,Clownfish.fbx,Cute Fish Pack - Feb 2020-20260825T021229Z-1-001/Cute Fish Pack - Feb 2020/FBX/Clownfish.fbx,Cute Fish Pack - Feb 2020-20260825T021229Z-1-001,,
,307052,water,.fbx,,,,,CoralGrouper.fbx,Cute Fish Pack - Feb 2020-20260825T021229Z-1-001/Cute Fish Pack - Feb 2020/FBX/CoralGrouper.fbx,Cute Fish Pack - Feb 2020-20260825T021229Z-1-001,,
,298972,animals,.fbx,,,,,Cowfish.fbx,Cute Fish Pack - Feb 2020-20260825T021229Z-1-001/Cute Fish Pack - Feb 2020/FBX/Cowfish.fbx,Cute Fish Pack - Feb 2020-20260825T021229Z-1-001,,
,45660,water,.fbx,,,,,Dock_Long.fbx,Cute Fish Pack - Feb 2020-20260825T021229Z-1-001/Cute Fish Pack - Feb 2020/FBX/Dock_Long.fbx,Cute Fish Pack - Feb 2020-20260825T021229Z-1-001,,
,42860,water,.fbx,,,,,Dock_Long_NoRope.fbx,Cute Fish Pack - Feb 2020-20260825T021229Z-1-001/Cute Fish Pack - Feb 2020/FBX/Dock_Long_NoRope.fbx,Cute Fish Pack - Feb 2020-20260825T021229Z-1-001,,
,29052,water,.fbx,,,,,Dock_Stairs.fbx,Cute Fish Pack - Feb 2020-20260825T021229Z-1-001/Cute Fish Pack - Feb 2020/FBX/Dock_Stairs.fbx,Cute Fish Pack - Feb 2020-20260825T021229Z-1-001,,
,45692,water,.fbx,,,,,Dock_Wide.fbx,Cute Fish Pack - Feb 2020-20260825T021229Z-1-001/Cute Fish Pack - Feb 2020/FBX/Dock_Wide.fbx,Cute Fish Pack - Feb 2020-20260825T021229Z-1-001,,
,20796,water,.fbx,,,,,FishingRod_Lvl1.fbx,Cute Fish Pack - Feb 2020-20260825T021229Z-1-001/Cute Fish Pack - Feb 2020/FBX/FishingRod_Lvl1.fbx,Cute Fish Pack - Feb 2020-20260825T021229Z-1-001,,
,24380,water,.fbx,,,,,FishingRod_Lvl2.fbx,Cute Fish Pack - Feb 2020-20260825T021229Z-1-001/Cute Fish Pack - Feb 2020/FBX/FishingRod_Lvl2.fbx,Cute Fish Pack - Feb 2020-20260825T021229Z-1-001,,
,27276,water,.fbx,,,,,FishingRod_Lvl3.fbx,Cute Fish Pack - Feb 2020-20260825T021229Z-1-001/Cute Fish Pack - Feb 2020/FBX/FishingRod_Lvl3.fbx,Cute Fish Pack - Feb 2020-20260825T021229Z-1-001,,
,27372,water,.fbx,,,,,FishingRod_Lvl4.fbx,Cute Fish Pack - Feb 2020-20260825T021229Z-1-001/Cute Fish Pack - Feb 2020/FBX/FishingRod_Lvl4.fbx,Cute Fish Pack - Feb 2020-20260825T021229Z-1-001,,
,30988,water,.fbx,,,,,FishingRod_Lvl5.fbx,Cute Fish Pack - Feb 2020-20260825T021229Z-1-001/Cute Fish Pack - Feb 2020/FBX/FishingRod_Lvl5.fbx,Cute Fish Pack - Feb 2020-20260825T021229Z-1-001,,
,307516,water,.fbx,,,,,Flatfish.fbx,Cute Fish Pack - Feb 2020-20260825T021229Z-1-001/Cute Fish Pack - Feb 2020/FBX/Flatfish.fbx,Cute Fish Pack - Feb 2020-20260825T021229Z-1-001,,
,304156,vegetation,.fbx,,,,,FlowerHorn.fbx,Cute Fish Pack - Feb 2020-20260825T021229Z-1-001/Cute Fish Pack - Feb 2020/FBX/FlowerHorn.fbx,Cute Fish Pack - Feb 2020-20260825T021229Z-1-001,,
,299484,water,.fbx,,,,,GoblinShark.fbx,Cute Fish Pack - Feb 2020-20260825T021229Z-1-001/Cute Fish Pack - Feb 2020/FBX/GoblinShark.fbx,Cute Fish Pack - Feb 2020-20260825T021229Z-1-001,,
,327724,water,.fbx,,,,,Goldfish.fbx,Cute Fish Pack - Feb 2020-20260825T021229Z-1-001/Cute Fish Pack - Feb 2020/FBX/Goldfish.fbx,Cute Fish Pack - Feb 2020-20260825T021229Z-1-001,,
,303292,water,.fbx,,,,,Humphead.fbx,Cute Fish Pack - Feb 2020-20260825T021229Z-1-001/Cute Fish Pack - Feb 2020/FBX/Humphead.fbx,Cute Fish Pack - Feb 2020-20260825T021229Z-1-001,,
,305292,water,.fbx,,,,,Koi.fbx,Cute Fish Pack - Feb 2020-20260825T021229Z-1-001/Cute Fish Pack - Feb 2020/FBX/Koi.fbx,Cute Fish Pack - Feb 2020-20260825T021229Z-1-001,,
,316460,water,.fbx,,,,,Lionfish.fbx,Cute Fish Pack - Feb 2020-20260825T021229Z-1-001/Cute Fish Pack - Feb 2020/FBX/Lionfish.fbx,Cute Fish Pack - Feb 2020-20260825T021229Z-1-001,,
,31468,water,.fbx,,,,,Lure_1.fbx,Cute Fish Pack - Feb 2020-20260825T021229Z-1-001/Cute Fish Pack - Feb 2020/FBX/Lure_1.fbx,Cute Fish Pack - Feb 2020-20260825T021229Z-1-001,,
,33084,water,.fbx,,,,,Lure_2.fbx,Cute Fish Pack - Feb 2020-20260825T021229Z-1-001/Cute Fish Pack - Feb 2020/FBX/Lure_2.fbx,Cute Fish Pack - Feb 2020-20260825T021229Z-1-001,,
,31612,water,.fbx,,,,,Lure_3.fbx,Cute Fish Pack - Feb 2020-20260825T021229Z-1-001/Cute Fish Pack - Feb 2020/FBX/Lure_3.fbx,Cute Fish Pack - Feb 2020-20260825T021229Z-1-001,,
,36060,water,.fbx,,,,,Lure_4.fbx,Cute Fish Pack - Feb 2020-20260825T021229Z-1-001/Cute Fish Pack - Feb 2020/FBX/Lure_4.fbx,Cute Fish Pack - Feb 2020-20260825T021229Z-1-001,,
,32988,water,.fbx,,,,,Lure_5.fbx,Cute Fish Pack - Feb 2020-20260825T021229Z-1-001/Cute Fish Pack - Feb 2020/FBX/Lure_5.fbx,Cute Fish Pack - Feb 2020-20260825T021229Z-1-001,,
,35980,water,.fbx,,,,,Lure_6.fbx,Cute Fish Pack - Feb 2020-20260825T021229Z-1-001/Cute Fish Pack - Feb 2020/FBX/Lure_6.fbx,Cute Fish Pack - Feb 2020-20260825T021229Z-1-001,,
,298876,water,.fbx,,,,,MandarinFish.fbx,Cute Fish Pack - Feb 2020-20260825T021229Z-1-001/Cute Fish Pack - Feb 2020/FBX/MandarinFish.fbx,Cute Fish Pack - Feb 2020-20260825T021229Z-1-001,,
,303004,water,.fbx,,,,,MoorishIdol.fbx,Cute Fish Pack - Feb 2020-20260825T021229Z-1-001/Cute Fish Pack - Feb 2020/FBX/MoorishIdol.fbx,Cute Fish Pack - Feb 2020-20260825T021229Z-1-001,,
,300396,water,.fbx,,,,,ParrotFish.fbx,Cute Fish Pack - Feb 2020-20260825T021229Z-1-001/Cute Fish Pack - Feb 2020/FBX/ParrotFish.fbx,Cute Fish Pack - Feb 2020-20260825T021229Z-1-001,,
,313148,water,.fbx,,,,,Piranha.fbx,Cute Fish Pack - Feb 2020-20260825T021229Z-1-001/Cute Fish Pack - Feb 2020/FBX/Piranha.fbx,Cute Fish Pack - Feb 2020-20260825T021229Z-1-001,,
,336924,water,.fbx,,,,,Puffer.fbx,Cute Fish Pack - Feb 2020-20260825T021229Z-1-001/Cute Fish Pack - Feb 2020/FBX/Puffer.fbx,Cute Fish Pack - Feb 2020-20260825T021229Z-1-001,,
,302252,water,.fbx,,,,,RedSnapper.fbx,Cute Fish Pack - Feb 2020-20260825T021229Z-1-001/Cute Fish Pack - Feb 2020/FBX/RedSnapper.fbx,Cute Fish Pack - Feb 2020-20260825T021229Z-1-001,,
,300268,water,.fbx,,,,,RoyalGramma.fbx,Cute Fish Pack - Feb 2020-20260825T021229Z-1-001/Cute Fish Pack - Feb 2020/FBX/RoyalGramma.fbx,Cute Fish Pack - Feb 2020-20260825T021229Z-1-001,,
,297548,water,.fbx,,,,,Shark.fbx,Cute Fish Pack - Feb 2020-20260825T021229Z-1-001/Cute Fish Pack - Feb 2020/FBX/Shark.fbx,Cute Fish Pack - Feb 2020-20260825T021229Z-1-001,,
,303068,water,.fbx,,,,,Sunfish.fbx,Cute Fish Pack - Feb 2020-20260825T021229Z-1-001/Cute Fish Pack - Feb 2020/FBX/Sunfish.fbx,Cute Fish Pack - Feb 2020-20260825T021229Z-1-001,,
,301724,water,.fbx,,,,,Swordfish.fbx,Cute Fish Pack - Feb 2020-20260825T021229Z-1-001/Cute Fish Pack - Feb 2020/FBX/Swordfish.fbx,Cute Fish Pack - Feb 2020-20260825T021229Z-1-001,,
,306524,water,.fbx,,,,,Tang.fbx,Cute Fish Pack - Feb 2020-20260825T021229Z-1-001/Cute Fish Pack - Feb 2020/FBX/Tang.fbx,Cute Fish Pack - Feb 2020-20260825T021229Z-1-001,,
,298172,water,.fbx,,,,,Tetra.fbx,Cute Fish Pack - Feb 2020-20260825T021229Z-1-001/Cute Fish Pack - Feb 2020/FBX/Tetra.fbx,Cute Fish Pack - Feb 2020-20260825T021229Z-1-001,,
,304844,water,.fbx,,,,,Tuna.fbx,Cute Fish Pack - Feb 2020-20260825T021229Z-1-001/Cute Fish Pack - Feb 2020/FBX/Tuna.fbx,Cute Fish Pack - Feb 2020-20260825T021229Z-1-001,,
,305164,water,.fbx,,,,,Turbot.fbx,Cute Fish Pack - Feb 2020-20260825T021229Z-1-001/Cute Fish Pack - Feb 2020/FBX/Turbot.fbx,Cute Fish Pack - Feb 2020-20260825T021229Z-1-001,,
,20556,water,.fbx,,,,,Worm.fbx,Cute Fish Pack - Feb 2020-20260825T021229Z-1-001/Cute Fish Pack - Feb 2020/FBX/Worm.fbx,Cute Fish Pack - Feb 2020-20260825T021229Z-1-001,,
,299516,water,.fbx,,,,,YellowTang.fbx,Cute Fish Pack - Feb 2020-20260825T021229Z-1-001/Cute Fish Pack - Feb 2020/FBX/YellowTang.fbx,Cute Fish Pack - Feb 2020-20260825T021229Z-1-001,,
,303468,water,.fbx,,,,,ZebraClownFish.fbx,Cute Fish Pack - Feb 2020-20260825T021229Z-1-001/Cute Fish Pack - Feb 2020/FBX/ZebraClownFish.fbx,Cute Fish Pack - Feb 2020-20260825T021229Z-1-001,,
,364,water,.txt,,,,,License.txt,Cute Fish Pack - Feb 2020-20260825T021229Z-1-001/Cute Fish Pack - Feb 2020/License.txt,Cute Fish Pack - Feb 2020-20260825T021229Z-1-001,,
,1168,water,.mtl,,,,,Anglerfish.mtl,Cute Fish Pack - Feb 2020-20260825T021229Z-1-001/Cute Fish Pack - Feb 2020/OBJ/Anglerfish.mtl,Cute Fish Pack - Feb 2020-20260825T021229Z-1-001,,
,95263,water,.obj,,,,,Anglerfish.obj,Cute Fish Pack - Feb 2020-20260825T021229Z-1-001/Cute Fish Pack - Feb 2020/OBJ/Anglerfish.obj,Cute Fish Pack - Feb 2020-20260825T021229Z-1-001,,
,625,water,.mtl,,,,,ArmoredCatfish.mtl,Cute Fish Pack - Feb 2020-20260825T021229Z-1-001/Cute Fish Pack - Feb 2020/OBJ/ArmoredCatfish.mtl,Cute Fish Pack - Feb 2020-20260825T021229Z-1-001,,
,70919,water,.obj,,,,,ArmoredCatfish.obj,Cute Fish Pack - Feb 2020-20260825T021229Z-1-001/Cute Fish Pack - Feb 2020/OBJ/ArmoredCatfish.obj,Cute Fish Pack - Feb 2020-20260825T021229Z-1-001,,
,597,water,.mtl,,,,,Betta.mtl,Cute Fish Pack - Feb 2020-20260825T021229Z-1-001/Cute Fish Pack - Feb 2020/OBJ/Betta.mtl,Cute Fish Pack - Feb 2020-20260825T021229Z-1-001,,
,69176,water,.obj,,,,,Betta.obj,Cute Fish Pack - Feb 2020-20260825T021229Z-1-001/Cute Fish Pack - Feb 2020/OBJ/Betta.obj,Cute Fish Pack - Feb 2020-20260825T021229Z-1-001,,
,813,water,.mtl,,,,,BlackLionFish.mtl,Cute Fish Pack - Feb 2020-20260825T021229Z-1-001/Cute Fish Pack - Feb 2020/OBJ/BlackLionFish.mtl,Cute Fish Pack - Feb 2020-20260825T021229Z-1-001,,
,96555,water,.obj,,,,,BlackLionFish.obj,Cute Fish Pack - Feb 2020-20260825T021229Z-1-001/Cute Fish Pack - Feb 2020/OBJ/BlackLionFish.obj,Cute Fish Pack - Feb 2020-20260825T021229Z-1-001,,
,607,water,.mtl,,,,,Blobfish.mtl,Cute Fish Pack - Feb 2020-20260825T021229Z-1-001/Cute Fish Pack - Feb 2020/OBJ/Blobfish.mtl,Cute Fish Pack - Feb 2020-20260825T021229Z-1-001,,
,62953,water,.obj,,,,,Blobfish.obj,Cute Fish Pack - Feb 2020-20260825T021229Z-1-001/Cute Fish Pack - Feb 2020/OBJ/Blobfish.obj,Cute Fish Pack - Feb 2020-20260825T021229Z-1-001,,
,986,water,.mtl,,,,,BlueGoldfish.mtl,Cute Fish Pack - Feb 2020-20260825T021229Z-1-001/Cute Fish Pack - Feb 2020/OBJ/BlueGoldfish.mtl,Cute Fish Pack - Feb 2020-20260825T021229Z-1-001,,
,77733,water,.obj,,,,,BlueGoldfish.obj,Cute Fish Pack - Feb 2020-20260825T021229Z-1-001/Cute Fish Pack - Feb 2020/OBJ/BlueGoldfish.obj,Cute Fish Pack - Feb 2020-20260825T021229Z-1-001,,
,792,water,.mtl,,,,,BlueTang.mtl,Cute Fish Pack - Feb 2020-20260825T021229Z-1-001/Cute Fish Pack - Feb 2020/OBJ/BlueTang.mtl,Cute Fish Pack - Feb 2020-20260825T021229Z-1-001,,
,64738,water,.obj,,,,,BlueTang.obj,Cute Fish Pack - Feb 2020-20260825T021229Z-1-001/Cute Fish Pack - Feb 2020/OBJ/BlueTang.obj,Cute Fish Pack - Feb 2020-20260825T021229Z-1-001,,
,411,water,.mtl,,,,,Boat.mtl,Cute Fish Pack - Feb 2020-20260825T021229Z-1-001/Cute Fish Pack - Feb 2020/OBJ/Boat.mtl,Cute Fish Pack - Feb 2020-20260825T021229Z-1-001,,
,9123,water,.obj,,,,,Boat.obj,Cute Fish Pack - Feb 2020-20260825T021229Z-1-001/Cute Fish Pack - Feb 2020/OBJ/Boat.obj,Cute Fish Pack - Feb 2020-20260825T021229Z-1-001,,
,801,animals,.mtl,,,,,ButterflyFish.mtl,Cute Fish Pack - Feb 2020-20260825T021229Z-1-001/Cute Fish Pack - Feb 2020/OBJ/ButterflyFish.mtl,Cute Fish Pack - Feb 2020-20260825T021229Z-1-001,,
,66290,animals,.obj,,,,,ButterflyFish.obj,Cute Fish Pack - Feb 2020-20260825T021229Z-1-001/Cute Fish Pack - Feb 2020/OBJ/ButterflyFish.obj,Cute Fish Pack - Feb 2020-20260825T021229Z-1-001,,
,809,water,.mtl,,,,,CardinalFish.mtl,Cute Fish Pack - Feb 2020-20260825T021229Z-1-001/Cute Fish Pack - Feb 2020/OBJ/CardinalFish.mtl,Cute Fish Pack - Feb 2020-20260825T021229Z-1-001,,
,67868,water,.obj,,,,,CardinalFish.obj,Cute Fish Pack - Feb 2020-20260825T021229Z-1-001/Cute Fish Pack - Feb 2020/OBJ/CardinalFish.obj,Cute Fish Pack - Feb 2020-20260825T021229Z-1-001,,
,797,water,.mtl,,,,,Clownfish.mtl,Cute Fish Pack - Feb 2020-20260825T021229Z-1-001/Cute Fish Pack - Feb 2020/OBJ/Clownfish.mtl,Cute Fish Pack - Feb 2020-20260825T021229Z-1-001,,
,74515,water,.obj,,,,,Clownfish.obj,Cute Fish Pack - Feb 2020-20260825T021229Z-1-001/Cute Fish Pack - Feb 2020/OBJ/Clownfish.obj,Cute Fish Pack - Feb 2020-20260825T021229Z-1-001,,
,618,water,.mtl,,,,,CoralGrouper.mtl,Cute Fish Pack - Feb 2020-20260825T021229Z-1-001/Cute Fish Pack - Feb 2020/OBJ/CoralGrouper.mtl,Cute Fish Pack - Feb 2020-20260825T021229Z-1-001,,
,77562,water,.obj,,,,,CoralGrouper.obj,Cute Fish Pack - Feb 2020-20260825T021229Z-1-001/Cute Fish Pack - Feb 2020/OBJ/CoralGrouper.obj,Cute Fish Pack - Feb 2020-20260825T021229Z-1-001,,
,789,animals,.mtl,,,,,Cowfish.mtl,Cute Fish Pack - Feb 2020-20260825T021229Z-1-001/Cute Fish Pack - Feb 2020/OBJ/Cowfish.mtl,Cute Fish Pack - Feb 2020-20260825T021229Z-1-001,,
,67281,animals,.obj,,,,,Cowfish.obj,Cute Fish Pack - Feb 2020-20260825T021229Z-1-001/Cute Fish Pack - Feb 2020/OBJ/Cowfish.obj,Cute Fish Pack - Feb 2020-20260825T021229Z-1-001,,
,596,water,.mtl,,,,,Dock_Long.mtl,Cute Fish Pack - Feb 2020-20260825T021229Z-1-001/Cute Fish Pack - Feb 2020/OBJ/Dock_Long.mtl,Cute Fish Pack - Feb 2020-20260825T021229Z-1-001,,
,73862,water,.obj,,,,,Dock_Long.obj,Cute Fish Pack - Feb 2020-20260825T021229Z-1-001/Cute Fish Pack - Feb 2020/OBJ/Dock_Long.obj,Cute Fish Pack - Feb 2020-20260825T021229Z-1-001,,
,424,water,.mtl,,,,,Dock_Long_NoRope.mtl,Cute Fish Pack - Feb 2020-20260825T021229Z-1-001/Cute Fish Pack - Feb 2020/OBJ/Dock_Long_NoRope.mtl,Cute Fish Pack - Feb 2020-20260825T021229Z-1-001,,
,65535,water,.obj,,,,,Dock_Long_NoRope.obj,Cute Fish Pack - Feb 2020-20260825T021229Z-1-001/Cute Fish Pack - Feb 2020/OBJ/Dock_Long_NoRope.obj,Cute Fish Pack - Feb 2020-20260825T021229Z-1-001,,
,419,water,.mtl,,,,,Dock_Stairs.mtl,Cute Fish Pack - Feb 2020-20260825T021229Z-1-001/Cute Fish Pack - Feb 2020/OBJ/Dock_Stairs.mtl,Cute Fish Pack - Feb 2020-20260825T021229Z-1-001,,
,27930,water,.obj,,,,,Dock_Stairs.obj,Cute Fish Pack - Feb 2020-20260825T021229Z-1-001/Cute Fish Pack - Feb 2020/OBJ/Dock_Stairs.obj,Cute Fish Pack - Feb 2020-20260825T021229Z-1-001,,
,596,water,.mtl,,,,,Dock_Wide.mtl,Cute Fish Pack - Feb 2020-20260825T021229Z-1-001/Cute Fish Pack - Feb 2020/OBJ/Dock_Wide.mtl,Cute Fish Pack - Feb 2020-20260825T021229Z-1-001,,
,74579,water,.obj,,,,,Dock_Wide.obj,Cute Fish Pack - Feb 2020-20260825T021229Z-1-001/Cute Fish Pack - Feb 2020/OBJ/Dock_Wide.obj,Cute Fish Pack - Feb 2020-20260825T021229Z-1-001,,
,241,water,.mtl,,,,,FishingRod_Lvl1.mtl,Cute Fish Pack - Feb 2020-20260825T021229Z-1-001/Cute Fish Pack - Feb 2020/OBJ/FishingRod_Lvl1.mtl,Cute Fish Pack - Feb 2020-20260825T021229Z-1-001,,
,11866,water,.obj,,,,,FishingRod_Lvl1.obj,Cute Fish Pack - Feb 2020-20260825T021229Z-1-001/Cute Fish Pack - Feb 2020/OBJ/FishingRod_Lvl1.obj,Cute Fish Pack - Feb 2020-20260825T021229Z-1-001,,
,419,water,.mtl,,,,,FishingRod_Lvl2.mtl,Cute Fish Pack - Feb 2020-20260825T021229Z-1-001/Cute Fish Pack - Feb 2020/OBJ/FishingRod_Lvl2.mtl,Cute Fish Pack - Feb 2020-20260825T021229Z-1-001,,
,19370,water,.obj,,,,,FishingRod_Lvl2.obj,Cute Fish Pack - Feb 2020-20260825T021229Z-1-001/Cute Fish Pack - Feb 2020/OBJ/FishingRod_Lvl2.obj,Cute Fish Pack - Feb 2020-20260825T021229Z-1-001,,
,420,water,.mtl,,,,,FishingRod_Lvl3.mtl,Cute Fish Pack - Feb 2020-20260825T021229Z-1-001/Cute Fish Pack - Feb 2020/OBJ/FishingRod_Lvl3.mtl,Cute Fish Pack - Feb 2020-20260825T021229Z-1-001,,
,31842,water,.obj,,,,,FishingRod_Lvl3.obj,Cute Fish Pack - Feb 2020-20260825T021229Z-1-001/Cute Fish Pack - Feb 2020/OBJ/FishingRod_Lvl3.obj,Cute Fish Pack - Feb 2020-20260825T021229Z-1-001,,
,419,water,.mtl,,,,,FishingRod_Lvl4.mtl,Cute Fish Pack - Feb 2020-20260825T021229Z-1-001/Cute Fish Pack - Feb 2020/OBJ/FishingRod_Lvl4.mtl,Cute Fish Pack - Feb 2020-20260825T021229Z-1-001,,
,34020,water,.obj,,,,,FishingRod_Lvl4.obj,Cute Fish Pack - Feb 2020-20260825T021229Z-1-001/Cute Fish Pack - Feb 2020/OBJ/FishingRod_Lvl4.obj,Cute Fish Pack - Feb 2020-20260825T021229Z-1-001,,
,418,water,.mtl,,,,,FishingRod_Lvl5.mtl,Cute Fish Pack - Feb 2020-20260825T021229Z-1-001/Cute Fish Pack - Feb 2020/OBJ/FishingRod_Lvl5.mtl,Cute Fish Pack - Feb 2020-20260825T021229Z-1-001,,
,45130,water,.obj,,,,,FishingRod_Lvl5.obj,Cute Fish Pack - Feb 2020-20260825T021229Z-1-001/Cute Fish Pack - Feb 2020/OBJ/FishingRod_Lvl5.obj,Cute Fish Pack - Feb 2020-20260825T021229Z-1-001,,
,981,water,.mtl,,,,,Flatfish.mtl,Cute Fish Pack - Feb 2020-20260825T021229Z-1-001/Cute Fish Pack - Feb 2020/OBJ/Flatfish.mtl,Cute Fish Pack - Feb 2020-20260825T021229Z-1-001,,
,81936,water,.obj,,,,,Flatfish.obj,Cute Fish Pack - Feb 2020-20260825T021229Z-1-001/Cute Fish Pack - Feb 2020/OBJ/Flatfish.obj,Cute Fish Pack - Feb 2020-20260825T021229Z-1-001,,
,800,vegetation,.mtl,,,,,FlowerHorn.mtl,Cute Fish Pack - Feb 2020-20260825T021229Z-1-001/Cute Fish Pack - Feb 2020/OBJ/FlowerHorn.mtl,Cute Fish Pack - Feb 2020-20260825T021229Z-1-001,,
,72653,vegetation,.obj,,,,,FlowerHorn.obj,Cute Fish Pack - Feb 2020-20260825T021229Z-1-001/Cute Fish Pack - Feb 2020/OBJ/FlowerHorn.obj,Cute Fish Pack - Feb 2020-20260825T021229Z-1-001,,
,805,water,.mtl,,,,,GoblinShark.mtl,Cute Fish Pack - Feb 2020-20260825T021229Z-1-001/Cute Fish Pack - Feb 2020/OBJ/GoblinShark.mtl,Cute Fish Pack - Feb 2020-20260825T021229Z-1-001,,
,60336,water,.obj,,,,,GoblinShark.obj,Cute Fish Pack - Feb 2020-20260825T021229Z-1-001/Cute Fish Pack - Feb 2020/OBJ/GoblinShark.obj,Cute Fish Pack - Feb 2020-20260825T021229Z-1-001,,
,978,water,.mtl,,,,,Goldfish.mtl,Cute Fish Pack - Feb 2020-20260825T021229Z-1-001/Cute Fish Pack - Feb 2020/OBJ/Goldfish.mtl,Cute Fish Pack - Feb 2020-20260825T021229Z-1-001,,
,77721,water,.obj,,,,,Goldfish.obj,Cute Fish Pack - Feb 2020-20260825T021229Z-1-001/Cute Fish Pack - Feb 2020/OBJ/Goldfish.obj,Cute Fish Pack - Feb 2020-20260825T021229Z-1-001,,
,792,water,.mtl,,,,,Humphead.mtl,Cute Fish Pack - Feb 2020-20260825T021229Z-1-001/Cute Fish Pack - Feb 2020/OBJ/Humphead.mtl,Cute Fish Pack - Feb 2020-20260825T021229Z-1-001,,
,67642,water,.obj,,,,,Humphead.obj,Cute Fish Pack - Feb 2020-20260825T021229Z-1-001/Cute Fish Pack - Feb 2020/OBJ/Humphead.obj,Cute Fish Pack - Feb 2020-20260825T021229Z-1-001,,
,954,water,.mtl,,,,,Koi.mtl,Cute Fish Pack - Feb 2020-20260825T021229Z-1-001/Cute Fish Pack - Feb 2020/OBJ/Koi.mtl,Cute Fish Pack - Feb 2020-20260825T021229Z-1-001,,
,73347,water,.obj,,,,,Koi.obj,Cute Fish Pack - Feb 2020-20260825T021229Z-1-001/Cute Fish Pack - Feb 2020/OBJ/Koi.obj,Cute Fish Pack - Feb 2020-20260825T021229Z-1-001,,
,793,water,.mtl,,,,,Lionfish.mtl,Cute Fish Pack - Feb 2020-20260825T021229Z-1-001/Cute Fish Pack - Feb 2020/OBJ/Lionfish.mtl,Cute Fish Pack - Feb 2020-20260825T021229Z-1-001,,
,94306,water,.obj,,,,,Lionfish.obj,Cute Fish Pack - Feb 2020-20260825T021229Z-1-001/Cute Fish Pack - Feb 2020/OBJ/Lionfish.obj,Cute Fish Pack - Feb 2020-20260825T021229Z-1-001,,
,594,water,.mtl,,,,,Lure_1.mtl,Cute Fish Pack - Feb 2020-20260825T021229Z-1-001/Cute Fish Pack - Feb 2020/OBJ/Lure_1.mtl,Cute Fish Pack - Feb 2020-20260825T021229Z-1-001,,
,40024,water,.obj,,,,,Lure_1.obj,Cute Fish Pack - Feb 2020-20260825T021229Z-1-001/Cute Fish Pack - Feb 2020/OBJ/Lure_1.obj,Cute Fish Pack - Feb 2020-20260825T021229Z-1-001,,
,774,water,.mtl,,,,,Lure_2.mtl,Cute Fish Pack - Feb 2020-20260825T021229Z-1-001/Cute Fish Pack - Feb 2020/OBJ/Lure_2.mtl,Cute Fish Pack - Feb 2020-20260825T021229Z-1-001,,
,40423,water,.obj,,,,,Lure_2.obj,Cute Fish Pack - Feb 2020-20260825T021229Z-1-001/Cute Fish Pack - Feb 2020/OBJ/Lure_2.obj,Cute Fish Pack - Feb 2020-20260825T021229Z-1-001,,
,593,water,.mtl,,,,,Lure_3.mtl,Cute Fish Pack - Feb 2020-20260825T021229Z-1-001/Cute Fish Pack - Feb 2020/OBJ/Lure_3.mtl,Cute Fish Pack - Feb 2020-20260825T021229Z-1-001,,
,39708,water,.obj,,,,,Lure_3.obj,Cute Fish Pack - Feb 2020-20260825T021229Z-1-001/Cute Fish Pack - Feb 2020/OBJ/Lure_3.obj,Cute Fish Pack - Feb 2020-20260825T021229Z-1-001,,
,1141,water,.mtl,,,,,Lure_4.mtl,Cute Fish Pack - Feb 2020-20260825T021229Z-1-001/Cute Fish Pack - Feb 2020/OBJ/Lure_4.mtl,Cute Fish Pack - Feb 2020-20260825T021229Z-1-001,,
,39761,water,.obj,,,,,Lure_4.obj,Cute Fish Pack - Feb 2020-20260825T021229Z-1-001/Cute Fish Pack - Feb 2020/OBJ/Lure_4.obj,Cute Fish Pack - Feb 2020-20260825T021229Z-1-001,,
,777,water,.mtl,,,,,Lure_5.mtl,Cute Fish Pack - Feb 2020-20260825T021229Z-1-001/Cute Fish Pack - Feb 2020/OBJ/Lure_5.mtl,Cute Fish Pack - Feb 2020-20260825T021229Z-1-001,,
,40745,water,.obj,,,,,Lure_5.obj,Cute Fish Pack - Feb 2020-20260825T021229Z-1-001/Cute Fish Pack - Feb 2020/OBJ/Lure_5.obj,Cute Fish Pack - Feb 2020-20260825T021229Z-1-001,,
,1140,water,.mtl,,,,,Lure_6.mtl,Cute Fish Pack - Feb 2020-20260825T021229Z-1-001/Cute Fish Pack - Feb 2020/OBJ/Lure_6.mtl,Cute Fish Pack - Feb 2020-20260825T021229Z-1-001,,
,40079,water,.obj,,,,,Lure_6.obj,Cute Fish Pack - Feb 2020-20260825T021229Z-1-001/Cute Fish Pack - Feb 2020/OBJ/Lure_6.obj,Cute Fish Pack - Feb 2020-20260825T021229Z-1-001,,
,809,water,.mtl,,,,,MandarinFish.mtl,Cute Fish Pack - Feb 2020-20260825T021229Z-1-001/Cute Fish Pack - Feb 2020/OBJ/MandarinFish.mtl,Cute Fish Pack - Feb 2020-20260825T021229Z-1-001,,
,66136,water,.obj,,,,,MandarinFish.obj,Cute Fish Pack - Feb 2020-20260825T021229Z-1-001/Cute Fish Pack - Feb 2020/OBJ/MandarinFish.obj,Cute Fish Pack - Feb 2020-20260825T021229Z-1-001,,
,615,water,.mtl,,,,,MoorishIdol.mtl,Cute Fish Pack - Feb 2020-20260825T021229Z-1-001/Cute Fish Pack - Feb 2020/OBJ/MoorishIdol.mtl,Cute Fish Pack - Feb 2020-20260825T021229Z-1-001,,
,68486,water,.obj,,,,,MoorishIdol.obj,Cute Fish Pack - Feb 2020-20260825T021229Z-1-001/Cute Fish Pack - Feb 2020/OBJ/MoorishIdol.obj,Cute Fish Pack - Feb 2020-20260825T021229Z-1-001,,
,990,water,.mtl,,,,,ParrotFish.mtl,Cute Fish Pack - Feb 2020-20260825T021229Z-1-001/Cute Fish Pack - Feb 2020/OBJ/ParrotFish.mtl,Cute Fish Pack - Feb 2020-20260825T021229Z-1-001,,
,65419,water,.obj,,,,,ParrotFish.obj,Cute Fish Pack - Feb 2020-20260825T021229Z-1-001/Cute Fish Pack - Feb 2020/OBJ/ParrotFish.obj,Cute Fish Pack - Feb 2020-20260825T021229Z-1-001,,
,975,water,.mtl,,,,,Piranha.mtl,Cute Fish Pack - Feb 2020-20260825T021229Z-1-001/Cute Fish Pack - Feb 2020/OBJ/Piranha.mtl,Cute Fish Pack - Feb 2020-20260825T021229Z-1-001,,
,87259,water,.obj,,,,,Piranha.obj,Cute Fish Pack - Feb 2020-20260825T021229Z-1-001/Cute Fish Pack - Feb 2020/OBJ/Piranha.obj,Cute Fish Pack - Feb 2020-20260825T021229Z-1-001,,
,797,water,.mtl,,,,,Puffer.mtl,Cute Fish Pack - Feb 2020-20260825T021229Z-1-001/Cute Fish Pack - Feb 2020/OBJ/Puffer.mtl,Cute Fish Pack - Feb 2020-20260825T021229Z-1-001,,
,109187,water,.obj,,,,,Puffer.obj,Cute Fish Pack - Feb 2020-20260825T021229Z-1-001/Cute Fish Pack - Feb 2020/OBJ/Puffer.obj,Cute Fish Pack - Feb 2020-20260825T021229Z-1-001,,
,801,water,.mtl,,,,,RedSnapper.mtl,Cute Fish Pack - Feb 2020-20260825T021229Z-1-001/Cute Fish Pack - Feb 2020/OBJ/RedSnapper.mtl,Cute Fish Pack - Feb 2020-20260825T021229Z-1-001,,
,68814,water,.obj,,,,,RedSnapper.obj,Cute Fish Pack - Feb 2020-20260825T021229Z-1-001/Cute Fish Pack - Feb 2020/OBJ/RedSnapper.obj,Cute Fish Pack - Feb 2020-20260825T021229Z-1-001,,
,805,water,.mtl,,,,,RoyalGramma.mtl,Cute Fish Pack - Feb 2020-20260825T021229Z-1-001/Cute Fish Pack - Feb 2020/OBJ/RoyalGramma.mtl,Cute Fish Pack - Feb 2020-20260825T021229Z-1-001,,
,66717,water,.obj,,,,,RoyalGramma.obj,Cute Fish Pack - Feb 2020-20260825T021229Z-1-001/Cute Fish Pack - Feb 2020/OBJ/RoyalGramma.obj,Cute Fish Pack - Feb 2020-20260825T021229Z-1-001,,
,781,water,.mtl,,,,,Shark.mtl,Cute Fish Pack - Feb 2020-20260825T021229Z-1-001/Cute Fish Pack - Feb 2020/OBJ/Shark.mtl,Cute Fish Pack - Feb 2020-20260825T021229Z-1-001,,
,63574,water,.obj,,,,,Shark.obj,Cute Fish Pack - Feb 2020-20260825T021229Z-1-001/Cute Fish Pack - Feb 2020/OBJ/Shark.obj,Cute Fish Pack - Feb 2020-20260825T021229Z-1-001,,
,603,water,.mtl,,,,,Sunfish.mtl,Cute Fish Pack - Feb 2020-20260825T021229Z-1-001/Cute Fish Pack - Feb 2020/OBJ/Sunfish.mtl,Cute Fish Pack - Feb 2020-20260825T021229Z-1-001,,
,67822,water,.obj,,,,,Sunfish.obj,Cute Fish Pack - Feb 2020-20260825T021229Z-1-001/Cute Fish Pack - Feb 2020/OBJ/Sunfish.obj,Cute Fish Pack - Feb 2020-20260825T021229Z-1-001,,
,797,water,.mtl,,,,,Swordfish.mtl,Cute Fish Pack - Feb 2020-20260825T021229Z-1-001/Cute Fish Pack - Feb 2020/OBJ/Swordfish.mtl,Cute Fish Pack - Feb 2020-20260825T021229Z-1-001,,
,66694,water,.obj,,,,,Swordfish.obj,Cute Fish Pack - Feb 2020-20260825T021229Z-1-001/Cute Fish Pack - Feb 2020/OBJ/Swordfish.obj,Cute Fish Pack - Feb 2020-20260825T021229Z-1-001,,
,961,water,.mtl,,,,,Tang.mtl,Cute Fish Pack - Feb 2020-20260825T021229Z-1-001/Cute Fish Pack - Feb 2020/OBJ/Tang.mtl,Cute Fish Pack - Feb 2020-20260825T021229Z-1-001,,
,72410,water,.obj,,,,,Tang.obj,Cute Fish Pack - Feb 2020-20260825T021229Z-1-001/Cute Fish Pack - Feb 2020/OBJ/Tang.obj,Cute Fish Pack - Feb 2020-20260825T021229Z-1-001,,
,781,water,.mtl,,,,,Tetra.mtl,Cute Fish Pack - Feb 2020-20260825T021229Z-1-001/Cute Fish Pack - Feb 2020/OBJ/Tetra.mtl,Cute Fish Pack - Feb 2020-20260825T021229Z-1-001,,
,66311,water,.obj,,,,,Tetra.obj,Cute Fish Pack - Feb 2020-20260825T021229Z-1-001/Cute Fish Pack - Feb 2020/OBJ/Tetra.obj,Cute Fish Pack - Feb 2020-20260825T021229Z-1-001,,
,957,water,.mtl,,,,,Tuna.mtl,Cute Fish Pack - Feb 2020-20260825T021229Z-1-001/Cute Fish Pack - Feb 2020/OBJ/Tuna.mtl,Cute Fish Pack - Feb 2020-20260825T021229Z-1-001,,
,68395,water,.obj,,,,,Tuna.obj,Cute Fish Pack - Feb 2020-20260825T021229Z-1-001/Cute Fish Pack - Feb 2020/OBJ/Tuna.obj,Cute Fish Pack - Feb 2020-20260825T021229Z-1-001,,
,785,water,.mtl,,,,,Turbot.mtl,Cute Fish Pack - Feb 2020-20260825T021229Z-1-001/Cute Fish Pack - Feb 2020/OBJ/Turbot.mtl,Cute Fish Pack - Feb 2020-20260825T021229Z-1-001,,
,80761,water,.obj,,,,,Turbot.obj,Cute Fish Pack - Feb 2020-20260825T021229Z-1-001/Cute Fish Pack - Feb 2020/OBJ/Turbot.obj,Cute Fish Pack - Feb 2020-20260825T021229Z-1-001,,
,408,water,.mtl,,,,,Worm.mtl,Cute Fish Pack - Feb 2020-20260825T021229Z-1-001/Cute Fish Pack - Feb 2020/OBJ/Worm.mtl,Cute Fish Pack - Feb 2020-20260825T021229Z-1-001,,
,10985,water,.obj,,,,,Worm.obj,Cute Fish Pack - Feb 2020-20260825T021229Z-1-001/Cute Fish Pack - Feb 2020/OBJ/Worm.obj,Cute Fish Pack - Feb 2020-20260825T021229Z-1-001,,
,612,water,.mtl,,,,,YellowTang.mtl,Cute Fish Pack - Feb 2020-20260825T021229Z-1-001/Cute Fish Pack - Feb 2020/OBJ/YellowTang.mtl,Cute Fish Pack - Feb 2020-20260825T021229Z-1-001,,
,64591,water,.obj,,,,,YellowTang.obj,Cute Fish Pack - Feb 2020-20260825T021229Z-1-001/Cute Fish Pack - Feb 2020/OBJ/YellowTang.obj,Cute Fish Pack - Feb 2020-20260825T021229Z-1-001,,
,625,water,.mtl,,,,,ZebraClownFish.mtl,Cute Fish Pack - Feb 2020-20260825T021229Z-1-001/Cute Fish Pack - Feb 2020/OBJ/ZebraClownFish.mtl,Cute Fish Pack - Feb 2020-20260825T021229Z-1-001,,
,74168,water,.obj,,,,,ZebraClownFish.obj,Cute Fish Pack - Feb 2020-20260825T021229Z-1-001/Cute Fish Pack - Feb 2020/OBJ/ZebraClownFish.obj,Cute Fish Pack - Feb 2020-20260825T021229Z-1-001,,
False,177181,water,.jpg,1,False,1080,RGB,Preview.jpg,Cute Fish Pack - Feb 2020-20260825T021229Z-1-001/Cute Fish Pack - Feb 2020/Preview.jpg,Cute Fish Pack - Feb 2020-20260825T021229Z-1-001,False,1920
,154,uncategorized,.url,,,,,Instructions.url,fantasyTown_0.1/Instructions.url,fantasyTown_0.1,,
,45,uncategorized,.url,,,,,Kenney.url,fantasyTown_0.1/Kenney.url,fantasyTown_0.1,,
,613,uncategorized,.txt,,,,,License.txt,fantasyTown_0.1/License.txt,fantasyTown_0.1,,
,19169,props,.dae,,,,,bannerGreen.dae,fantasyTown_0.1/Models/DAE format/bannerGreen.dae,fantasyTown_0.1,,
,18747,props,.dae,,,,,bannerRed.dae,fantasyTown_0.1/Models/DAE format/bannerRed.dae,fantasyTown_0.1,,
,42111,uncategorized,.dae,,,,,blade.dae,fantasyTown_0.1/Models/DAE format/blade.dae,fantasyTown_0.1,,
,115430,props,.dae,,,,,cart.dae,fantasyTown_0.1/Models/DAE format/cart.dae,fantasyTown_0.1,,
,177770,props,.dae,,,,,cartHigh.dae,fantasyTown_0.1/Models/DAE format/cartHigh.dae,fantasyTown_0.1,,
,12718,uncategorized,.dae,,,,,chimney.dae,fantasyTown_0.1/Models/DAE format/chimney.dae,fantasyTown_0.1,,
,17608,uncategorized,.dae,,,,,chimneyBase.dae,fantasyTown_0.1/Models/DAE format/chimneyBase.dae,fantasyTown_0.1,,
,21446,uncategorized,.dae,,,,,chimneyTop.dae,fantasyTown_0.1/Models/DAE format/chimneyTop.dae,fantasyTown_0.1,,
,16240,uncategorized,.dae,,,,,fence.dae,fantasyTown_0.1/Models/DAE format/fence.dae,fantasyTown_0.1,,
,25775,uncategorized,.dae,,,,,fenceBroken.dae,fantasyTown_0.1/Models/DAE format/fenceBroken.dae,fantasyTown_0.1,,
,51230,uncategorized,.dae,,,,,fenceCurved.dae,fantasyTown_0.1/Models/DAE format/fenceCurved.dae,fantasyTown_0.1,,
,68086,architecture,.dae,,,,,fenceGate.dae,fantasyTown_0.1/Models/DAE format/fenceGate.dae,fantasyTown_0.1,,
,6812,uncategorized,.dae,,,,,fountainCenter.dae,fantasyTown_0.1/Models/DAE format/fountainCenter.dae,fantasyTown_0.1,,
,17162,uncategorized,.dae,,,,,fountainCorner.dae,fantasyTown_0.1/Models/DAE format/fountainCorner.dae,fantasyTown_0.1,,
,33432,uncategorized,.dae,,,,,fountainCornerInner.dae,fantasyTown_0.1/Models/DAE format/fountainCornerInner.dae,fantasyTown_0.1,,
,14791,uncategorized,.dae,,,,,fountainCornerInnerSquare.dae,fantasyTown_0.1/Models/DAE format/fountainCornerInnerSquare.dae,fantasyTown_0.1,,
,48784,uncategorized,.dae,,,,,fountainCurved.dae,fantasyTown_0.1/Models/DAE format/fountainCurved.dae,fantasyTown_0.1,,
,13292,uncategorized,.dae,,,,,fountainEdge.dae,fantasyTown_0.1/Models/DAE format/fountainEdge.dae,fantasyTown_0.1,,
,165497,uncategorized,.dae,,,,,fountainRound.dae,fantasyTown_0.1/Models/DAE format/fountainRound.dae,fantasyTown_0.1,,
,292339,uncategorized,.dae,,,,,fountainRoundDetail.dae,fantasyTown_0.1/Models/DAE format/fountainRoundDetail.dae,fantasyTown_0.1,,
,22661,uncategorized,.dae,,,,,fountainSquare.dae,fantasyTown_0.1/Models/DAE format/fountainSquare.dae,fantasyTown_0.1,,
,33957,uncategorized,.dae,,,,,fountainSquareDetail.dae,fantasyTown_0.1/Models/DAE format/fountainSquareDetail.dae,fantasyTown_0.1,,
,11613,uncategorized,.dae,,,,,hedge.dae,fantasyTown_0.1/Models/DAE format/hedge.dae,fantasyTown_0.1,,
,52143,uncategorized,.dae,,,,,hedgeCurved.dae,fantasyTown_0.1/Models/DAE format/hedgeCurved.dae,fantasyTown_0.1,,
,17229,architecture,.dae,,,,,hedgeGate.dae,fantasyTown_0.1/Models/DAE format/hedgeGate.dae,fantasyTown_0.1,,
,35432,uncategorized,.dae,,,,,lantern.dae,fantasyTown_0.1/Models/DAE format/lantern.dae,fantasyTown_0.1,,
,18125,uncategorized,.dae,,,,,overhang.dae,fantasyTown_0.1/Models/DAE format/overhang.dae,fantasyTown_0.1,,
,24321,uncategorized,.dae,,,,,pillarStone.dae,fantasyTown_0.1/Models/DAE format/pillarStone.dae,fantasyTown_0.1,,
,12633,uncategorized,.dae,,,,,pillarWood.dae,fantasyTown_0.1/Models/DAE format/pillarWood.dae,fantasyTown_0.1,,
,38551,uncategorized,.dae,,,,,planks.dae,fantasyTown_0.1/Models/DAE format/planks.dae,fantasyTown_0.1,,
,41716,uncategorized,.dae,,,,,planksOpening.dae,fantasyTown_0.1/Models/DAE format/planksOpening.dae,fantasyTown_0.1,,
,9461,uncategorized,.dae,,,,,poles.dae,fantasyTown_0.1/Models/DAE format/poles.dae,fantasyTown_0.1,,
,13805,uncategorized,.dae,,,,,polesHorizontal.dae,fantasyTown_0.1/Models/DAE format/polesHorizontal.dae,fantasyTown_0.1,,
,6872,uncategorized,.dae,,,,,road.dae,fantasyTown_0.1/Models/DAE format/road.dae,fantasyTown_0.1,,
,49789,uncategorized,.dae,,,,,roadBend.dae,fantasyTown_0.1/Models/DAE format/roadBend.dae,fantasyTown_0.1,,
,28852,uncategorized,.dae,,,,,roadCorner.dae,fantasyTown_0.1/Models/DAE format/roadCorner.dae,fantasyTown_0.1,,
,28055,uncategorized,.dae,,,,,roadCornerInner.dae,fantasyTown_0.1/Models/DAE format/roadCornerInner.dae,fantasyTown_0.1,,
,6880,uncategorized,.dae,,,,,roadCurb.dae,fantasyTown_0.1/Models/DAE format/roadCurb.dae,fantasyTown_0.1,,
,11389,uncategorized,.dae,,,,,roadEdge.dae,fantasyTown_0.1/Models/DAE format/roadEdge.dae,fantasyTown_0.1,,
,11541,uncategorized,.dae,,,,,roadEdgeSlope.dae,fantasyTown_0.1/Models/DAE format/roadEdgeSlope.dae,fantasyTown_0.1,,
,6881,uncategorized,.dae,,,,,roadSlope.dae,fantasyTown_0.1/Models/DAE format/roadSlope.dae,fantasyTown_0.1,,
,22524,terrain,.dae,,,,,rockLarge.dae,fantasyTown_0.1/Models/DAE format/rockLarge.dae,fantasyTown_0.1,,
,14760,terrain,.dae,,,,,rockSmall.dae,fantasyTown_0.1/Models/DAE format/rockSmall.dae,fantasyTown_0.1,,
,18953,terrain,.dae,,,,,rockWide.dae,fantasyTown_0.1/Models/DAE format/rockWide.dae,fantasyTown_0.1,,
,17930,architecture,.dae,,,,,roof.dae,fantasyTown_0.1/Models/DAE format/roof.dae,fantasyTown_0.1,,
,13146,architecture,.dae,,,,,roofCorner.dae,fantasyTown_0.1/Models/DAE format/roofCorner.dae,fantasyTown_0.1,,
,12173,architecture,.dae,,,,,roofCornerInner.dae,fantasyTown_0.1/Models/DAE format/roofCornerInner.dae,fantasyTown_0.1,,
,7992,architecture,.dae,,,,,roofFlat.dae,fantasyTown_0.1/Models/DAE format/roofFlat.dae,fantasyTown_0.1,,
,19445,architecture,.dae,,,,,roofGable.dae,fantasyTown_0.1/Models/DAE format/roofGable.dae,fantasyTown_0.1,,
,28214,architecture,.dae,,,,,roofGableDetail.dae,fantasyTown_0.1/Models/DAE format/roofGableDetail.dae,fantasyTown_0.1,,
,16256,architecture,.dae,,,,,roofGableEnd.dae,fantasyTown_0.1/Models/DAE format/roofGableEnd.dae,fantasyTown_0.1,,
,15745,architecture,.dae,,,,,roofGableTop.dae,fantasyTown_0.1/Models/DAE format/roofGableTop.dae,fantasyTown_0.1,,
,17941,architecture,.dae,,,,,roofHigh.dae,fantasyTown_0.1/Models/DAE format/roofHigh.dae,fantasyTown_0.1,,
,13175,architecture,.dae,,,,,roofHighCorner.dae,fantasyTown_0.1/Models/DAE format/roofHighCorner.dae,fantasyTown_0.1,,
,12195,architecture,.dae,,,,,roofHighCornerInner.dae,fantasyTown_0.1/Models/DAE format/roofHighCornerInner.dae,fantasyTown_0.1,,
,8008,architecture,.dae,,,,,roofHighFlat.dae,fantasyTown_0.1/Models/DAE format/roofHighFlat.dae,fantasyTown_0.1,,
,19169,architecture,.dae,,,,,roofHighGable.dae,fantasyTown_0.1/Models/DAE format/roofHighGable.dae,fantasyTown_0.1,,
,29223,architecture,.dae,,,,,roofHighGableDetail.dae,fantasyTown_0.1/Models/DAE format/roofHighGableDetail.dae,fantasyTown_0.1,,
,16625,architecture,.dae,,,,,roofHighGableEnd.dae,fantasyTown_0.1/Models/DAE format/roofHighGableEnd.dae,fantasyTown_0.1,,
,15724,architecture,.dae,,,,,roofHighGableTop.dae,fantasyTown_0.1/Models/DAE format/roofHighGableTop.dae,fantasyTown_0.1,,
,20873,architecture,.dae,,,,,roofHighLeft.dae,fantasyTown_0.1/Models/DAE format/roofHighLeft.dae,fantasyTown_0.1,,
,13186,architecture,.dae,,,,,roofHighPoint.dae,fantasyTown_0.1/Models/DAE format/roofHighPoint.dae,fantasyTown_0.1,,
,20887,architecture,.dae,,,,,roofHighRight.dae,fantasyTown_0.1/Models/DAE format/roofHighRight.dae,fantasyTown_0.1,,
,43356,architecture,.dae,,,,,roofHighWindow.dae,fantasyTown_0.1/Models/DAE format/roofHighWindow.dae,fantasyTown_0.1,,
,21042,architecture,.dae,,,,,roofLeft.dae,fantasyTown_0.1/Models/DAE format/roofLeft.dae,fantasyTown_0.1,,
,13256,architecture,.dae,,,,,roofPoint.dae,fantasyTown_0.1/Models/DAE format/roofPoint.dae,fantasyTown_0.1,,
,21085,architecture,.dae,,,,,roofRight.dae,fantasyTown_0.1/Models/DAE format/roofRight.dae,fantasyTown_0.1,,
,35130,architecture,.dae,,,,,roofWindow.dae,fantasyTown_0.1/Models/DAE format/roofWindow.dae,fantasyTown_0.1,,
,24899,uncategorized,.dae,,,,,stairsStone.dae,fantasyTown_0.1/Models/DAE format/stairsStone.dae,fantasyTown_0.1,,
,27791,uncategorized,.dae,,,,,stairsStoneCorner.dae,fantasyTown_0.1/Models/DAE format/stairsStoneCorner.dae,fantasyTown_0.1,,
,47647,uncategorized,.dae,,,,,stairsStoneHandrail.dae,fantasyTown_0.1/Models/DAE format/stairsStoneHandrail.dae,fantasyTown_0.1,,
,34527,uncategorized,.dae,,,,,stairsStoneRound.dae,fantasyTown_0.1/Models/DAE format/stairsStoneRound.dae,fantasyTown_0.1,,
,65218,uncategorized,.dae,,,,,stairsWood.dae,fantasyTown_0.1/Models/DAE format/stairsWood.dae,fantasyTown_0.1,,
,88572,uncategorized,.dae,,,,,stairsWoodHandrail.dae,fantasyTown_0.1/Models/DAE format/stairsWoodHandrail.dae,fantasyTown_0.1,,
,26753,uncategorized,.dae,,,,,stall.dae,fantasyTown_0.1/Models/DAE format/stall.dae,fantasyTown_0.1,,
,26692,uncategorized,.dae,,,,,stallBench.dae,fantasyTown_0.1/Models/DAE format/stallBench.dae,fantasyTown_0.1,,
,112865,uncategorized,.dae,,,,,stallGreen.dae,fantasyTown_0.1/Models/DAE format/stallGreen.dae,fantasyTown_0.1,,
,114440,uncategorized,.dae,,,,,stallRed.dae,fantasyTown_0.1/Models/DAE format/stallRed.dae,fantasyTown_0.1,,
,26540,uncategorized,.dae,,,,,stallStool.dae,fantasyTown_0.1/Models/DAE format/stallStool.dae,fantasyTown_0.1,,
,38476,vegetation,.dae,,,,,tree.dae,fantasyTown_0.1/Models/DAE format/tree.dae,fantasyTown_0.1,,
,41052,vegetation,.dae,,,,,treeCrooked.dae,fantasyTown_0.1/Models/DAE format/treeCrooked.dae,fantasyTown_0.1,,
,43285,vegetation,.dae,,,,,treeHigh.dae,fantasyTown_0.1/Models/DAE format/treeHigh.dae,fantasyTown_0.1,,
,45766,vegetation,.dae,,,,,treeHighCrooked.dae,fantasyTown_0.1/Models/DAE format/treeHighCrooked.dae,fantasyTown_0.1,,
,27733,vegetation,.dae,,,,,treeHighRound.dae,fantasyTown_0.1/Models/DAE format/treeHighRound.dae,fantasyTown_0.1,,
,12748,architecture,.dae,,,,,wall.dae,fantasyTown_0.1/Models/DAE format/wall.dae,fantasyTown_0.1,,
,14031,architecture,.dae,,,,,wallArch.dae,fantasyTown_0.1/Models/DAE format/wallArch.dae,fantasyTown_0.1,,
,35241,architecture,.dae,,,,,wallArchTop.dae,fantasyTown_0.1/Models/DAE format/wallArchTop.dae,fantasyTown_0.1,,
,44041,architecture,.dae,,,,,wallArchTopDetail.dae,fantasyTown_0.1/Models/DAE format/wallArchTopDetail.dae,fantasyTown_0.1,,
,19226,architecture,.dae,,,,,wallBlock.dae,fantasyTown_0.1/Models/DAE format/wallBlock.dae,fantasyTown_0.1,,
,19230,architecture,.dae,,,,,wallBlockHalf.dae,fantasyTown_0.1/Models/DAE format/wallBlockHalf.dae,fantasyTown_0.1,,
,32999,architecture,.dae,,,,,wallBroken.dae,fantasyTown_0.1/Models/DAE format/wallBroken.dae,fantasyTown_0.1,,
,17326,architecture,.dae,,,,,wallCorner.dae,fantasyTown_0.1/Models/DAE format/wallCorner.dae,fantasyTown_0.1,,
,30902,architecture,.dae,,,,,wallCornerDetail.dae,fantasyTown_0.1/Models/DAE format/wallCornerDetail.dae,fantasyTown_0.1,,
,14944,architecture,.dae,,,,,wallCornerDiagonal.dae,fantasyTown_0.1/Models/DAE format/wallCornerDiagonal.dae,fantasyTown_0.1,,
,13851,architecture,.dae,,,,,wallCornerEdge.dae,fantasyTown_0.1/Models/DAE format/wallCornerEdge.dae,fantasyTown_0.1,,
,25671,architecture,.dae,,,,,wallCurved.dae,fantasyTown_0.1/Models/DAE format/wallCurved.dae,fantasyTown_0.1,,
,27070,architecture,.dae,,,,,wallDetailCross.dae,fantasyTown_0.1/Models/DAE format/wallDetailCross.dae,fantasyTown_0.1,,
,17379,architecture,.dae,,,,,wallDetailDiagonal.dae,fantasyTown_0.1/Models/DAE format/wallDetailDiagonal.dae,fantasyTown_0.1,,
,19772,architecture,.dae,,,,,wallDetailHorizontal.dae,fantasyTown_0.1/Models/DAE format/wallDetailHorizontal.dae,fantasyTown_0.1,,
,11604,architecture,.dae,,,,,wallDiagonal.dae,fantasyTown_0.1/Models/DAE format/wallDiagonal.dae,fantasyTown_0.1,,
,63554,architecture,.dae,,,,,wallDoor.dae,fantasyTown_0.1/Models/DAE format/wallDoor.dae,fantasyTown_0.1,,
,22067,architecture,.dae,,,,,wallDoorwayBase.dae,fantasyTown_0.1/Models/DAE format/wallDoorwayBase.dae,fantasyTown_0.1,,
,62639,architecture,.dae,,,,,wallDoorwayRound.dae,fantasyTown_0.1/Models/DAE format/wallDoorwayRound.dae,fantasyTown_0.1,,
,19745,architecture,.dae,,,,,wallDoorwaySquare.dae,fantasyTown_0.1/Models/DAE format/wallDoorwaySquare.dae,fantasyTown_0.1,,
,16400,architecture,.dae,,,,,wallDoorwaySquareWide.dae,fantasyTown_0.1/Models/DAE format/wallDoorwaySquareWide.dae,fantasyTown_0.1,,
,38053,architecture,.dae,,,,,wallDoorwaySquareWideCurved.dae,fantasyTown_0.1/Models/DAE format/wallDoorwaySquareWideCurved.dae,fantasyTown_0.1,,
,12716,architecture,.dae,,,,,wallHalf.dae,fantasyTown_0.1/Models/DAE format/wallHalf.dae,fantasyTown_0.1,,
,27792,architecture,.dae,,,,,wallRounded.dae,fantasyTown_0.1/Models/DAE format/wallRounded.dae,fantasyTown_0.1,,
,10462,architecture,.dae,,,,,wallSide.dae,fantasyTown_0.1/Models/DAE format/wallSide.dae,fantasyTown_0.1,,
,13066,architecture,.dae,,,,,wallSlope.dae,fantasyTown_0.1/Models/DAE format/wallSlope.dae,fantasyTown_0.1,,
,33454,architecture,.dae,,,,,wallWindowGlass.dae,fantasyTown_0.1/Models/DAE format/wallWindowGlass.dae,fantasyTown_0.1,,
,44603,architecture,.dae,,,,,wallWindowRound.dae,fantasyTown_0.1/Models/DAE format/wallWindowRound.dae,fantasyTown_0.1,,
,53292,architecture,.dae,,,,,wallWindowShutters.dae,fantasyTown_0.1/Models/DAE format/wallWindowShutters.dae,fantasyTown_0.1,,
,21250,architecture,.dae,,,,,wallWindowSmall.dae,fantasyTown_0.1/Models/DAE format/wallWindowSmall.dae,fantasyTown_0.1,,
,40431,architecture,.dae,,,,,wallWindowStone.dae,fantasyTown_0.1/Models/DAE format/wallWindowStone.dae,fantasyTown_0.1,,
,12773,architecture,.dae,,,,,wallWood.dae,fantasyTown_0.1/Models/DAE format/wallWood.dae,fantasyTown_0.1,,
,14053,architecture,.dae,,,,,wallWoodArch.dae,fantasyTown_0.1/Models/DAE format/wallWoodArch.dae,fantasyTown_0.1,,
,35359,architecture,.dae,,,,,wallWoodArchTop.dae,fantasyTown_0.1/Models/DAE format/wallWoodArchTop.dae,fantasyTown_0.1,,
,44204,architecture,.dae,,,,,wallWoodArchTopDetail.dae,fantasyTown_0.1/Models/DAE format/wallWoodArchTopDetail.dae,fantasyTown_0.1,,
,19233,architecture,.dae,,,,,wallWoodBlock.dae,fantasyTown_0.1/Models/DAE format/wallWoodBlock.dae,fantasyTown_0.1,,
,19237,architecture,.dae,,,,,wallWoodBlockHalf.dae,fantasyTown_0.1/Models/DAE format/wallWoodBlockHalf.dae,fantasyTown_0.1,,
,32785,architecture,.dae,,,,,wallWoodBroken.dae,fantasyTown_0.1/Models/DAE format/wallWoodBroken.dae,fantasyTown_0.1,,
,17315,architecture,.dae,,,,,wallWoodCorner.dae,fantasyTown_0.1/Models/DAE format/wallWoodCorner.dae,fantasyTown_0.1,,
,14981,architecture,.dae,,,,,wallWoodCornerDiagonal.dae,fantasyTown_0.1/Models/DAE format/wallWoodCornerDiagonal.dae,fantasyTown_0.1,,
,13828,architecture,.dae,,,,,wallWoodCornerEdge.dae,fantasyTown_0.1/Models/DAE format/wallWoodCornerEdge.dae,fantasyTown_0.1,,
,25636,architecture,.dae,,,,,wallWoodCurved.dae,fantasyTown_0.1/Models/DAE format/wallWoodCurved.dae,fantasyTown_0.1,,
,27011,architecture,.dae,,,,,wallWoodDetailCross.dae,fantasyTown_0.1/Models/DAE format/wallWoodDetailCross.dae,fantasyTown_0.1,,
,18591,architecture,.dae,,,,,wallWoodDetailDiagonal.dae,fantasyTown_0.1/Models/DAE format/wallWoodDetailDiagonal.dae,fantasyTown_0.1,,
,19800,architecture,.dae,,,,,wallWoodDetailHorizontal.dae,fantasyTown_0.1/Models/DAE format/wallWoodDetailHorizontal.dae,fantasyTown_0.1,,
,11611,architecture,.dae,,,,,wallWoodDiagonal.dae,fantasyTown_0.1/Models/DAE format/wallWoodDiagonal.dae,fantasyTown_0.1,,
,74249,architecture,.dae,,,,,wallWoodDoor.dae,fantasyTown_0.1/Models/DAE format/wallWoodDoor.dae,fantasyTown_0.1,,
,22046,architecture,.dae,,,,,wallWoodDoorwayBase.dae,fantasyTown_0.1/Models/DAE format/wallWoodDoorwayBase.dae,fantasyTown_0.1,,
,62766,architecture,.dae,,,,,wallWoodDoorwayRound.dae,fantasyTown_0.1/Models/DAE format/wallWoodDoorwayRound.dae,fantasyTown_0.1,,
,22250,architecture,.dae,,,,,wallWoodDoorwaySquare.dae,fantasyTown_0.1/Models/DAE format/wallWoodDoorwaySquare.dae,fantasyTown_0.1,,
,16428,architecture,.dae,,,,,wallWoodDoorwaySquareWide.dae,fantasyTown_0.1/Models/DAE format/wallWoodDoorwaySquareWide.dae,fantasyTown_0.1,,
,38129,architecture,.dae,,,,,wallWoodDoorwaySquareWideCurved.dae,fantasyTown_0.1/Models/DAE format/wallWoodDoorwaySquareWideCurved.dae,fantasyTown_0.1,,
,12777,architecture,.dae,,,,,wallWoodHalf.dae,fantasyTown_0.1/Models/DAE format/wallWoodHalf.dae,fantasyTown_0.1,,
,27988,architecture,.dae,,,,,wallWoodRounded.dae,fantasyTown_0.1/Models/DAE format/wallWoodRounded.dae,fantasyTown_0.1,,
,10469,architecture,.dae,,,,,wallWoodSide.dae,fantasyTown_0.1/Models/DAE format/wallWoodSide.dae,fantasyTown_0.1,,
,20450,architecture,.dae,,,,,wallWoodSlope.dae,fantasyTown_0.1/Models/DAE format/wallWoodSlope.dae,fantasyTown_0.1,,
,28432,architecture,.dae,,,,,wallWoodWindowGlass.dae,fantasyTown_0.1/Models/DAE format/wallWoodWindowGlass.dae,fantasyTown_0.1,,
,46774,architecture,.dae,,,,,wallWoodWindowRound.dae,fantasyTown_0.1/Models/DAE format/wallWoodWindowRound.dae,fantasyTown_0.1,,
,28373,architecture,.dae,,,,,wallWoodWindowShutters.dae,fantasyTown_0.1/Models/DAE format/wallWoodWindowShutters.dae,fantasyTown_0.1,,
,25975,architecture,.dae,,,,,wallWoodWindowSmall.dae,fantasyTown_0.1/Models/DAE format/wallWoodWindowSmall.dae,fantasyTown_0.1,,
,48130,architecture,.dae,,,,,wallWoodWindowStone.dae,fantasyTown_0.1/Models/DAE format/wallWoodWindowStone.dae,fantasyTown_0.1,,
,91317,water,.dae,,,,,watermill.dae,fantasyTown_0.1/Models/DAE format/watermill.dae,fantasyTown_0.1,,
,40882,uncategorized,.dae,,,,,wheel.dae,fantasyTown_0.1/Models/DAE format/wheel.dae,fantasyTown_0.1,,
,154348,uncategorized,.dae,,,,,windmill.dae,fantasyTown_0.1/Models/DAE format/windmill.dae,fantasyTown_0.1,,
,20636,props,.fbx,,,,,bannerGreen.fbx,fantasyTown_0.1/Models/FBX format/bannerGreen.fbx,fantasyTown_0.1,,
,20338,props,.fbx,,,,,bannerRed.fbx,fantasyTown_0.1/Models/FBX format/bannerRed.fbx,fantasyTown_0.1,,
,38436,uncategorized,.fbx,,,,,blade.fbx,fantasyTown_0.1/Models/FBX format/blade.fbx,fantasyTown_0.1,,
,110331,props,.fbx,,,,,cart.fbx,fantasyTown_0.1/Models/FBX format/cart.fbx,fantasyTown_0.1,,
,169538,props,.fbx,,,,,cartHigh.fbx,fantasyTown_0.1/Models/FBX format/cartHigh.fbx,fantasyTown_0.1,,
,15543,uncategorized,.fbx,,,,,chimney.fbx,fantasyTown_0.1/Models/FBX format/chimney.fbx,fantasyTown_0.1,,
,19231,uncategorized,.fbx,,,,,chimneyBase.fbx,fantasyTown_0.1/Models/FBX format/chimneyBase.fbx,fantasyTown_0.1,,
,21955,uncategorized,.fbx,,,,,chimneyTop.fbx,fantasyTown_0.1/Models/FBX format/chimneyTop.fbx,fantasyTown_0.1,,
,18291,uncategorized,.fbx,,,,,fence.fbx,fantasyTown_0.1/Models/FBX format/fence.fbx,fantasyTown_0.1,,
,25728,uncategorized,.fbx,,,,,fenceBroken.fbx,fantasyTown_0.1/Models/FBX format/fenceBroken.fbx,fantasyTown_0.1,,
,49843,uncategorized,.fbx,,,,,fenceCurved.fbx,fantasyTown_0.1/Models/FBX format/fenceCurved.fbx,fantasyTown_0.1,,
,62542,architecture,.fbx,,,,,fenceGate.fbx,fantasyTown_0.1/Models/FBX format/fenceGate.fbx,fantasyTown_0.1,,
,11902,uncategorized,.fbx,,,,,fountainCenter.fbx,fantasyTown_0.1/Models/FBX format/fountainCenter.fbx,fantasyTown_0.1,,
,18098,uncategorized,.fbx,,,,,fountainCorner.fbx,fantasyTown_0.1/Models/FBX format/fountainCorner.fbx,fantasyTown_0.1,,
,34678,uncategorized,.fbx,,,,,fountainCornerInner.fbx,fantasyTown_0.1/Models/FBX format/fountainCornerInner.fbx,fantasyTown_0.1,,
,16820,uncategorized,.fbx,,,,,fountainCornerInnerSquare.fbx,fantasyTown_0.1/Models/FBX format/fountainCornerInnerSquare.fbx,fantasyTown_0.1,,
,49096,uncategorized,.fbx,,,,,fountainCurved.fbx,fantasyTown_0.1/Models/FBX format/fountainCurved.fbx,fantasyTown_0.1,,
,15370,uncategorized,.fbx,,,,,fountainEdge.fbx,fantasyTown_0.1/Models/FBX format/fountainEdge.fbx,fantasyTown_0.1,,
,157269,uncategorized,.fbx,,,,,fountainRound.fbx,fantasyTown_0.1/Models/FBX format/fountainRound.fbx,fantasyTown_0.1,,
,279177,uncategorized,.fbx,,,,,fountainRoundDetail.fbx,fantasyTown_0.1/Models/FBX format/fountainRoundDetail.fbx,fantasyTown_0.1,,
,22275,uncategorized,.fbx,,,,,fountainSquare.fbx,fantasyTown_0.1/Models/FBX format/fountainSquare.fbx,fantasyTown_0.1,,
,30378,uncategorized,.fbx,,,,,fountainSquareDetail.fbx,fantasyTown_0.1/Models/FBX format/fountainSquareDetail.fbx,fantasyTown_0.1,,
,14687,uncategorized,.fbx,,,,,hedge.fbx,fantasyTown_0.1/Models/FBX format/hedge.fbx,fantasyTown_0.1,,
,51231,uncategorized,.fbx,,,,,hedgeCurved.fbx,fantasyTown_0.1/Models/FBX format/hedgeCurved.fbx,fantasyTown_0.1,,
,18246,architecture,.fbx,,,,,hedgeGate.fbx,fantasyTown_0.1/Models/FBX format/hedgeGate.fbx,fantasyTown_0.1,,
,35876,uncategorized,.fbx,,,,,lantern.fbx,fantasyTown_0.1/Models/FBX format/lantern.fbx,fantasyTown_0.1,,
,18979,uncategorized,.fbx,,,,,overhang.fbx,fantasyTown_0.1/Models/FBX format/overhang.fbx,fantasyTown_0.1,,
,24636,uncategorized,.fbx,,,,,pillarStone.fbx,fantasyTown_0.1/Models/FBX format/pillarStone.fbx,fantasyTown_0.1,,
,15981,uncategorized,.fbx,,,,,pillarWood.fbx,fantasyTown_0.1/Models/FBX format/pillarWood.fbx,fantasyTown_0.1,,
,34026,uncategorized,.fbx,,,,,planks.fbx,fantasyTown_0.1/Models/FBX format/planks.fbx,fantasyTown_0.1,,
,36261,uncategorized,.fbx,,,,,planksOpening.fbx,fantasyTown_0.1/Models/FBX format/planksOpening.fbx,fantasyTown_0.1,,
,13353,uncategorized,.fbx,,,,,poles.fbx,fantasyTown_0.1/Models/FBX format/poles.fbx,fantasyTown_0.1,,
,16241,uncategorized,.fbx,,,,,polesHorizontal.fbx,fantasyTown_0.1/Models/FBX format/polesHorizontal.fbx,fantasyTown_0.1,,
,12005,uncategorized,.fbx,,,,,road.fbx,fantasyTown_0.1/Models/FBX format/road.fbx,fantasyTown_0.1,,
,50084,uncategorized,.fbx,,,,,roadBend.fbx,fantasyTown_0.1/Models/FBX format/roadBend.fbx,fantasyTown_0.1,,
,31581,uncategorized,.fbx,,,,,roadCorner.fbx,fantasyTown_0.1/Models/FBX format/roadCorner.fbx,fantasyTown_0.1,,
,30793,uncategorized,.fbx,,,,,roadCornerInner.fbx,fantasyTown_0.1/Models/FBX format/roadCornerInner.fbx,fantasyTown_0.1,,
,12025,uncategorized,.fbx,,,,,roadCurb.fbx,fantasyTown_0.1/Models/FBX format/roadCurb.fbx,fantasyTown_0.1,,
,14857,uncategorized,.fbx,,,,,roadEdge.fbx,fantasyTown_0.1/Models/FBX format/roadEdge.fbx,fantasyTown_0.1,,
,15369,uncategorized,.fbx,,,,,roadEdgeSlope.fbx,fantasyTown_0.1/Models/FBX format/roadEdgeSlope.fbx,fantasyTown_0.1,,
,12159,uncategorized,.fbx,,,,,roadSlope.fbx,fantasyTown_0.1/Models/FBX format/roadSlope.fbx,fantasyTown_0.1,,
,30148,terrain,.fbx,,,,,rockLarge.fbx,fantasyTown_0.1/Models/FBX format/rockLarge.fbx,fantasyTown_0.1,,
,21668,terrain,.fbx,,,,,rockSmall.fbx,fantasyTown_0.1/Models/FBX format/rockSmall.fbx,fantasyTown_0.1,,
,26228,terrain,.fbx,,,,,rockWide.fbx,fantasyTown_0.1/Models/FBX format/rockWide.fbx,fantasyTown_0.1,,
,18853,architecture,.fbx,,,,,roof.fbx,fantasyTown_0.1/Models/FBX format/roof.fbx,fantasyTown_0.1,,
,16439,architecture,.fbx,,,,,roofCorner.fbx,fantasyTown_0.1/Models/FBX format/roofCorner.fbx,fantasyTown_0.1,,
,15288,architecture,.fbx,,,,,roofCornerInner.fbx,fantasyTown_0.1/Models/FBX format/roofCornerInner.fbx,fantasyTown_0.1,,
,12990,architecture,.fbx,,,,,roofFlat.fbx,fantasyTown_0.1/Models/FBX format/roofFlat.fbx,fantasyTown_0.1,,
,20973,architecture,.fbx,,,,,roofGable.fbx,fantasyTown_0.1/Models/FBX format/roofGable.fbx,fantasyTown_0.1,,
,28288,architecture,.fbx,,,,,roofGableDetail.fbx,fantasyTown_0.1/Models/FBX format/roofGableDetail.fbx,fantasyTown_0.1,,
,18742,architecture,.fbx,,,,,roofGableEnd.fbx,fantasyTown_0.1/Models/FBX format/roofGableEnd.fbx,fantasyTown_0.1,,
,18063,architecture,.fbx,,,,,roofGableTop.fbx,fantasyTown_0.1/Models/FBX format/roofGableTop.fbx,fantasyTown_0.1,,
,18456,architecture,.fbx,,,,,roofHigh.fbx,fantasyTown_0.1/Models/FBX format/roofHigh.fbx,fantasyTown_0.1,,
,16517,architecture,.fbx,,,,,roofHighCorner.fbx,fantasyTown_0.1/Models/FBX format/roofHighCorner.fbx,fantasyTown_0.1,,
,15310,architecture,.fbx,,,,,roofHighCornerInner.fbx,fantasyTown_0.1/Models/FBX format/roofHighCornerInner.fbx,fantasyTown_0.1,,
,13119,architecture,.fbx,,,,,roofHighFlat.fbx,fantasyTown_0.1/Models/FBX format/roofHighFlat.fbx,fantasyTown_0.1,,
,21088,architecture,.fbx,,,,,roofHighGable.fbx,fantasyTown_0.1/Models/FBX format/roofHighGable.fbx,fantasyTown_0.1,,
,29766,architecture,.fbx,,,,,roofHighGableDetail.fbx,fantasyTown_0.1/Models/FBX format/roofHighGableDetail.fbx,fantasyTown_0.1,,
,19154,architecture,.fbx,,,,,roofHighGableEnd.fbx,fantasyTown_0.1/Models/FBX format/roofHighGableEnd.fbx,fantasyTown_0.1,,
,17999,architecture,.fbx,,,,,roofHighGableTop.fbx,fantasyTown_0.1/Models/FBX format/roofHighGableTop.fbx,fantasyTown_0.1,,
,21593,architecture,.fbx,,,,,roofHighLeft.fbx,fantasyTown_0.1/Models/FBX format/roofHighLeft.fbx,fantasyTown_0.1,,
,18249,architecture,.fbx,,,,,roofHighPoint.fbx,fantasyTown_0.1/Models/FBX format/roofHighPoint.fbx,fantasyTown_0.1,,
,21618,architecture,.fbx,,,,,roofHighRight.fbx,fantasyTown_0.1/Models/FBX format/roofHighRight.fbx,fantasyTown_0.1,,
,41236,architecture,.fbx,,,,,roofHighWindow.fbx,fantasyTown_0.1/Models/FBX format/roofHighWindow.fbx,fantasyTown_0.1,,
,21450,architecture,.fbx,,,,,roofLeft.fbx,fantasyTown_0.1/Models/FBX format/roofLeft.fbx,fantasyTown_0.1,,
,18140,architecture,.fbx,,,,,roofPoint.fbx,fantasyTown_0.1/Models/FBX format/roofPoint.fbx,fantasyTown_0.1,,
,21472,architecture,.fbx,,,,,roofRight.fbx,fantasyTown_0.1/Models/FBX format/roofRight.fbx,fantasyTown_0.1,,
,34252,architecture,.fbx,,,,,roofWindow.fbx,fantasyTown_0.1/Models/FBX format/roofWindow.fbx,fantasyTown_0.1,,
,24066,uncategorized,.fbx,,,,,stairsStone.fbx,fantasyTown_0.1/Models/FBX format/stairsStone.fbx,fantasyTown_0.1,,
,26341,uncategorized,.fbx,,,,,stairsStoneCorner.fbx,fantasyTown_0.1/Models/FBX format/stairsStoneCorner.fbx,fantasyTown_0.1,,
,42418,uncategorized,.fbx,,,,,stairsStoneHandrail.fbx,fantasyTown_0.1/Models/FBX format/stairsStoneHandrail.fbx,fantasyTown_0.1,,
,37128,uncategorized,.fbx,,,,,stairsStoneRound.fbx,fantasyTown_0.1/Models/FBX format/stairsStoneRound.fbx,fantasyTown_0.1,,
,54299,uncategorized,.fbx,,,,,stairsWood.fbx,fantasyTown_0.1/Models/FBX format/stairsWood.fbx,fantasyTown_0.1,,
,72807,uncategorized,.fbx,,,,,stairsWoodHandrail.fbx,fantasyTown_0.1/Models/FBX format/stairsWoodHandrail.fbx,fantasyTown_0.1,,
,26331,uncategorized,.fbx,,,,,stall.fbx,fantasyTown_0.1/Models/FBX format/stall.fbx,fantasyTown_0.1,,
,26689,uncategorized,.fbx,,,,,stallBench.fbx,fantasyTown_0.1/Models/FBX format/stallBench.fbx,fantasyTown_0.1,,
,93493,uncategorized,.fbx,,,,,stallGreen.fbx,fantasyTown_0.1/Models/FBX format/stallGreen.fbx,fantasyTown_0.1,,
,92033,uncategorized,.fbx,,,,,stallRed.fbx,fantasyTown_0.1/Models/FBX format/stallRed.fbx,fantasyTown_0.1,,
,26865,uncategorized,.fbx,,,,,stallStool.fbx,fantasyTown_0.1/Models/FBX format/stallStool.fbx,fantasyTown_0.1,,
,46030,vegetation,.fbx,,,,,tree.fbx,fantasyTown_0.1/Models/FBX format/tree.fbx,fantasyTown_0.1,,
,51676,vegetation,.fbx,,,,,treeCrooked.fbx,fantasyTown_0.1/Models/FBX format/treeCrooked.fbx,fantasyTown_0.1,,
,51774,vegetation,.fbx,,,,,treeHigh.fbx,fantasyTown_0.1/Models/FBX format/treeHigh.fbx,fantasyTown_0.1,,
,57207,vegetation,.fbx,,,,,treeHighCrooked.fbx,fantasyTown_0.1/Models/FBX format/treeHighCrooked.fbx,fantasyTown_0.1,,
,35154,vegetation,.fbx,,,,,treeHighRound.fbx,fantasyTown_0.1/Models/FBX format/treeHighRound.fbx,fantasyTown_0.1,,
,14890,architecture,.fbx,,,,,wall.fbx,fantasyTown_0.1/Models/FBX format/wall.fbx,fantasyTown_0.1,,
,15316,architecture,.fbx,,,,,wallArch.fbx,fantasyTown_0.1/Models/FBX format/wallArch.fbx,fantasyTown_0.1,,
,33929,architecture,.fbx,,,,,wallArchTop.fbx,fantasyTown_0.1/Models/FBX format/wallArchTop.fbx,fantasyTown_0.1,,
,42363,architecture,.fbx,,,,,wallArchTopDetail.fbx,fantasyTown_0.1/Models/FBX format/wallArchTopDetail.fbx,fantasyTown_0.1,,
,18298,architecture,.fbx,,,,,wallBlock.fbx,fantasyTown_0.1/Models/FBX format/wallBlock.fbx,fantasyTown_0.1,,
,18471,architecture,.fbx,,,,,wallBlockHalf.fbx,fantasyTown_0.1/Models/FBX format/wallBlockHalf.fbx,fantasyTown_0.1,,
,31538,architecture,.fbx,,,,,wallBroken.fbx,fantasyTown_0.1/Models/FBX format/wallBroken.fbx,fantasyTown_0.1,,
,17541,architecture,.fbx,,,,,wallCorner.fbx,fantasyTown_0.1/Models/FBX format/wallCorner.fbx,fantasyTown_0.1,,
,28215,architecture,.fbx,,,,,wallCornerDetail.fbx,fantasyTown_0.1/Models/FBX format/wallCornerDetail.fbx,fantasyTown_0.1,,
,16900,architecture,.fbx,,,,,wallCornerDiagonal.fbx,fantasyTown_0.1/Models/FBX format/wallCornerDiagonal.fbx,fantasyTown_0.1,,
,16203,architecture,.fbx,,,,,wallCornerEdge.fbx,fantasyTown_0.1/Models/FBX format/wallCornerEdge.fbx,fantasyTown_0.1,,
,26084,architecture,.fbx,,,,,wallCurved.fbx,fantasyTown_0.1/Models/FBX format/wallCurved.fbx,fantasyTown_0.1,,
,27052,architecture,.fbx,,,,,wallDetailCross.fbx,fantasyTown_0.1/Models/FBX format/wallDetailCross.fbx,fantasyTown_0.1,,
,18863,architecture,.fbx,,,,,wallDetailDiagonal.fbx,fantasyTown_0.1/Models/FBX format/wallDetailDiagonal.fbx,fantasyTown_0.1,,
,19441,architecture,.fbx,,,,,wallDetailHorizontal.fbx,fantasyTown_0.1/Models/FBX format/wallDetailHorizontal.fbx,fantasyTown_0.1,,
,14682,architecture,.fbx,,,,,wallDiagonal.fbx,fantasyTown_0.1/Models/FBX format/wallDiagonal.fbx,fantasyTown_0.1,,
,55344,architecture,.fbx,,,,,wallDoor.fbx,fantasyTown_0.1/Models/FBX format/wallDoor.fbx,fantasyTown_0.1,,
,19851,architecture,.fbx,,,,,wallDoorwayBase.fbx,fantasyTown_0.1/Models/FBX format/wallDoorwayBase.fbx,fantasyTown_0.1,,
,56115,architecture,.fbx,,,,,wallDoorwayRound.fbx,fantasyTown_0.1/Models/FBX format/wallDoorwayRound.fbx,fantasyTown_0.1,,
,19162,architecture,.fbx,,,,,wallDoorwaySquare.fbx,fantasyTown_0.1/Models/FBX format/wallDoorwaySquare.fbx,fantasyTown_0.1,,
,17011,architecture,.fbx,,,,,wallDoorwaySquareWide.fbx,fantasyTown_0.1/Models/FBX format/wallDoorwaySquareWide.fbx,fantasyTown_0.1,,
,35300,architecture,.fbx,,,,,wallDoorwaySquareWideCurved.fbx,fantasyTown_0.1/Models/FBX format/wallDoorwaySquareWideCurved.fbx,fantasyTown_0.1,,
,14907,architecture,.fbx,,,,,wallHalf.fbx,fantasyTown_0.1/Models/FBX format/wallHalf.fbx,fantasyTown_0.1,,
,27511,architecture,.fbx,,,,,wallRounded.fbx,fantasyTown_0.1/Models/FBX format/wallRounded.fbx,fantasyTown_0.1,,
,13847,architecture,.fbx,,,,,wallSide.fbx,fantasyTown_0.1/Models/FBX format/wallSide.fbx,fantasyTown_0.1,,
,15174,architecture,.fbx,,,,,wallSlope.fbx,fantasyTown_0.1/Models/FBX format/wallSlope.fbx,fantasyTown_0.1,,
,29408,architecture,.fbx,,,,,wallWindowGlass.fbx,fantasyTown_0.1/Models/FBX format/wallWindowGlass.fbx,fantasyTown_0.1,,
,40919,architecture,.fbx,,,,,wallWindowRound.fbx,fantasyTown_0.1/Models/FBX format/wallWindowRound.fbx,fantasyTown_0.1,,
,44722,architecture,.fbx,,,,,wallWindowShutters.fbx,fantasyTown_0.1/Models/FBX format/wallWindowShutters.fbx,fantasyTown_0.1,,
,20544,architecture,.fbx,,,,,wallWindowSmall.fbx,fantasyTown_0.1/Models/FBX format/wallWindowSmall.fbx,fantasyTown_0.1,,
,32167,architecture,.fbx,,,,,wallWindowStone.fbx,fantasyTown_0.1/Models/FBX format/wallWindowStone.fbx,fantasyTown_0.1,,
,14937,architecture,.fbx,,,,,wallWood.fbx,fantasyTown_0.1/Models/FBX format/wallWood.fbx,fantasyTown_0.1,,
,15363,architecture,.fbx,,,,,wallWoodArch.fbx,fantasyTown_0.1/Models/FBX format/wallWoodArch.fbx,fantasyTown_0.1,,
,34065,architecture,.fbx,,,,,wallWoodArchTop.fbx,fantasyTown_0.1/Models/FBX format/wallWoodArchTop.fbx,fantasyTown_0.1,,
,42504,architecture,.fbx,,,,,wallWoodArchTopDetail.fbx,fantasyTown_0.1/Models/FBX format/wallWoodArchTopDetail.fbx,fantasyTown_0.1,,
,18336,architecture,.fbx,,,,,wallWoodBlock.fbx,fantasyTown_0.1/Models/FBX format/wallWoodBlock.fbx,fantasyTown_0.1,,
,18509,architecture,.fbx,,,,,wallWoodBlockHalf.fbx,fantasyTown_0.1/Models/FBX format/wallWoodBlockHalf.fbx,fantasyTown_0.1,,
,30698,architecture,.fbx,,,,,wallWoodBroken.fbx,fantasyTown_0.1/Models/FBX format/wallWoodBroken.fbx,fantasyTown_0.1,,
,17562,architecture,.fbx,,,,,wallWoodCorner.fbx,fantasyTown_0.1/Models/FBX format/wallWoodCorner.fbx,fantasyTown_0.1,,
,16955,architecture,.fbx,,,,,wallWoodCornerDiagonal.fbx,fantasyTown_0.1/Models/FBX format/wallWoodCornerDiagonal.fbx,fantasyTown_0.1,,
,16216,architecture,.fbx,,,,,wallWoodCornerEdge.fbx,fantasyTown_0.1/Models/FBX format/wallWoodCornerEdge.fbx,fantasyTown_0.1,,
,26090,architecture,.fbx,,,,,wallWoodCurved.fbx,fantasyTown_0.1/Models/FBX format/wallWoodCurved.fbx,fantasyTown_0.1,,
,26738,architecture,.fbx,,,,,wallWoodDetailCross.fbx,fantasyTown_0.1/Models/FBX format/wallWoodDetailCross.fbx,fantasyTown_0.1,,
,19347,architecture,.fbx,,,,,wallWoodDetailDiagonal.fbx,fantasyTown_0.1/Models/FBX format/wallWoodDetailDiagonal.fbx,fantasyTown_0.1,,
,19488,architecture,.fbx,,,,,wallWoodDetailHorizontal.fbx,fantasyTown_0.1/Models/FBX format/wallWoodDetailHorizontal.fbx,fantasyTown_0.1,,
,14738,architecture,.fbx,,,,,wallWoodDiagonal.fbx,fantasyTown_0.1/Models/FBX format/wallWoodDiagonal.fbx,fantasyTown_0.1,,
,64591,architecture,.fbx,,,,,wallWoodDoor.fbx,fantasyTown_0.1/Models/FBX format/wallWoodDoor.fbx,fantasyTown_0.1,,
,19834,architecture,.fbx,,,,,wallWoodDoorwayBase.fbx,fantasyTown_0.1/Models/FBX format/wallWoodDoorwayBase.fbx,fantasyTown_0.1,,
,56237,architecture,.fbx,,,,,wallWoodDoorwayRound.fbx,fantasyTown_0.1/Models/FBX format/wallWoodDoorwayRound.fbx,fantasyTown_0.1,,
,21064,architecture,.fbx,,,,,wallWoodDoorwaySquare.fbx,fantasyTown_0.1/Models/FBX format/wallWoodDoorwaySquare.fbx,fantasyTown_0.1,,
,17066,architecture,.fbx,,,,,wallWoodDoorwaySquareWide.fbx,fantasyTown_0.1/Models/FBX format/wallWoodDoorwaySquareWide.fbx,fantasyTown_0.1,,
,35383,architecture,.fbx,,,,,wallWoodDoorwaySquareWideCurved.fbx,fantasyTown_0.1/Models/FBX format/wallWoodDoorwaySquareWideCurved.fbx,fantasyTown_0.1,,
,14976,architecture,.fbx,,,,,wallWoodHalf.fbx,fantasyTown_0.1/Models/FBX format/wallWoodHalf.fbx,fantasyTown_0.1,,
,27673,architecture,.fbx,,,,,wallWoodRounded.fbx,fantasyTown_0.1/Models/FBX format/wallWoodRounded.fbx,fantasyTown_0.1,,
,13881,architecture,.fbx,,,,,wallWoodSide.fbx,fantasyTown_0.1/Models/FBX format/wallWoodSide.fbx,fantasyTown_0.1,,
,21859,architecture,.fbx,,,,,wallWoodSlope.fbx,fantasyTown_0.1/Models/FBX format/wallWoodSlope.fbx,fantasyTown_0.1,,
,24770,architecture,.fbx,,,,,wallWoodWindowGlass.fbx,fantasyTown_0.1/Models/FBX format/wallWoodWindowGlass.fbx,fantasyTown_0.1,,
,42206,architecture,.fbx,,,,,wallWoodWindowRound.fbx,fantasyTown_0.1/Models/FBX format/wallWoodWindowRound.fbx,fantasyTown_0.1,,
,24705,architecture,.fbx,,,,,wallWoodWindowShutters.fbx,fantasyTown_0.1/Models/FBX format/wallWoodWindowShutters.fbx,fantasyTown_0.1,,
,23822,architecture,.fbx,,,,,wallWoodWindowSmall.fbx,fantasyTown_0.1/Models/FBX format/wallWoodWindowSmall.fbx,fantasyTown_0.1,,
,37382,architecture,.fbx,,,,,wallWoodWindowStone.fbx,fantasyTown_0.1/Models/FBX format/wallWoodWindowStone.fbx,fantasyTown_0.1,,
,96465,water,.fbx,,,,,watermill.fbx,fantasyTown_0.1/Models/FBX format/watermill.fbx,fantasyTown_0.1,,
,53077,uncategorized,.fbx,,,,,wheel.fbx,fantasyTown_0.1/Models/FBX format/wheel.fbx,fantasyTown_0.1,,
,160047,uncategorized,.fbx,,,,,windmill.fbx,fantasyTown_0.1/Models/FBX format/windmill.fbx,fantasyTown_0.1,,
,7376,props,.glb,,,,,bannerGreen.glb,fantasyTown_0.1/Models/GLTF format/bannerGreen.glb,fantasyTown_0.1,,
,7208,props,.glb,,,,,bannerRed.glb,fantasyTown_0.1/Models/GLTF format/bannerRed.glb,fantasyTown_0.1,,
,16764,uncategorized,.glb,,,,,blade.glb,fantasyTown_0.1/Models/GLTF format/blade.glb,fantasyTown_0.1,,
,47136,props,.glb,,,,,cart.glb,fantasyTown_0.1/Models/GLTF format/cart.glb,fantasyTown_0.1,,
,72420,props,.glb,,,,,cartHigh.glb,fantasyTown_0.1/Models/GLTF format/cartHigh.glb,fantasyTown_0.1,,
,4760,uncategorized,.glb,,,,,chimney.glb,fantasyTown_0.1/Models/GLTF format/chimney.glb,fantasyTown_0.1,,
,6824,uncategorized,.glb,,,,,chimneyBase.glb,fantasyTown_0.1/Models/GLTF format/chimneyBase.glb,fantasyTown_0.1,,
,8268,uncategorized,.glb,,,,,chimneyTop.glb,fantasyTown_0.1/Models/GLTF format/chimneyTop.glb,fantasyTown_0.1,,
,6316,uncategorized,.glb,,,,,fence.glb,fantasyTown_0.1/Models/GLTF format/fence.glb,fantasyTown_0.1,,
,10072,uncategorized,.glb,,,,,fenceBroken.glb,fantasyTown_0.1/Models/GLTF format/fenceBroken.glb,fantasyTown_0.1,,
,20264,uncategorized,.glb,,,,,fenceCurved.glb,fantasyTown_0.1/Models/GLTF format/fenceCurved.glb,fantasyTown_0.1,,
,27456,architecture,.glb,,,,,fenceGate.glb,fantasyTown_0.1/Models/GLTF format/fenceGate.glb,fantasyTown_0.1,,
,2228,uncategorized,.glb,,,,,fountainCenter.glb,fantasyTown_0.1/Models/GLTF format/fountainCenter.glb,fantasyTown_0.1,,
,6536,uncategorized,.glb,,,,,fountainCorner.glb,fantasyTown_0.1/Models/GLTF format/fountainCorner.glb,fantasyTown_0.1,,
,13072,uncategorized,.glb,,,,,fountainCornerInner.glb,fantasyTown_0.1/Models/GLTF format/fountainCornerInner.glb,fantasyTown_0.1,,
,5564,uncategorized,.glb,,,,,fountainCornerInnerSquare.glb,fantasyTown_0.1/Models/GLTF format/fountainCornerInnerSquare.glb,fantasyTown_0.1,,
,19244,uncategorized,.glb,,,,,fountainCurved.glb,fantasyTown_0.1/Models/GLTF format/fountainCurved.glb,fantasyTown_0.1,,
,4920,uncategorized,.glb,,,,,fountainEdge.glb,fantasyTown_0.1/Models/GLTF format/fountainEdge.glb,fantasyTown_0.1,,
,64724,uncategorized,.glb,,,,,fountainRound.glb,fantasyTown_0.1/Models/GLTF format/fountainRound.glb,fantasyTown_0.1,,
,112976,uncategorized,.glb,,,,,fountainRoundDetail.glb,fantasyTown_0.1/Models/GLTF format/fountainRoundDetail.glb,fantasyTown_0.1,,
,8724,uncategorized,.glb,,,,,fountainSquare.glb,fantasyTown_0.1/Models/GLTF format/fountainSquare.glb,fantasyTown_0.1,,
,13292,uncategorized,.glb,,,,,fountainSquareDetail.glb,fantasyTown_0.1/Models/GLTF format/fountainSquareDetail.glb,fantasyTown_0.1,,
,4264,uncategorized,.glb,,,,,hedge.glb,fantasyTown_0.1/Models/GLTF format/hedge.glb,fantasyTown_0.1,,
,20720,uncategorized,.glb,,,,,hedgeCurved.glb,fantasyTown_0.1/Models/GLTF format/hedgeCurved.glb,fantasyTown_0.1,,
,6632,architecture,.glb,,,,,hedgeGate.glb,fantasyTown_0.1/Models/GLTF format/hedgeGate.glb,fantasyTown_0.1,,
,13996,uncategorized,.glb,,,,,lantern.glb,fantasyTown_0.1/Models/GLTF format/lantern.glb,fantasyTown_0.1,,
,6992,uncategorized,.glb,,,,,overhang.glb,fantasyTown_0.1/Models/GLTF format/overhang.glb,fantasyTown_0.1,,
,9584,uncategorized,.glb,,,,,pillarStone.glb,fantasyTown_0.1/Models/GLTF format/pillarStone.glb,fantasyTown_0.1,,
,4776,uncategorized,.glb,,,,,pillarWood.glb,fantasyTown_0.1/Models/GLTF format/pillarWood.glb,fantasyTown_0.1,,
,15424,uncategorized,.glb,,,,,planks.glb,fantasyTown_0.1/Models/GLTF format/planks.glb,fantasyTown_0.1,,
,16652,uncategorized,.glb,,,,,planksOpening.glb,fantasyTown_0.1/Models/GLTF format/planksOpening.glb,fantasyTown_0.1,,
,3448,uncategorized,.glb,,,,,poles.glb,fantasyTown_0.1/Models/GLTF format/poles.glb,fantasyTown_0.1,,
,5312,uncategorized,.glb,,,,,polesHorizontal.glb,fantasyTown_0.1/Models/GLTF format/polesHorizontal.glb,fantasyTown_0.1,,
,2356,uncategorized,.glb,,,,,road.glb,fantasyTown_0.1/Models/GLTF format/road.glb,fantasyTown_0.1,,
,19620,uncategorized,.glb,,,,,roadBend.glb,fantasyTown_0.1/Models/GLTF format/roadBend.glb,fantasyTown_0.1,,
,11376,uncategorized,.glb,,,,,roadCorner.glb,fantasyTown_0.1/Models/GLTF format/roadCorner.glb,fantasyTown_0.1,,
,11212,uncategorized,.glb,,,,,roadCornerInner.glb,fantasyTown_0.1/Models/GLTF format/roadCornerInner.glb,fantasyTown_0.1,,
,2368,uncategorized,.glb,,,,,roadCurb.glb,fantasyTown_0.1/Models/GLTF format/roadCurb.glb,fantasyTown_0.1,,
,4204,uncategorized,.glb,,,,,roadEdge.glb,fantasyTown_0.1/Models/GLTF format/roadEdge.glb,fantasyTown_0.1,,
,4284,uncategorized,.glb,,,,,roadEdgeSlope.glb,fantasyTown_0.1/Models/GLTF format/roadEdgeSlope.glb,fantasyTown_0.1,,
,2368,uncategorized,.glb,,,,,roadSlope.glb,fantasyTown_0.1/Models/GLTF format/roadSlope.glb,fantasyTown_0.1,,
,8884,terrain,.glb,,,,,rockLarge.glb,fantasyTown_0.1/Models/GLTF format/rockLarge.glb,fantasyTown_0.1,,
,5764,terrain,.glb,,,,,rockSmall.glb,fantasyTown_0.1/Models/GLTF format/rockSmall.glb,fantasyTown_0.1,,
,7448,terrain,.glb,,,,,rockWide.glb,fantasyTown_0.1/Models/GLTF format/rockWide.glb,fantasyTown_0.1,,
,6756,architecture,.glb,,,,,roof.glb,fantasyTown_0.1/Models/GLTF format/roof.glb,fantasyTown_0.1,,
,4828,architecture,.glb,,,,,roofCorner.glb,fantasyTown_0.1/Models/GLTF format/roofCorner.glb,fantasyTown_0.1,,
,4416,architecture,.glb,,,,,roofCornerInner.glb,fantasyTown_0.1/Models/GLTF format/roofCornerInner.glb,fantasyTown_0.1,,
,2848,architecture,.glb,,,,,roofFlat.glb,fantasyTown_0.1/Models/GLTF format/roofFlat.glb,fantasyTown_0.1,,
,7388,architecture,.glb,,,,,roofGable.glb,fantasyTown_0.1/Models/GLTF format/roofGable.glb,fantasyTown_0.1,,
,10880,architecture,.glb,,,,,roofGableDetail.glb,fantasyTown_0.1/Models/GLTF format/roofGableDetail.glb,fantasyTown_0.1,,
,6040,architecture,.glb,,,,,roofGableEnd.glb,fantasyTown_0.1/Models/GLTF format/roofGableEnd.glb,fantasyTown_0.1,,
,5952,architecture,.glb,,,,,roofGableTop.glb,fantasyTown_0.1/Models/GLTF format/roofGableTop.glb,fantasyTown_0.1,,
,6780,architecture,.glb,,,,,roofHigh.glb,fantasyTown_0.1/Models/GLTF format/roofHigh.glb,fantasyTown_0.1,,
,4848,architecture,.glb,,,,,roofHighCorner.glb,fantasyTown_0.1/Models/GLTF format/roofHighCorner.glb,fantasyTown_0.1,,
,4440,architecture,.glb,,,,,roofHighCornerInner.glb,fantasyTown_0.1/Models/GLTF format/roofHighCornerInner.glb,fantasyTown_0.1,,
,2864,architecture,.glb,,,,,roofHighFlat.glb,fantasyTown_0.1/Models/GLTF format/roofHighFlat.glb,fantasyTown_0.1,,
,7284,architecture,.glb,,,,,roofHighGable.glb,fantasyTown_0.1/Models/GLTF format/roofHighGable.glb,fantasyTown_0.1,,
,11308,architecture,.glb,,,,,roofHighGableDetail.glb,fantasyTown_0.1/Models/GLTF format/roofHighGableDetail.glb,fantasyTown_0.1,,
,6220,architecture,.glb,,,,,roofHighGableEnd.glb,fantasyTown_0.1/Models/GLTF format/roofHighGableEnd.glb,fantasyTown_0.1,,
,5968,architecture,.glb,,,,,roofHighGableTop.glb,fantasyTown_0.1/Models/GLTF format/roofHighGableTop.glb,fantasyTown_0.1,,
,7956,architecture,.glb,,,,,roofHighLeft.glb,fantasyTown_0.1/Models/GLTF format/roofHighLeft.glb,fantasyTown_0.1,,
,4996,architecture,.glb,,,,,roofHighPoint.glb,fantasyTown_0.1/Models/GLTF format/roofHighPoint.glb,fantasyTown_0.1,,
,7960,architecture,.glb,,,,,roofHighRight.glb,fantasyTown_0.1/Models/GLTF format/roofHighRight.glb,fantasyTown_0.1,,
,17100,architecture,.glb,,,,,roofHighWindow.glb,fantasyTown_0.1/Models/GLTF format/roofHighWindow.glb,fantasyTown_0.1,,
,8000,architecture,.glb,,,,,roofLeft.glb,fantasyTown_0.1/Models/GLTF format/roofLeft.glb,fantasyTown_0.1,,
,4980,architecture,.glb,,,,,roofPoint.glb,fantasyTown_0.1/Models/GLTF format/roofPoint.glb,fantasyTown_0.1,,
,8032,architecture,.glb,,,,,roofRight.glb,fantasyTown_0.1/Models/GLTF format/roofRight.glb,fantasyTown_0.1,,
,13640,architecture,.glb,,,,,roofWindow.glb,fantasyTown_0.1/Models/GLTF format/roofWindow.glb,fantasyTown_0.1,,
,9820,uncategorized,.glb,,,,,stairsStone.glb,fantasyTown_0.1/Models/GLTF format/stairsStone.glb,fantasyTown_0.1,,
,10940,uncategorized,.glb,,,,,stairsStoneCorner.glb,fantasyTown_0.1/Models/GLTF format/stairsStoneCorner.glb,fantasyTown_0.1,,
,19260,uncategorized,.glb,,,,,stairsStoneHandrail.glb,fantasyTown_0.1/Models/GLTF format/stairsStoneHandrail.glb,fantasyTown_0.1,,
,13792,uncategorized,.glb,,,,,stairsStoneRound.glb,fantasyTown_0.1/Models/GLTF format/stairsStoneRound.glb,fantasyTown_0.1,,
,26060,uncategorized,.glb,,,,,stairsWood.glb,fantasyTown_0.1/Models/GLTF format/stairsWood.glb,fantasyTown_0.1,,
,35800,uncategorized,.glb,,,,,stairsWoodHandrail.glb,fantasyTown_0.1/Models/GLTF format/stairsWoodHandrail.glb,fantasyTown_0.1,,
,10604,uncategorized,.glb,,,,,stall.glb,fantasyTown_0.1/Models/GLTF format/stall.glb,fantasyTown_0.1,,
,10616,uncategorized,.glb,,,,,stallBench.glb,fantasyTown_0.1/Models/GLTF format/stallBench.glb,fantasyTown_0.1,,
,44704,uncategorized,.glb,,,,,stallGreen.glb,fantasyTown_0.1/Models/GLTF format/stallGreen.glb,fantasyTown_0.1,,
,45416,uncategorized,.glb,,,,,stallRed.glb,fantasyTown_0.1/Models/GLTF format/stallRed.glb,fantasyTown_0.1,,
,10616,uncategorized,.glb,,,,,stallStool.glb,fantasyTown_0.1/Models/GLTF format/stallStool.glb,fantasyTown_0.1,,
,15336,vegetation,.glb,,,,,tree.glb,fantasyTown_0.1/Models/GLTF format/tree.glb,fantasyTown_0.1,,
,16308,vegetation,.glb,,,,,treeCrooked.glb,fantasyTown_0.1/Models/GLTF format/treeCrooked.glb,fantasyTown_0.1,,
,17248,vegetation,.glb,,,,,treeHigh.glb,fantasyTown_0.1/Models/GLTF format/treeHigh.glb,fantasyTown_0.1,,
,18224,vegetation,.glb,,,,,treeHighCrooked.glb,fantasyTown_0.1/Models/GLTF format/treeHighCrooked.glb,fantasyTown_0.1,,
,10968,vegetation,.glb,,,,,treeHighRound.glb,fantasyTown_0.1/Models/GLTF format/treeHighRound.glb,fantasyTown_0.1,,
,4736,architecture,.glb,,,,,wall.glb,fantasyTown_0.1/Models/GLTF format/wall.glb,fantasyTown_0.1,,
,5204,architecture,.glb,,,,,wallArch.glb,fantasyTown_0.1/Models/GLTF format/wallArch.glb,fantasyTown_0.1,,
,13748,architecture,.glb,,,,,wallArchTop.glb,fantasyTown_0.1/Models/GLTF format/wallArchTop.glb,fantasyTown_0.1,,
,17348,architecture,.glb,,,,,wallArchTopDetail.glb,fantasyTown_0.1/Models/GLTF format/wallArchTopDetail.glb,fantasyTown_0.1,,
,7324,architecture,.glb,,,,,wallBlock.glb,fantasyTown_0.1/Models/GLTF format/wallBlock.glb,fantasyTown_0.1,,
,7336,architecture,.glb,,,,,wallBlockHalf.glb,fantasyTown_0.1/Models/GLTF format/wallBlockHalf.glb,fantasyTown_0.1,,
,12924,architecture,.glb,,,,,wallBroken.glb,fantasyTown_0.1/Models/GLTF format/wallBroken.glb,fantasyTown_0.1,,
,6672,architecture,.glb,,,,,wallCorner.glb,fantasyTown_0.1/Models/GLTF format/wallCorner.glb,fantasyTown_0.1,,
,12268,architecture,.glb,,,,,wallCornerDetail.glb,fantasyTown_0.1/Models/GLTF format/wallCornerDetail.glb,fantasyTown_0.1,,
,5728,architecture,.glb,,,,,wallCornerDiagonal.glb,fantasyTown_0.1/Models/GLTF format/wallCornerDiagonal.glb,fantasyTown_0.1,,
,5240,architecture,.glb,,,,,wallCornerEdge.glb,fantasyTown_0.1/Models/GLTF format/wallCornerEdge.glb,fantasyTown_0.1,,
,10036,architecture,.glb,,,,,wallCurved.glb,fantasyTown_0.1/Models/GLTF format/wallCurved.glb,fantasyTown_0.1,,
,10540,architecture,.glb,,,,,wallDetailCross.glb,fantasyTown_0.1/Models/GLTF format/wallDetailCross.glb,fantasyTown_0.1,,
,6704,architecture,.glb,,,,,wallDetailDiagonal.glb,fantasyTown_0.1/Models/GLTF format/wallDetailDiagonal.glb,fantasyTown_0.1,,
,7656,architecture,.glb,,,,,wallDetailHorizontal.glb,fantasyTown_0.1/Models/GLTF format/wallDetailHorizontal.glb,fantasyTown_0.1,,
,4268,architecture,.glb,,,,,wallDiagonal.glb,fantasyTown_0.1/Models/GLTF format/wallDiagonal.glb,fantasyTown_0.1,,
,25540,architecture,.glb,,,,,wallDoor.glb,fantasyTown_0.1/Models/GLTF format/wallDoor.glb,fantasyTown_0.1,,
,8480,architecture,.glb,,,,,wallDoorwayBase.glb,fantasyTown_0.1/Models/GLTF format/wallDoorwayBase.glb,fantasyTown_0.1,,
,24688,architecture,.glb,,,,,wallDoorwayRound.glb,fantasyTown_0.1/Models/GLTF format/wallDoorwayRound.glb,fantasyTown_0.1,,
,7664,architecture,.glb,,,,,wallDoorwaySquare.glb,fantasyTown_0.1/Models/GLTF format/wallDoorwaySquare.glb,fantasyTown_0.1,,
,6208,architecture,.glb,,,,,wallDoorwaySquareWide.glb,fantasyTown_0.1/Models/GLTF format/wallDoorwaySquareWide.glb,fantasyTown_0.1,,
,14868,architecture,.glb,,,,,wallDoorwaySquareWideCurved.glb,fantasyTown_0.1/Models/GLTF format/wallDoorwaySquareWideCurved.glb,fantasyTown_0.1,,
,4744,architecture,.glb,,,,,wallHalf.glb,fantasyTown_0.1/Models/GLTF format/wallHalf.glb,fantasyTown_0.1,,
,11000,architecture,.glb,,,,,wallRounded.glb,fantasyTown_0.1/Models/GLTF format/wallRounded.glb,fantasyTown_0.1,,
,3792,architecture,.glb,,,,,wallSide.glb,fantasyTown_0.1/Models/GLTF format/wallSide.glb,fantasyTown_0.1,,
,4872,architecture,.glb,,,,,wallSlope.glb,fantasyTown_0.1/Models/GLTF format/wallSlope.glb,fantasyTown_0.1,,
,13648,architecture,.glb,,,,,wallWindowGlass.glb,fantasyTown_0.1/Models/GLTF format/wallWindowGlass.glb,fantasyTown_0.1,,
,17476,architecture,.glb,,,,,wallWindowRound.glb,fantasyTown_0.1/Models/GLTF format/wallWindowRound.glb,fantasyTown_0.1,,
,22408,architecture,.glb,,,,,wallWindowShutters.glb,fantasyTown_0.1/Models/GLTF format/wallWindowShutters.glb,fantasyTown_0.1,,
,8256,architecture,.glb,,,,,wallWindowSmall.glb,fantasyTown_0.1/Models/GLTF format/wallWindowSmall.glb,fantasyTown_0.1,,
,15840,architecture,.glb,,,,,wallWindowStone.glb,fantasyTown_0.1/Models/GLTF format/wallWindowStone.glb,fantasyTown_0.1,,
,4748,architecture,.glb,,,,,wallWood.glb,fantasyTown_0.1/Models/GLTF format/wallWood.glb,fantasyTown_0.1,,
,5220,architecture,.glb,,,,,wallWoodArch.glb,fantasyTown_0.1/Models/GLTF format/wallWoodArch.glb,fantasyTown_0.1,,
,13764,architecture,.glb,,,,,wallWoodArchTop.glb,fantasyTown_0.1/Models/GLTF format/wallWoodArchTop.glb,fantasyTown_0.1,,
,17360,architecture,.glb,,,,,wallWoodArchTopDetail.glb,fantasyTown_0.1/Models/GLTF format/wallWoodArchTopDetail.glb,fantasyTown_0.1,,
,7336,architecture,.glb,,,,,wallWoodBlock.glb,fantasyTown_0.1/Models/GLTF format/wallWoodBlock.glb,fantasyTown_0.1,,
,7348,architecture,.glb,,,,,wallWoodBlockHalf.glb,fantasyTown_0.1/Models/GLTF format/wallWoodBlockHalf.glb,fantasyTown_0.1,,
,12808,architecture,.glb,,,,,wallWoodBroken.glb,fantasyTown_0.1/Models/GLTF format/wallWoodBroken.glb,fantasyTown_0.1,,
,6688,architecture,.glb,,,,,wallWoodCorner.glb,fantasyTown_0.1/Models/GLTF format/wallWoodCorner.glb,fantasyTown_0.1,,
,5740,architecture,.glb,,,,,wallWoodCornerDiagonal.glb,fantasyTown_0.1/Models/GLTF format/wallWoodCornerDiagonal.glb,fantasyTown_0.1,,
,5252,architecture,.glb,,,,,wallWoodCornerEdge.glb,fantasyTown_0.1/Models/GLTF format/wallWoodCornerEdge.glb,fantasyTown_0.1,,
,10048,architecture,.glb,,,,,wallWoodCurved.glb,fantasyTown_0.1/Models/GLTF format/wallWoodCurved.glb,fantasyTown_0.1,,
,10552,architecture,.glb,,,,,wallWoodDetailCross.glb,fantasyTown_0.1/Models/GLTF format/wallWoodDetailCross.glb,fantasyTown_0.1,,
,7184,architecture,.glb,,,,,wallWoodDetailDiagonal.glb,fantasyTown_0.1/Models/GLTF format/wallWoodDetailDiagonal.glb,fantasyTown_0.1,,
,7668,architecture,.glb,,,,,wallWoodDetailHorizontal.glb,fantasyTown_0.1/Models/GLTF format/wallWoodDetailHorizontal.glb,fantasyTown_0.1,,
,4284,architecture,.glb,,,,,wallWoodDiagonal.glb,fantasyTown_0.1/Models/GLTF format/wallWoodDiagonal.glb,fantasyTown_0.1,,
,29996,architecture,.glb,,,,,wallWoodDoor.glb,fantasyTown_0.1/Models/GLTF format/wallWoodDoor.glb,fantasyTown_0.1,,
,8492,architecture,.glb,,,,,wallWoodDoorwayBase.glb,fantasyTown_0.1/Models/GLTF format/wallWoodDoorwayBase.glb,fantasyTown_0.1,,
,24700,architecture,.glb,,,,,wallWoodDoorwayRound.glb,fantasyTown_0.1/Models/GLTF format/wallWoodDoorwayRound.glb,fantasyTown_0.1,,
,8636,architecture,.glb,,,,,wallWoodDoorwaySquare.glb,fantasyTown_0.1/Models/GLTF format/wallWoodDoorwaySquare.glb,fantasyTown_0.1,,
,6220,architecture,.glb,,,,,wallWoodDoorwaySquareWide.glb,fantasyTown_0.1/Models/GLTF format/wallWoodDoorwaySquareWide.glb,fantasyTown_0.1,,
,14880,architecture,.glb,,,,,wallWoodDoorwaySquareWideCurved.glb,fantasyTown_0.1/Models/GLTF format/wallWoodDoorwaySquareWideCurved.glb,fantasyTown_0.1,,
,4760,architecture,.glb,,,,,wallWoodHalf.glb,fantasyTown_0.1/Models/GLTF format/wallWoodHalf.glb,fantasyTown_0.1,,
,11012,architecture,.glb,,,,,wallWoodRounded.glb,fantasyTown_0.1/Models/GLTF format/wallWoodRounded.glb,fantasyTown_0.1,,
,3804,architecture,.glb,,,,,wallWoodSide.glb,fantasyTown_0.1/Models/GLTF format/wallWoodSide.glb,fantasyTown_0.1,,
,7888,architecture,.glb,,,,,wallWoodSlope.glb,fantasyTown_0.1/Models/GLTF format/wallWoodSlope.glb,fantasyTown_0.1,,
,11044,architecture,.glb,,,,,wallWoodWindowGlass.glb,fantasyTown_0.1/Models/GLTF format/wallWoodWindowGlass.glb,fantasyTown_0.1,,
,18384,architecture,.glb,,,,,wallWoodWindowRound.glb,fantasyTown_0.1/Models/GLTF format/wallWoodWindowRound.glb,fantasyTown_0.1,,
,11080,architecture,.glb,,,,,wallWoodWindowShutters.glb,fantasyTown_0.1/Models/GLTF format/wallWoodWindowShutters.glb,fantasyTown_0.1,,
,10188,architecture,.glb,,,,,wallWoodWindowSmall.glb,fantasyTown_0.1/Models/GLTF format/wallWoodWindowSmall.glb,fantasyTown_0.1,,
,18880,architecture,.glb,,,,,wallWoodWindowStone.glb,fantasyTown_0.1/Models/GLTF format/wallWoodWindowStone.glb,fantasyTown_0.1,,
,44752,water,.glb,,,,,watermill.glb,fantasyTown_0.1/Models/GLTF format/watermill.glb,fantasyTown_0.1,,
,16060,uncategorized,.glb,,,,,wheel.glb,fantasyTown_0.1/Models/GLTF format/wheel.glb,fantasyTown_0.1,,
,60284,uncategorized,.glb,,,,,windmill.glb,fantasyTown_0.1/Models/GLTF format/windmill.glb,fantasyTown_0.1,,
,191,props,.mtl,,,,,bannerGreen.mtl,fantasyTown_0.1/Models/OBJ format/bannerGreen.mtl,fantasyTown_0.1,,
,5848,props,.obj,,,,,bannerGreen.obj,fantasyTown_0.1/Models/OBJ format/bannerGreen.obj,fantasyTown_0.1,,
,196,props,.mtl,,,,,bannerRed.mtl,fantasyTown_0.1/Models/OBJ format/bannerRed.mtl,fantasyTown_0.1,,
,5661,props,.obj,,,,,bannerRed.obj,fantasyTown_0.1/Models/OBJ format/bannerRed.obj,fantasyTown_0.1,,
,167,uncategorized,.mtl,,,,,blade.mtl,fantasyTown_0.1/Models/OBJ format/blade.mtl,fantasyTown_0.1,,
,13130,uncategorized,.obj,,,,,blade.obj,fantasyTown_0.1/Models/OBJ format/blade.obj,fantasyTown_0.1,,
,138,props,.mtl,,,,,cart.mtl,fantasyTown_0.1/Models/OBJ format/cart.mtl,fantasyTown_0.1,,
,42986,props,.obj,,,,,cart.obj,fantasyTown_0.1/Models/OBJ format/cart.obj,fantasyTown_0.1,,
,217,props,.mtl,,,,,cartHigh.mtl,fantasyTown_0.1/Models/OBJ format/cartHigh.mtl,fantasyTown_0.1,,
,71670,props,.obj,,,,,cartHigh.obj,fantasyTown_0.1/Models/OBJ format/cartHigh.obj,fantasyTown_0.1,,
,143,uncategorized,.mtl,,,,,chimney.mtl,fantasyTown_0.1/Models/OBJ format/chimney.mtl,fantasyTown_0.1,,
,2815,uncategorized,.obj,,,,,chimney.obj,fantasyTown_0.1/Models/OBJ format/chimney.obj,fantasyTown_0.1,,
,143,uncategorized,.mtl,,,,,chimneyBase.mtl,fantasyTown_0.1/Models/OBJ format/chimneyBase.mtl,fantasyTown_0.1,,
,5319,uncategorized,.obj,,,,,chimneyBase.obj,fantasyTown_0.1/Models/OBJ format/chimneyBase.obj,fantasyTown_0.1,,
,175,uncategorized,.mtl,,,,,chimneyTop.mtl,fantasyTown_0.1/Models/OBJ format/chimneyTop.mtl,fantasyTown_0.1,,
,5965,uncategorized,.obj,,,,,chimneyTop.obj,fantasyTown_0.1/Models/OBJ format/chimneyTop.obj,fantasyTown_0.1,,
,88,uncategorized,.mtl,,,,,fence.mtl,fantasyTown_0.1/Models/OBJ format/fence.mtl,fantasyTown_0.1,,
,4723,uncategorized,.obj,,,,,fence.obj,fantasyTown_0.1/Models/OBJ format/fence.obj,fantasyTown_0.1,,
,120,uncategorized,.mtl,,,,,fenceBroken.mtl,fantasyTown_0.1/Models/OBJ format/fenceBroken.mtl,fantasyTown_0.1,,
,9422,uncategorized,.obj,,,,,fenceBroken.obj,fantasyTown_0.1/Models/OBJ format/fenceBroken.obj,fantasyTown_0.1,,
,120,uncategorized,.mtl,,,,,fenceCurved.mtl,fantasyTown_0.1/Models/OBJ format/fenceCurved.mtl,fantasyTown_0.1,,
,19205,uncategorized,.obj,,,,,fenceCurved.obj,fantasyTown_0.1/Models/OBJ format/fenceCurved.obj,fantasyTown_0.1,,
,191,architecture,.mtl,,,,,fenceGate.mtl,fantasyTown_0.1/Models/OBJ format/fenceGate.mtl,fantasyTown_0.1,,
,35644,architecture,.obj,,,,,fenceGate.obj,fantasyTown_0.1/Models/OBJ format/fenceGate.obj,fantasyTown_0.1,,
,129,uncategorized,.mtl,,,,,fountainCenter.mtl,fantasyTown_0.1/Models/OBJ format/fountainCenter.mtl,fantasyTown_0.1,,
,508,uncategorized,.obj,,,,,fountainCenter.obj,fantasyTown_0.1/Models/OBJ format/fountainCenter.obj,fantasyTown_0.1,,
,183,uncategorized,.mtl,,,,,fountainCorner.mtl,fantasyTown_0.1/Models/OBJ format/fountainCorner.mtl,fantasyTown_0.1,,
,4128,uncategorized,.obj,,,,,fountainCorner.obj,fantasyTown_0.1/Models/OBJ format/fountainCorner.obj,fantasyTown_0.1,,
,183,uncategorized,.mtl,,,,,fountainCornerInner.mtl,fantasyTown_0.1/Models/OBJ format/fountainCornerInner.mtl,fantasyTown_0.1,,
,14893,uncategorized,.obj,,,,,fountainCornerInner.obj,fantasyTown_0.1/Models/OBJ format/fountainCornerInner.obj,fantasyTown_0.1,,
,183,uncategorized,.mtl,,,,,fountainCornerInnerSquare.mtl,fantasyTown_0.1/Models/OBJ format/fountainCornerInnerSquare.mtl,fantasyTown_0.1,,
,3399,uncategorized,.obj,,,,,fountainCornerInnerSquare.obj,fantasyTown_0.1/Models/OBJ format/fountainCornerInnerSquare.obj,fantasyTown_0.1,,
,183,uncategorized,.mtl,,,,,fountainCurved.mtl,fantasyTown_0.1/Models/OBJ format/fountainCurved.mtl,fantasyTown_0.1,,
,22501,uncategorized,.obj,,,,,fountainCurved.obj,fantasyTown_0.1/Models/OBJ format/fountainCurved.obj,fantasyTown_0.1,,
,183,uncategorized,.mtl,,,,,fountainEdge.mtl,fantasyTown_0.1/Models/OBJ format/fountainEdge.mtl,fantasyTown_0.1,,
,2640,uncategorized,.obj,,,,,fountainEdge.obj,fantasyTown_0.1/Models/OBJ format/fountainEdge.obj,fantasyTown_0.1,,
,183,uncategorized,.mtl,,,,,fountainRound.mtl,fantasyTown_0.1/Models/OBJ format/fountainRound.mtl,fantasyTown_0.1,,
,66268,uncategorized,.obj,,,,,fountainRound.obj,fantasyTown_0.1/Models/OBJ format/fountainRound.obj,fantasyTown_0.1,,
,183,uncategorized,.mtl,,,,,fountainRoundDetail.mtl,fantasyTown_0.1/Models/OBJ format/fountainRoundDetail.mtl,fantasyTown_0.1,,
,119976,uncategorized,.obj,,,,,fountainRoundDetail.obj,fantasyTown_0.1/Models/OBJ format/fountainRoundDetail.obj,fantasyTown_0.1,,
,183,uncategorized,.mtl,,,,,fountainSquare.mtl,fantasyTown_0.1/Models/OBJ format/fountainSquare.mtl,fantasyTown_0.1,,
,5618,uncategorized,.obj,,,,,fountainSquare.obj,fantasyTown_0.1/Models/OBJ format/fountainSquare.obj,fantasyTown_0.1,,
,183,uncategorized,.mtl,,,,,fountainSquareDetail.mtl,fantasyTown_0.1/Models/OBJ format/fountainSquareDetail.mtl,fantasyTown_0.1,,
,9524,uncategorized,.obj,,,,,fountainSquareDetail.obj,fantasyTown_0.1/Models/OBJ format/fountainSquareDetail.obj,fantasyTown_0.1,,
,141,uncategorized,.mtl,,,,,hedge.mtl,fantasyTown_0.1/Models/OBJ format/hedge.mtl,fantasyTown_0.1,,
,2471,uncategorized,.obj,,,,,hedge.obj,fantasyTown_0.1/Models/OBJ format/hedge.obj,fantasyTown_0.1,,
,141,uncategorized,.mtl,,,,,hedgeCurved.mtl,fantasyTown_0.1/Models/OBJ format/hedgeCurved.mtl,fantasyTown_0.1,,
,19798,uncategorized,.obj,,,,,hedgeCurved.obj,fantasyTown_0.1/Models/OBJ format/hedgeCurved.obj,fantasyTown_0.1,,
,141,architecture,.mtl,,,,,hedgeGate.mtl,fantasyTown_0.1/Models/OBJ format/hedgeGate.mtl,fantasyTown_0.1,,
,4598,architecture,.obj,,,,,hedgeGate.obj,fantasyTown_0.1/Models/OBJ format/hedgeGate.obj,fantasyTown_0.1,,
,174,uncategorized,.mtl,,,,,lantern.mtl,fantasyTown_0.1/Models/OBJ format/lantern.mtl,fantasyTown_0.1,,
,11303,uncategorized,.obj,,,,,lantern.obj,fantasyTown_0.1/Models/OBJ format/lantern.obj,fantasyTown_0.1,,
,141,uncategorized,.mtl,,,,,overhang.mtl,fantasyTown_0.1/Models/OBJ format/overhang.mtl,fantasyTown_0.1,,
,5034,uncategorized,.obj,,,,,overhang.obj,fantasyTown_0.1/Models/OBJ format/overhang.obj,fantasyTown_0.1,,
,143,uncategorized,.mtl,,,,,pillarStone.mtl,fantasyTown_0.1/Models/OBJ format/pillarStone.mtl,fantasyTown_0.1,,
,6505,uncategorized,.obj,,,,,pillarStone.obj,fantasyTown_0.1/Models/OBJ format/pillarStone.obj,fantasyTown_0.1,,
,142,uncategorized,.mtl,,,,,pillarWood.mtl,fantasyTown_0.1/Models/OBJ format/pillarWood.mtl,fantasyTown_0.1,,
,2766,uncategorized,.obj,,,,,pillarWood.obj,fantasyTown_0.1/Models/OBJ format/pillarWood.obj,fantasyTown_0.1,,
,88,uncategorized,.mtl,,,,,planks.mtl,fantasyTown_0.1/Models/OBJ format/planks.mtl,fantasyTown_0.1,,
,10980,uncategorized,.obj,,,,,planks.obj,fantasyTown_0.1/Models/OBJ format/planks.obj,fantasyTown_0.1,,
,88,uncategorized,.mtl,,,,,planksOpening.mtl,fantasyTown_0.1/Models/OBJ format/planksOpening.mtl,fantasyTown_0.1,,
,12274,uncategorized,.obj,,,,,planksOpening.obj,fantasyTown_0.1/Models/OBJ format/planksOpening.obj,fantasyTown_0.1,,
,88,uncategorized,.mtl,,,,,poles.mtl,fantasyTown_0.1/Models/OBJ format/poles.mtl,fantasyTown_0.1,,
,1815,uncategorized,.obj,,,,,poles.obj,fantasyTown_0.1/Models/OBJ format/poles.obj,fantasyTown_0.1,,
,88,uncategorized,.mtl,,,,,polesHorizontal.mtl,fantasyTown_0.1/Models/OBJ format/polesHorizontal.mtl,fantasyTown_0.1,,
,3677,uncategorized,.obj,,,,,polesHorizontal.obj,fantasyTown_0.1/Models/OBJ format/polesHorizontal.obj,fantasyTown_0.1,,
,89,uncategorized,.mtl,,,,,road.mtl,fantasyTown_0.1/Models/OBJ format/road.mtl,fantasyTown_0.1,,
,700,uncategorized,.obj,,,,,road.obj,fantasyTown_0.1/Models/OBJ format/road.obj,fantasyTown_0.1,,
,143,uncategorized,.mtl,,,,,roadBend.mtl,fantasyTown_0.1/Models/OBJ format/roadBend.mtl,fantasyTown_0.1,,
,23867,uncategorized,.obj,,,,,roadBend.obj,fantasyTown_0.1/Models/OBJ format/roadBend.obj,fantasyTown_0.1,,
,143,uncategorized,.mtl,,,,,roadCorner.mtl,fantasyTown_0.1/Models/OBJ format/roadCorner.mtl,fantasyTown_0.1,,
,12914,uncategorized,.obj,,,,,roadCorner.obj,fantasyTown_0.1/Models/OBJ format/roadCorner.obj,fantasyTown_0.1,,
,143,uncategorized,.mtl,,,,,roadCornerInner.mtl,fantasyTown_0.1/Models/OBJ format/roadCornerInner.mtl,fantasyTown_0.1,,
,12311,uncategorized,.obj,,,,,roadCornerInner.obj,fantasyTown_0.1/Models/OBJ format/roadCornerInner.obj,fantasyTown_0.1,,
,93,uncategorized,.mtl,,,,,roadCurb.mtl,fantasyTown_0.1/Models/OBJ format/roadCurb.mtl,fantasyTown_0.1,,
,708,uncategorized,.obj,,,,,roadCurb.obj,fantasyTown_0.1/Models/OBJ format/roadCurb.obj,fantasyTown_0.1,,
,143,uncategorized,.mtl,,,,,roadEdge.mtl,fantasyTown_0.1/Models/OBJ format/roadEdge.mtl,fantasyTown_0.1,,
,2322,uncategorized,.obj,,,,,roadEdge.obj,fantasyTown_0.1/Models/OBJ format/roadEdge.obj,fantasyTown_0.1,,
,143,uncategorized,.mtl,,,,,roadEdgeSlope.mtl,fantasyTown_0.1/Models/OBJ format/roadEdgeSlope.mtl,fantasyTown_0.1,,
,2799,uncategorized,.obj,,,,,roadEdgeSlope.obj,fantasyTown_0.1/Models/OBJ format/roadEdgeSlope.obj,fantasyTown_0.1,,
,89,uncategorized,.mtl,,,,,roadSlope.mtl,fantasyTown_0.1/Models/OBJ format/roadSlope.mtl,fantasyTown_0.1,,
,928,uncategorized,.obj,,,,,roadSlope.obj,fantasyTown_0.1/Models/OBJ format/roadSlope.obj,fantasyTown_0.1,,
,89,terrain,.mtl,,,,,rockLarge.mtl,fantasyTown_0.1/Models/OBJ format/rockLarge.mtl,fantasyTown_0.1,,
,10843,terrain,.obj,,,,,rockLarge.obj,fantasyTown_0.1/Models/OBJ format/rockLarge.obj,fantasyTown_0.1,,
,89,terrain,.mtl,,,,,rockSmall.mtl,fantasyTown_0.1/Models/OBJ format/rockSmall.mtl,fantasyTown_0.1,,
,6097,terrain,.obj,,,,,rockSmall.obj,fantasyTown_0.1/Models/OBJ format/rockSmall.obj,fantasyTown_0.1,,
,89,terrain,.mtl,,,,,rockWide.mtl,fantasyTown_0.1/Models/OBJ format/rockWide.mtl,fantasyTown_0.1,,
,8690,terrain,.obj,,,,,rockWide.obj,fantasyTown_0.1/Models/OBJ format/rockWide.obj,fantasyTown_0.1,,
,241,architecture,.mtl,,,,,roof.mtl,fantasyTown_0.1/Models/OBJ format/roof.mtl,fantasyTown_0.1,,
,4370,architecture,.obj,,,,,roof.obj,fantasyTown_0.1/Models/OBJ format/roof.obj,fantasyTown_0.1,,
,192,architecture,.mtl,,,,,roofCorner.mtl,fantasyTown_0.1/Models/OBJ format/roofCorner.mtl,fantasyTown_0.1,,
,3017,architecture,.obj,,,,,roofCorner.obj,fantasyTown_0.1/Models/OBJ format/roofCorner.obj,fantasyTown_0.1,,
,192,architecture,.mtl,,,,,roofCornerInner.mtl,fantasyTown_0.1/Models/OBJ format/roofCornerInner.mtl,fantasyTown_0.1,,
,2336,architecture,.obj,,,,,roofCornerInner.obj,fantasyTown_0.1/Models/OBJ format/roofCornerInner.obj,fantasyTown_0.1,,
,88,architecture,.mtl,,,,,roofFlat.mtl,fantasyTown_0.1/Models/OBJ format/roofFlat.mtl,fantasyTown_0.1,,
,1349,architecture,.obj,,,,,roofFlat.obj,fantasyTown_0.1/Models/OBJ format/roofFlat.obj,fantasyTown_0.1,,
,241,architecture,.mtl,,,,,roofGable.mtl,fantasyTown_0.1/Models/OBJ format/roofGable.mtl,fantasyTown_0.1,,
,4448,architecture,.obj,,,,,roofGable.obj,fantasyTown_0.1/Models/OBJ format/roofGable.obj,fantasyTown_0.1,,
,241,architecture,.mtl,,,,,roofGableDetail.mtl,fantasyTown_0.1/Models/OBJ format/roofGableDetail.mtl,fantasyTown_0.1,,
,7546,architecture,.obj,,,,,roofGableDetail.obj,fantasyTown_0.1/Models/OBJ format/roofGableDetail.obj,fantasyTown_0.1,,
,241,architecture,.mtl,,,,,roofGableEnd.mtl,fantasyTown_0.1/Models/OBJ format/roofGableEnd.mtl,fantasyTown_0.1,,
,3726,architecture,.obj,,,,,roofGableEnd.obj,fantasyTown_0.1/Models/OBJ format/roofGableEnd.obj,fantasyTown_0.1,,
,187,architecture,.mtl,,,,,roofGableTop.mtl,fantasyTown_0.1/Models/OBJ format/roofGableTop.mtl,fantasyTown_0.1,,
,4362,architecture,.obj,,,,,roofGableTop.obj,fantasyTown_0.1/Models/OBJ format/roofGableTop.obj,fantasyTown_0.1,,
,249,architecture,.mtl,,,,,roofHigh.mtl,fantasyTown_0.1/Models/OBJ format/roofHigh.mtl,fantasyTown_0.1,,
,4312,architecture,.obj,,,,,roofHigh.obj,fantasyTown_0.1/Models/OBJ format/roofHigh.obj,fantasyTown_0.1,,
,200,architecture,.mtl,,,,,roofHighCorner.mtl,fantasyTown_0.1/Models/OBJ format/roofHighCorner.mtl,fantasyTown_0.1,,
,3037,architecture,.obj,,,,,roofHighCorner.obj,fantasyTown_0.1/Models/OBJ format/roofHighCorner.obj,fantasyTown_0.1,,
,200,architecture,.mtl,,,,,roofHighCornerInner.mtl,fantasyTown_0.1/Models/OBJ format/roofHighCornerInner.mtl,fantasyTown_0.1,,
,2337,architecture,.obj,,,,,roofHighCornerInner.obj,fantasyTown_0.1/Models/OBJ format/roofHighCornerInner.obj,fantasyTown_0.1,,
,91,architecture,.mtl,,,,,roofHighFlat.mtl,fantasyTown_0.1/Models/OBJ format/roofHighFlat.mtl,fantasyTown_0.1,,
,1510,architecture,.obj,,,,,roofHighFlat.obj,fantasyTown_0.1/Models/OBJ format/roofHighFlat.obj,fantasyTown_0.1,,
,249,architecture,.mtl,,,,,roofHighGable.mtl,fantasyTown_0.1/Models/OBJ format/roofHighGable.mtl,fantasyTown_0.1,,
,4581,architecture,.obj,,,,,roofHighGable.obj,fantasyTown_0.1/Models/OBJ format/roofHighGable.obj,fantasyTown_0.1,,
,249,architecture,.mtl,,,,,roofHighGableDetail.mtl,fantasyTown_0.1/Models/OBJ format/roofHighGableDetail.mtl,fantasyTown_0.1,,
,9391,architecture,.obj,,,,,roofHighGableDetail.obj,fantasyTown_0.1/Models/OBJ format/roofHighGableDetail.obj,fantasyTown_0.1,,
,249,architecture,.mtl,,,,,roofHighGableEnd.mtl,fantasyTown_0.1/Models/OBJ format/roofHighGableEnd.mtl,fantasyTown_0.1,,
,4256,architecture,.obj,,,,,roofHighGableEnd.obj,fantasyTown_0.1/Models/OBJ format/roofHighGableEnd.obj,fantasyTown_0.1,,
,193,architecture,.mtl,,,,,roofHighGableTop.mtl,fantasyTown_0.1/Models/OBJ format/roofHighGableTop.mtl,fantasyTown_0.1,,
,3904,architecture,.obj,,,,,roofHighGableTop.obj,fantasyTown_0.1/Models/OBJ format/roofHighGableTop.obj,fantasyTown_0.1,,
,249,architecture,.mtl,,,,,roofHighLeft.mtl,fantasyTown_0.1/Models/OBJ format/roofHighLeft.mtl,fantasyTown_0.1,,
,6017,architecture,.obj,,,,,roofHighLeft.obj,fantasyTown_0.1/Models/OBJ format/roofHighLeft.obj,fantasyTown_0.1,,
,147,architecture,.mtl,,,,,roofHighPoint.mtl,fantasyTown_0.1/Models/OBJ format/roofHighPoint.mtl,fantasyTown_0.1,,
,3286,architecture,.obj,,,,,roofHighPoint.obj,fantasyTown_0.1/Models/OBJ format/roofHighPoint.obj,fantasyTown_0.1,,
,249,architecture,.mtl,,,,,roofHighRight.mtl,fantasyTown_0.1/Models/OBJ format/roofHighRight.mtl,fantasyTown_0.1,,
,6000,architecture,.obj,,,,,roofHighRight.obj,fantasyTown_0.1/Models/OBJ format/roofHighRight.obj,fantasyTown_0.1,,
,249,architecture,.mtl,,,,,roofHighWindow.mtl,fantasyTown_0.1/Models/OBJ format/roofHighWindow.mtl,fantasyTown_0.1,,
,17883,architecture,.obj,,,,,roofHighWindow.obj,fantasyTown_0.1/Models/OBJ format/roofHighWindow.obj,fantasyTown_0.1,,
,241,architecture,.mtl,,,,,roofLeft.mtl,fantasyTown_0.1/Models/OBJ format/roofLeft.mtl,fantasyTown_0.1,,
,5829,architecture,.obj,,,,,roofLeft.obj,fantasyTown_0.1/Models/OBJ format/roofLeft.obj,fantasyTown_0.1,,
,142,architecture,.mtl,,,,,roofPoint.mtl,fantasyTown_0.1/Models/OBJ format/roofPoint.mtl,fantasyTown_0.1,,
,3240,architecture,.obj,,,,,roofPoint.obj,fantasyTown_0.1/Models/OBJ format/roofPoint.obj,fantasyTown_0.1,,
,241,architecture,.mtl,,,,,roofRight.mtl,fantasyTown_0.1/Models/OBJ format/roofRight.mtl,fantasyTown_0.1,,
,5817,architecture,.obj,,,,,roofRight.obj,fantasyTown_0.1/Models/OBJ format/roofRight.obj,fantasyTown_0.1,,
,294,architecture,.mtl,,,,,roofWindow.mtl,fantasyTown_0.1/Models/OBJ format/roofWindow.mtl,fantasyTown_0.1,,
,12894,architecture,.obj,,,,,roofWindow.obj,fantasyTown_0.1/Models/OBJ format/roofWindow.obj,fantasyTown_0.1,,
,89,uncategorized,.mtl,,,,,stairsStone.mtl,fantasyTown_0.1/Models/OBJ format/stairsStone.mtl,fantasyTown_0.1,,
,8711,uncategorized,.obj,,,,,stairsStone.obj,fantasyTown_0.1/Models/OBJ format/stairsStone.obj,fantasyTown_0.1,,
,121,uncategorized,.mtl,,,,,stairsStoneCorner.mtl,fantasyTown_0.1/Models/OBJ format/stairsStoneCorner.mtl,fantasyTown_0.1,,
,10414,uncategorized,.obj,,,,,stairsStoneCorner.obj,fantasyTown_0.1/Models/OBJ format/stairsStoneCorner.obj,fantasyTown_0.1,,
,138,uncategorized,.mtl,,,,,stairsStoneHandrail.mtl,fantasyTown_0.1/Models/OBJ format/stairsStoneHandrail.mtl,fantasyTown_0.1,,
,18798,uncategorized,.obj,,,,,stairsStoneHandrail.obj,fantasyTown_0.1/Models/OBJ format/stairsStoneHandrail.obj,fantasyTown_0.1,,
,143,uncategorized,.mtl,,,,,stairsStoneRound.mtl,fantasyTown_0.1/Models/OBJ format/stairsStoneRound.mtl,fantasyTown_0.1,,
,13384,uncategorized,.obj,,,,,stairsStoneRound.obj,fantasyTown_0.1/Models/OBJ format/stairsStoneRound.obj,fantasyTown_0.1,,
,88,uncategorized,.mtl,,,,,stairsWood.mtl,fantasyTown_0.1/Models/OBJ format/stairsWood.mtl,fantasyTown_0.1,,
,27812,uncategorized,.obj,,,,,stairsWood.obj,fantasyTown_0.1/Models/OBJ format/stairsWood.obj,fantasyTown_0.1,,
,120,uncategorized,.mtl,,,,,stairsWoodHandrail.mtl,fantasyTown_0.1/Models/OBJ format/stairsWoodHandrail.mtl,fantasyTown_0.1,,
,37896,uncategorized,.obj,,,,,stairsWoodHandrail.obj,fantasyTown_0.1/Models/OBJ format/stairsWoodHandrail.obj,fantasyTown_0.1,,
,88,uncategorized,.mtl,,,,,stall.mtl,fantasyTown_0.1/Models/OBJ format/stall.mtl,fantasyTown_0.1,,
,9125,uncategorized,.obj,,,,,stall.obj,fantasyTown_0.1/Models/OBJ format/stall.obj,fantasyTown_0.1,,
,88,uncategorized,.mtl,,,,,stallBench.mtl,fantasyTown_0.1/Models/OBJ format/stallBench.mtl,fantasyTown_0.1,,
,9209,uncategorized,.obj,,,,,stallBench.obj,fantasyTown_0.1/Models/OBJ format/stallBench.obj,fantasyTown_0.1,,
,137,uncategorized,.mtl,,,,,stallGreen.mtl,fantasyTown_0.1/Models/OBJ format/stallGreen.mtl,fantasyTown_0.1,,
,46066,uncategorized,.obj,,,,,stallGreen.obj,fantasyTown_0.1/Models/OBJ format/stallGreen.obj,fantasyTown_0.1,,
,140,uncategorized,.mtl,,,,,stallRed.mtl,fantasyTown_0.1/Models/OBJ format/stallRed.mtl,fantasyTown_0.1,,
,36594,uncategorized,.obj,,,,,stallRed.obj,fantasyTown_0.1/Models/OBJ format/stallRed.obj,fantasyTown_0.1,,
,88,uncategorized,.mtl,,,,,stallStool.mtl,fantasyTown_0.1/Models/OBJ format/stallStool.mtl,fantasyTown_0.1,,
,8484,uncategorized,.obj,,,,,stallStool.obj,fantasyTown_0.1/Models/OBJ format/stallStool.obj,fantasyTown_0.1,,
,140,vegetation,.mtl,,,,,tree.mtl,fantasyTown_0.1/Models/OBJ format/tree.mtl,fantasyTown_0.1,,
,13579,vegetation,.obj,,,,,tree.obj,fantasyTown_0.1/Models/OBJ format/tree.obj,fantasyTown_0.1,,
,140,vegetation,.mtl,,,,,treeCrooked.mtl,fantasyTown_0.1/Models/OBJ format/treeCrooked.mtl,fantasyTown_0.1,,
,20037,vegetation,.obj,,,,,treeCrooked.obj,fantasyTown_0.1/Models/OBJ format/treeCrooked.obj,fantasyTown_0.1,,
,140,vegetation,.mtl,,,,,treeHigh.mtl,fantasyTown_0.1/Models/OBJ format/treeHigh.mtl,fantasyTown_0.1,,
,16619,vegetation,.obj,,,,,treeHigh.obj,fantasyTown_0.1/Models/OBJ format/treeHigh.obj,fantasyTown_0.1,,
,140,vegetation,.mtl,,,,,treeHighCrooked.mtl,fantasyTown_0.1/Models/OBJ format/treeHighCrooked.mtl,fantasyTown_0.1,,
,23014,vegetation,.obj,,,,,treeHighCrooked.obj,fantasyTown_0.1/Models/OBJ format/treeHighCrooked.obj,fantasyTown_0.1,,
,140,vegetation,.mtl,,,,,treeHighRound.mtl,fantasyTown_0.1/Models/OBJ format/treeHighRound.mtl,fantasyTown_0.1,,
,9897,vegetation,.obj,,,,,treeHighRound.obj,fantasyTown_0.1/Models/OBJ format/treeHighRound.obj,fantasyTown_0.1,,
,138,architecture,.mtl,,,,,wall.mtl,fantasyTown_0.1/Models/OBJ format/wall.mtl,fantasyTown_0.1,,
,2462,architecture,.obj,,,,,wall.obj,fantasyTown_0.1/Models/OBJ format/wall.obj,fantasyTown_0.1,,
,192,architecture,.mtl,,,,,wallArch.mtl,fantasyTown_0.1/Models/OBJ format/wallArch.mtl,fantasyTown_0.1,,
,2619,architecture,.obj,,,,,wallArch.obj,fantasyTown_0.1/Models/OBJ format/wallArch.obj,fantasyTown_0.1,,
,192,architecture,.mtl,,,,,wallArchTop.mtl,fantasyTown_0.1/Models/OBJ format/wallArchTop.mtl,fantasyTown_0.1,,
,14434,architecture,.obj,,,,,wallArchTop.obj,fantasyTown_0.1/Models/OBJ format/wallArchTop.obj,fantasyTown_0.1,,
,192,architecture,.mtl,,,,,wallArchTopDetail.mtl,fantasyTown_0.1/Models/OBJ format/wallArchTopDetail.mtl,fantasyTown_0.1,,
,18709,architecture,.obj,,,,,wallArchTopDetail.obj,fantasyTown_0.1/Models/OBJ format/wallArchTopDetail.obj,fantasyTown_0.1,,
,170,architecture,.mtl,,,,,wallBlock.mtl,fantasyTown_0.1/Models/OBJ format/wallBlock.mtl,fantasyTown_0.1,,
,3489,architecture,.obj,,,,,wallBlock.obj,fantasyTown_0.1/Models/OBJ format/wallBlock.obj,fantasyTown_0.1,,
,170,architecture,.mtl,,,,,wallBlockHalf.mtl,fantasyTown_0.1/Models/OBJ format/wallBlockHalf.mtl,fantasyTown_0.1,,
,3909,architecture,.obj,,,,,wallBlockHalf.obj,fantasyTown_0.1/Models/OBJ format/wallBlockHalf.obj,fantasyTown_0.1,,
,138,architecture,.mtl,,,,,wallBroken.mtl,fantasyTown_0.1/Models/OBJ format/wallBroken.mtl,fantasyTown_0.1,,
,12819,architecture,.obj,,,,,wallBroken.obj,fantasyTown_0.1/Models/OBJ format/wallBroken.obj,fantasyTown_0.1,,
,138,architecture,.mtl,,,,,wallCorner.mtl,fantasyTown_0.1/Models/OBJ format/wallCorner.mtl,fantasyTown_0.1,,
,3754,architecture,.obj,,,,,wallCorner.obj,fantasyTown_0.1/Models/OBJ format/wallCorner.obj,fantasyTown_0.1,,
,93,architecture,.mtl,,,,,wallCornerDetail.mtl,fantasyTown_0.1/Models/OBJ format/wallCornerDetail.mtl,fantasyTown_0.1,,
,10515,architecture,.obj,,,,,wallCornerDetail.obj,fantasyTown_0.1/Models/OBJ format/wallCornerDetail.obj,fantasyTown_0.1,,
,138,architecture,.mtl,,,,,wallCornerDiagonal.mtl,fantasyTown_0.1/Models/OBJ format/wallCornerDiagonal.mtl,fantasyTown_0.1,,
,3910,architecture,.obj,,,,,wallCornerDiagonal.obj,fantasyTown_0.1/Models/OBJ format/wallCornerDiagonal.obj,fantasyTown_0.1,,
,138,architecture,.mtl,,,,,wallCornerEdge.mtl,fantasyTown_0.1/Models/OBJ format/wallCornerEdge.mtl,fantasyTown_0.1,,
,3431,architecture,.obj,,,,,wallCornerEdge.obj,fantasyTown_0.1/Models/OBJ format/wallCornerEdge.obj,fantasyTown_0.1,,
,138,architecture,.mtl,,,,,wallCurved.mtl,fantasyTown_0.1/Models/OBJ format/wallCurved.mtl,fantasyTown_0.1,,
,10126,architecture,.obj,,,,,wallCurved.obj,fantasyTown_0.1/Models/OBJ format/wallCurved.obj,fantasyTown_0.1,,
,138,architecture,.mtl,,,,,wallDetailCross.mtl,fantasyTown_0.1/Models/OBJ format/wallDetailCross.mtl,fantasyTown_0.1,,
,9746,architecture,.obj,,,,,wallDetailCross.obj,fantasyTown_0.1/Models/OBJ format/wallDetailCross.obj,fantasyTown_0.1,,
,138,architecture,.mtl,,,,,wallDetailDiagonal.mtl,fantasyTown_0.1/Models/OBJ format/wallDetailDiagonal.mtl,fantasyTown_0.1,,
,5102,architecture,.obj,,,,,wallDetailDiagonal.obj,fantasyTown_0.1/Models/OBJ format/wallDetailDiagonal.obj,fantasyTown_0.1,,
,138,architecture,.mtl,,,,,wallDetailHorizontal.mtl,fantasyTown_0.1/Models/OBJ format/wallDetailHorizontal.mtl,fantasyTown_0.1,,
,5285,architecture,.obj,,,,,wallDetailHorizontal.obj,fantasyTown_0.1/Models/OBJ format/wallDetailHorizontal.obj,fantasyTown_0.1,,
,138,architecture,.mtl,,,,,wallDiagonal.mtl,fantasyTown_0.1/Models/OBJ format/wallDiagonal.mtl,fantasyTown_0.1,,
,2334,architecture,.obj,,,,,wallDiagonal.obj,fantasyTown_0.1/Models/OBJ format/wallDiagonal.obj,fantasyTown_0.1,,
,191,architecture,.mtl,,,,,wallDoor.mtl,fantasyTown_0.1/Models/OBJ format/wallDoor.mtl,fantasyTown_0.1,,
,29358,architecture,.obj,,,,,wallDoor.obj,fantasyTown_0.1/Models/OBJ format/wallDoor.obj,fantasyTown_0.1,,
,170,architecture,.mtl,,,,,wallDoorwayBase.mtl,fantasyTown_0.1/Models/OBJ format/wallDoorwayBase.mtl,fantasyTown_0.1,,
,5045,architecture,.obj,,,,,wallDoorwayBase.obj,fantasyTown_0.1/Models/OBJ format/wallDoorwayBase.obj,fantasyTown_0.1,,
,192,architecture,.mtl,,,,,wallDoorwayRound.mtl,fantasyTown_0.1/Models/OBJ format/wallDoorwayRound.mtl,fantasyTown_0.1,,
,27386,architecture,.obj,,,,,wallDoorwayRound.obj,fantasyTown_0.1/Models/OBJ format/wallDoorwayRound.obj,fantasyTown_0.1,,
,138,architecture,.mtl,,,,,wallDoorwaySquare.mtl,fantasyTown_0.1/Models/OBJ format/wallDoorwaySquare.mtl,fantasyTown_0.1,,
,5358,architecture,.obj,,,,,wallDoorwaySquare.obj,fantasyTown_0.1/Models/OBJ format/wallDoorwaySquare.obj,fantasyTown_0.1,,
,192,architecture,.mtl,,,,,wallDoorwaySquareWide.mtl,fantasyTown_0.1/Models/OBJ format/wallDoorwaySquareWide.mtl,fantasyTown_0.1,,
,3786,architecture,.obj,,,,,wallDoorwaySquareWide.obj,fantasyTown_0.1/Models/OBJ format/wallDoorwaySquareWide.obj,fantasyTown_0.1,,
,192,architecture,.mtl,,,,,wallDoorwaySquareWideCurved.mtl,fantasyTown_0.1/Models/OBJ format/wallDoorwaySquareWideCurved.mtl,fantasyTown_0.1,,
,15222,architecture,.obj,,,,,wallDoorwaySquareWideCurved.obj,fantasyTown_0.1/Models/OBJ format/wallDoorwaySquareWideCurved.obj,fantasyTown_0.1,,
,138,architecture,.mtl,,,,,wallHalf.mtl,fantasyTown_0.1/Models/OBJ format/wallHalf.mtl,fantasyTown_0.1,,
,2492,architecture,.obj,,,,,wallHalf.obj,fantasyTown_0.1/Models/OBJ format/wallHalf.obj,fantasyTown_0.1,,
,138,architecture,.mtl,,,,,wallRounded.mtl,fantasyTown_0.1/Models/OBJ format/wallRounded.mtl,fantasyTown_0.1,,
,9193,architecture,.obj,,,,,wallRounded.obj,fantasyTown_0.1/Models/OBJ format/wallRounded.obj,fantasyTown_0.1,,
,138,architecture,.mtl,,,,,wallSide.mtl,fantasyTown_0.1/Models/OBJ format/wallSide.mtl,fantasyTown_0.1,,
,1907,architecture,.obj,,,,,wallSide.obj,fantasyTown_0.1/Models/OBJ format/wallSide.obj,fantasyTown_0.1,,
,138,architecture,.mtl,,,,,wallSlope.mtl,fantasyTown_0.1/Models/OBJ format/wallSlope.mtl,fantasyTown_0.1,,
,2660,architecture,.obj,,,,,wallSlope.obj,fantasyTown_0.1/Models/OBJ format/wallSlope.obj,fantasyTown_0.1,,
,138,architecture,.mtl,,,,,wallWindowGlass.mtl,fantasyTown_0.1/Models/OBJ format/wallWindowGlass.mtl,fantasyTown_0.1,,
,11747,architecture,.obj,,,,,wallWindowGlass.obj,fantasyTown_0.1/Models/OBJ format/wallWindowGlass.obj,fantasyTown_0.1,,
,138,architecture,.mtl,,,,,wallWindowRound.mtl,fantasyTown_0.1/Models/OBJ format/wallWindowRound.mtl,fantasyTown_0.1,,
,19412,architecture,.obj,,,,,wallWindowRound.obj,fantasyTown_0.1/Models/OBJ format/wallWindowRound.obj,fantasyTown_0.1,,
,138,architecture,.mtl,,,,,wallWindowShutters.mtl,fantasyTown_0.1/Models/OBJ format/wallWindowShutters.mtl,fantasyTown_0.1,,
,19762,architecture,.obj,,,,,wallWindowShutters.obj,fantasyTown_0.1/Models/OBJ format/wallWindowShutters.obj,fantasyTown_0.1,,
,138,architecture,.mtl,,,,,wallWindowSmall.mtl,fantasyTown_0.1/Models/OBJ format/wallWindowSmall.mtl,fantasyTown_0.1,,
,6509,architecture,.obj,,,,,wallWindowSmall.obj,fantasyTown_0.1/Models/OBJ format/wallWindowSmall.obj,fantasyTown_0.1,,
,192,architecture,.mtl,,,,,wallWindowStone.mtl,fantasyTown_0.1/Models/OBJ format/wallWindowStone.mtl,fantasyTown_0.1,,
,12943,architecture,.obj,,,,,wallWindowStone.obj,fantasyTown_0.1/Models/OBJ format/wallWindowStone.obj,fantasyTown_0.1,,
,141,architecture,.mtl,,,,,wallWood.mtl,fantasyTown_0.1/Models/OBJ format/wallWood.mtl,fantasyTown_0.1,,
,2454,architecture,.obj,,,,,wallWood.obj,fantasyTown_0.1/Models/OBJ format/wallWood.obj,fantasyTown_0.1,,
,195,architecture,.mtl,,,,,wallWoodArch.mtl,fantasyTown_0.1/Models/OBJ format/wallWoodArch.mtl,fantasyTown_0.1,,
,2646,architecture,.obj,,,,,wallWoodArch.obj,fantasyTown_0.1/Models/OBJ format/wallWoodArch.obj,fantasyTown_0.1,,
,195,architecture,.mtl,,,,,wallWoodArchTop.mtl,fantasyTown_0.1/Models/OBJ format/wallWoodArchTop.mtl,fantasyTown_0.1,,
,14537,architecture,.obj,,,,,wallWoodArchTop.obj,fantasyTown_0.1/Models/OBJ format/wallWoodArchTop.obj,fantasyTown_0.1,,
,195,architecture,.mtl,,,,,wallWoodArchTopDetail.mtl,fantasyTown_0.1/Models/OBJ format/wallWoodArchTopDetail.mtl,fantasyTown_0.1,,
,19014,architecture,.obj,,,,,wallWoodArchTopDetail.obj,fantasyTown_0.1/Models/OBJ format/wallWoodArchTopDetail.obj,fantasyTown_0.1,,
,173,architecture,.mtl,,,,,wallWoodBlock.mtl,fantasyTown_0.1/Models/OBJ format/wallWoodBlock.mtl,fantasyTown_0.1,,
,3500,architecture,.obj,,,,,wallWoodBlock.obj,fantasyTown_0.1/Models/OBJ format/wallWoodBlock.obj,fantasyTown_0.1,,
,173,architecture,.mtl,,,,,wallWoodBlockHalf.mtl,fantasyTown_0.1/Models/OBJ format/wallWoodBlockHalf.mtl,fantasyTown_0.1,,
,3920,architecture,.obj,,,,,wallWoodBlockHalf.obj,fantasyTown_0.1/Models/OBJ format/wallWoodBlockHalf.obj,fantasyTown_0.1,,
,141,architecture,.mtl,,,,,wallWoodBroken.mtl,fantasyTown_0.1/Models/OBJ format/wallWoodBroken.mtl,fantasyTown_0.1,,
,12505,architecture,.obj,,,,,wallWoodBroken.obj,fantasyTown_0.1/Models/OBJ format/wallWoodBroken.obj,fantasyTown_0.1,,
,141,architecture,.mtl,,,,,wallWoodCorner.mtl,fantasyTown_0.1/Models/OBJ format/wallWoodCorner.mtl,fantasyTown_0.1,,
,3770,architecture,.obj,,,,,wallWoodCorner.obj,fantasyTown_0.1/Models/OBJ format/wallWoodCorner.obj,fantasyTown_0.1,,
,141,architecture,.mtl,,,,,wallWoodCornerDiagonal.mtl,fantasyTown_0.1/Models/OBJ format/wallWoodCornerDiagonal.mtl,fantasyTown_0.1,,
,3900,architecture,.obj,,,,,wallWoodCornerDiagonal.obj,fantasyTown_0.1/Models/OBJ format/wallWoodCornerDiagonal.obj,fantasyTown_0.1,,
,141,architecture,.mtl,,,,,wallWoodCornerEdge.mtl,fantasyTown_0.1/Models/OBJ format/wallWoodCornerEdge.mtl,fantasyTown_0.1,,
,3448,architecture,.obj,,,,,wallWoodCornerEdge.obj,fantasyTown_0.1/Models/OBJ format/wallWoodCornerEdge.obj,fantasyTown_0.1,,
,141,architecture,.mtl,,,,,wallWoodCurved.mtl,fantasyTown_0.1/Models/OBJ format/wallWoodCurved.mtl,fantasyTown_0.1,,
,9842,architecture,.obj,,,,,wallWoodCurved.obj,fantasyTown_0.1/Models/OBJ format/wallWoodCurved.obj,fantasyTown_0.1,,
,141,architecture,.mtl,,,,,wallWoodDetailCross.mtl,fantasyTown_0.1/Models/OBJ format/wallWoodDetailCross.mtl,fantasyTown_0.1,,
,9387,architecture,.obj,,,,,wallWoodDetailCross.obj,fantasyTown_0.1/Models/OBJ format/wallWoodDetailCross.obj,fantasyTown_0.1,,
,141,architecture,.mtl,,,,,wallWoodDetailDiagonal.mtl,fantasyTown_0.1/Models/OBJ format/wallWoodDetailDiagonal.mtl,fantasyTown_0.1,,
,5389,architecture,.obj,,,,,wallWoodDetailDiagonal.obj,fantasyTown_0.1/Models/OBJ format/wallWoodDetailDiagonal.obj,fantasyTown_0.1,,
,141,architecture,.mtl,,,,,wallWoodDetailHorizontal.mtl,fantasyTown_0.1/Models/OBJ format/wallWoodDetailHorizontal.mtl,fantasyTown_0.1,,
,5296,architecture,.obj,,,,,wallWoodDetailHorizontal.obj,fantasyTown_0.1/Models/OBJ format/wallWoodDetailHorizontal.obj,fantasyTown_0.1,,
,141,architecture,.mtl,,,,,wallWoodDiagonal.mtl,fantasyTown_0.1/Models/OBJ format/wallWoodDiagonal.mtl,fantasyTown_0.1,,
,2405,architecture,.obj,,,,,wallWoodDiagonal.obj,fantasyTown_0.1/Models/OBJ format/wallWoodDiagonal.obj,fantasyTown_0.1,,
,183,architecture,.mtl,,,,,wallWoodDoor.mtl,fantasyTown_0.1/Models/OBJ format/wallWoodDoor.mtl,fantasyTown_0.1,,
,33725,architecture,.obj,,,,,wallWoodDoor.obj,fantasyTown_0.1/Models/OBJ format/wallWoodDoor.obj,fantasyTown_0.1,,
,173,architecture,.mtl,,,,,wallWoodDoorwayBase.mtl,fantasyTown_0.1/Models/OBJ format/wallWoodDoorwayBase.mtl,fantasyTown_0.1,,
,5086,architecture,.obj,,,,,wallWoodDoorwayBase.obj,fantasyTown_0.1/Models/OBJ format/wallWoodDoorwayBase.obj,fantasyTown_0.1,,
,195,architecture,.mtl,,,,,wallWoodDoorwayRound.mtl,fantasyTown_0.1/Models/OBJ format/wallWoodDoorwayRound.mtl,fantasyTown_0.1,,
,27482,architecture,.obj,,,,,wallWoodDoorwayRound.obj,fantasyTown_0.1/Models/OBJ format/wallWoodDoorwayRound.obj,fantasyTown_0.1,,
,141,architecture,.mtl,,,,,wallWoodDoorwaySquare.mtl,fantasyTown_0.1/Models/OBJ format/wallWoodDoorwaySquare.mtl,fantasyTown_0.1,,
,6435,architecture,.obj,,,,,wallWoodDoorwaySquare.obj,fantasyTown_0.1/Models/OBJ format/wallWoodDoorwaySquare.obj,fantasyTown_0.1,,
,195,architecture,.mtl,,,,,wallWoodDoorwaySquareWide.mtl,fantasyTown_0.1/Models/OBJ format/wallWoodDoorwaySquareWide.mtl,fantasyTown_0.1,,
,3806,architecture,.obj,,,,,wallWoodDoorwaySquareWide.obj,fantasyTown_0.1/Models/OBJ format/wallWoodDoorwaySquareWide.obj,fantasyTown_0.1,,
,195,architecture,.mtl,,,,,wallWoodDoorwaySquareWideCurved.mtl,fantasyTown_0.1/Models/OBJ format/wallWoodDoorwaySquareWideCurved.mtl,fantasyTown_0.1,,
,15280,architecture,.obj,,,,,wallWoodDoorwaySquareWideCurved.obj,fantasyTown_0.1/Models/OBJ format/wallWoodDoorwaySquareWideCurved.obj,fantasyTown_0.1,,
,141,architecture,.mtl,,,,,wallWoodHalf.mtl,fantasyTown_0.1/Models/OBJ format/wallWoodHalf.mtl,fantasyTown_0.1,,
,2491,architecture,.obj,,,,,wallWoodHalf.obj,fantasyTown_0.1/Models/OBJ format/wallWoodHalf.obj,fantasyTown_0.1,,
,141,architecture,.mtl,,,,,wallWoodRounded.mtl,fantasyTown_0.1/Models/OBJ format/wallWoodRounded.mtl,fantasyTown_0.1,,
,9182,architecture,.obj,,,,,wallWoodRounded.obj,fantasyTown_0.1/Models/OBJ format/wallWoodRounded.obj,fantasyTown_0.1,,
,141,architecture,.mtl,,,,,wallWoodSide.mtl,fantasyTown_0.1/Models/OBJ format/wallWoodSide.mtl,fantasyTown_0.1,,
,1918,architecture,.obj,,,,,wallWoodSide.obj,fantasyTown_0.1/Models/OBJ format/wallWoodSide.obj,fantasyTown_0.1,,
,141,architecture,.mtl,,,,,wallWoodSlope.mtl,fantasyTown_0.1/Models/OBJ format/wallWoodSlope.mtl,fantasyTown_0.1,,
,7023,architecture,.obj,,,,,wallWoodSlope.obj,fantasyTown_0.1/Models/OBJ format/wallWoodSlope.obj,fantasyTown_0.1,,
,183,architecture,.mtl,,,,,wallWoodWindowGlass.mtl,fantasyTown_0.1/Models/OBJ format/wallWoodWindowGlass.mtl,fantasyTown_0.1,,
,8813,architecture,.obj,,,,,wallWoodWindowGlass.obj,fantasyTown_0.1/Models/OBJ format/wallWoodWindowGlass.obj,fantasyTown_0.1,,
,141,architecture,.mtl,,,,,wallWoodWindowRound.mtl,fantasyTown_0.1/Models/OBJ format/wallWoodWindowRound.mtl,fantasyTown_0.1,,
,20284,architecture,.obj,,,,,wallWoodWindowRound.obj,fantasyTown_0.1/Models/OBJ format/wallWoodWindowRound.obj,fantasyTown_0.1,,
,183,architecture,.mtl,,,,,wallWoodWindowShutters.mtl,fantasyTown_0.1/Models/OBJ format/wallWoodWindowShutters.mtl,fantasyTown_0.1,,
,8705,architecture,.obj,,,,,wallWoodWindowShutters.obj,fantasyTown_0.1/Models/OBJ format/wallWoodWindowShutters.obj,fantasyTown_0.1,,
,141,architecture,.mtl,,,,,wallWoodWindowSmall.mtl,fantasyTown_0.1/Models/OBJ format/wallWoodWindowSmall.mtl,fantasyTown_0.1,,
,8415,architecture,.obj,,,,,wallWoodWindowSmall.obj,fantasyTown_0.1/Models/OBJ format/wallWoodWindowSmall.obj,fantasyTown_0.1,,
,195,architecture,.mtl,,,,,wallWoodWindowStone.mtl,fantasyTown_0.1/Models/OBJ format/wallWoodWindowStone.mtl,fantasyTown_0.1,,
,16408,architecture,.obj,,,,,wallWoodWindowStone.obj,fantasyTown_0.1/Models/OBJ format/wallWoodWindowStone.obj,fantasyTown_0.1,,
,223,water,.mtl,,,,,watermill.mtl,fantasyTown_0.1/Models/OBJ format/watermill.mtl,fantasyTown_0.1,,
,36967,water,.obj,,,,,watermill.obj,fantasyTown_0.1/Models/OBJ format/watermill.obj,fantasyTown_0.1,,
,138,uncategorized,.mtl,,,,,wheel.mtl,fantasyTown_0.1/Models/OBJ format/wheel.mtl,fantasyTown_0.1,,
,14796,uncategorized,.obj,,,,,wheel.obj,fantasyTown_0.1/Models/OBJ format/wheel.obj,fantasyTown_0.1,,
,135,uncategorized,.mtl,,,,,windmill.mtl,fantasyTown_0.1/Models/OBJ format/windmill.mtl,fantasyTown_0.1,,
,67051,uncategorized,.obj,,,,,windmill.obj,fantasyTown_0.1/Models/OBJ format/windmill.obj,fantasyTown_0.1,,
,4784,props,.stl,,,,,bannerGreen.stl,fantasyTown_0.1/Models/STL format/bannerGreen.stl,fantasyTown_0.1,,
,4584,props,.stl,,,,,bannerRed.stl,fantasyTown_0.1/Models/STL format/bannerRed.stl,fantasyTown_0.1,,
,11684,uncategorized,.stl,,,,,blade.stl,fantasyTown_0.1/Models/STL format/blade.stl,fantasyTown_0.1,,
,36284,props,.stl,,,,,cart.stl,fantasyTown_0.1/Models/STL format/cart.stl,fantasyTown_0.1,,
,54684,props,.stl,,,,,cartHigh.stl,fantasyTown_0.1/Models/STL format/cartHigh.stl,fantasyTown_0.1,,
,2284,uncategorized,.stl,,,,,chimney.stl,fantasyTown_0.1/Models/STL format/chimney.stl,fantasyTown_0.1,,
,3884,uncategorized,.stl,,,,,chimneyBase.stl,fantasyTown_0.1/Models/STL format/chimneyBase.stl,fantasyTown_0.1,,
,4884,uncategorized,.stl,,,,,chimneyTop.stl,fantasyTown_0.1/Models/STL format/chimneyTop.stl,fantasyTown_0.1,,
,4284,uncategorized,.stl,,,,,fence.stl,fantasyTown_0.1/Models/STL format/fence.stl,fantasyTown_0.1,,
,6284,uncategorized,.stl,,,,,fenceBroken.stl,fantasyTown_0.1/Models/STL format/fenceBroken.stl,fantasyTown_0.1,,
,15484,uncategorized,.stl,,,,,fenceCurved.stl,fantasyTown_0.1/Models/STL format/fenceCurved.stl,fantasyTown_0.1,,
,26284,architecture,.stl,,,,,fenceGate.stl,fantasyTown_0.1/Models/STL format/fenceGate.stl,fantasyTown_0.1,,
,284,uncategorized,.stl,,,,,fountainCenter.stl,fantasyTown_0.1/Models/STL format/fountainCenter.stl,fantasyTown_0.1,,
,3384,uncategorized,.stl,,,,,fountainCorner.stl,fantasyTown_0.1/Models/STL format/fountainCorner.stl,fantasyTown_0.1,,
,9484,uncategorized,.stl,,,,,fountainCornerInner.stl,fantasyTown_0.1/Models/STL format/fountainCornerInner.stl,fantasyTown_0.1,,
,2684,uncategorized,.stl,,,,,fountainCornerInnerSquare.stl,fantasyTown_0.1/Models/STL format/fountainCornerInnerSquare.stl,fantasyTown_0.1,,
,14684,uncategorized,.stl,,,,,fountainCurved.stl,fantasyTown_0.1/Models/STL format/fountainCurved.stl,fantasyTown_0.1,,
,2084,uncategorized,.stl,,,,,fountainEdge.stl,fantasyTown_0.1/Models/STL format/fountainEdge.stl,fantasyTown_0.1,,
,54984,uncategorized,.stl,,,,,fountainRound.stl,fantasyTown_0.1/Models/STL format/fountainRound.stl,fantasyTown_0.1,,
,95884,uncategorized,.stl,,,,,fountainRoundDetail.stl,fantasyTown_0.1/Models/STL format/fountainRoundDetail.stl,fantasyTown_0.1,,
,5184,uncategorized,.stl,,,,,fountainSquare.stl,fantasyTown_0.1/Models/STL format/fountainSquare.stl,fantasyTown_0.1,,
,9184,uncategorized,.stl,,,,,fountainSquareDetail.stl,fantasyTown_0.1/Models/STL format/fountainSquareDetail.stl,fantasyTown_0.1,,
,1884,uncategorized,.stl,,,,,hedge.stl,fantasyTown_0.1/Models/STL format/hedge.stl,fantasyTown_0.1,,
,14884,uncategorized,.stl,,,,,hedgeCurved.stl,fantasyTown_0.1/Models/STL format/hedgeCurved.stl,fantasyTown_0.1,,
,3684,architecture,.stl,,,,,hedgeGate.stl,fantasyTown_0.1/Models/STL format/hedgeGate.stl,fantasyTown_0.1,,
,8784,uncategorized,.stl,,,,,lantern.stl,fantasyTown_0.1/Models/STL format/lantern.stl,fantasyTown_0.1,,
,4084,uncategorized,.stl,,,,,overhang.stl,fantasyTown_0.1/Models/STL format/overhang.stl,fantasyTown_0.1,,
,6284,uncategorized,.stl,,,,,pillarStone.stl,fantasyTown_0.1/Models/STL format/pillarStone.stl,fantasyTown_0.1,,
,2284,uncategorized,.stl,,,,,pillarWood.stl,fantasyTown_0.1/Models/STL format/pillarWood.stl,fantasyTown_0.1,,
,11284,uncategorized,.stl,,,,,planks.stl,fantasyTown_0.1/Models/STL format/planks.stl,fantasyTown_0.1,,
,12084,uncategorized,.stl,,,,,planksOpening.stl,fantasyTown_0.1/Models/STL format/planksOpening.stl,fantasyTown_0.1,,
,1484,uncategorized,.stl,,,,,poles.stl,fantasyTown_0.1/Models/STL format/poles.stl,fantasyTown_0.1,,
,3284,uncategorized,.stl,,,,,polesHorizontal.stl,fantasyTown_0.1/Models/STL format/polesHorizontal.stl,fantasyTown_0.1,,
,684,uncategorized,.stl,,,,,road.stl,fantasyTown_0.1/Models/STL format/road.stl,fantasyTown_0.1,,
,14184,uncategorized,.stl,,,,,roadBend.stl,fantasyTown_0.1/Models/STL format/roadBend.stl,fantasyTown_0.1,,
,7584,uncategorized,.stl,,,,,roadCorner.stl,fantasyTown_0.1/Models/STL format/roadCorner.stl,fantasyTown_0.1,,
,7384,uncategorized,.stl,,,,,roadCornerInner.stl,fantasyTown_0.1/Models/STL format/roadCornerInner.stl,fantasyTown_0.1,,
,684,uncategorized,.stl,,,,,roadCurb.stl,fantasyTown_0.1/Models/STL format/roadCurb.stl,fantasyTown_0.1,,
,1884,uncategorized,.stl,,,,,roadEdge.stl,fantasyTown_0.1/Models/STL format/roadEdge.stl,fantasyTown_0.1,,
,1984,uncategorized,.stl,,,,,roadEdgeSlope.stl,fantasyTown_0.1/Models/STL format/roadEdgeSlope.stl,fantasyTown_0.1,,
,684,uncategorized,.stl,,,,,roadSlope.stl,fantasyTown_0.1/Models/STL format/roadSlope.stl,fantasyTown_0.1,,
,6084,terrain,.stl,,,,,rockLarge.stl,fantasyTown_0.1/Models/STL format/rockLarge.stl,fantasyTown_0.1,,
,3484,terrain,.stl,,,,,rockSmall.stl,fantasyTown_0.1/Models/STL format/rockSmall.stl,fantasyTown_0.1,,
,4884,terrain,.stl,,,,,rockWide.stl,fantasyTown_0.1/Models/STL format/rockWide.stl,fantasyTown_0.1,,
,3284,architecture,.stl,,,,,roof.stl,fantasyTown_0.1/Models/STL format/roof.stl,fantasyTown_0.1,,
,1884,architecture,.stl,,,,,roofCorner.stl,fantasyTown_0.1/Models/STL format/roofCorner.stl,fantasyTown_0.1,,
,1584,architecture,.stl,,,,,roofCornerInner.stl,fantasyTown_0.1/Models/STL format/roofCornerInner.stl,fantasyTown_0.1,,
,1084,architecture,.stl,,,,,roofFlat.stl,fantasyTown_0.1/Models/STL format/roofFlat.stl,fantasyTown_0.1,,
,3684,architecture,.stl,,,,,roofGable.stl,fantasyTown_0.1/Models/STL format/roofGable.stl,fantasyTown_0.1,,
,6484,architecture,.stl,,,,,roofGableDetail.stl,fantasyTown_0.1/Models/STL format/roofGableDetail.stl,fantasyTown_0.1,,
,2584,architecture,.stl,,,,,roofGableEnd.stl,fantasyTown_0.1/Models/STL format/roofGableEnd.stl,fantasyTown_0.1,,
,2884,architecture,.stl,,,,,roofGableTop.stl,fantasyTown_0.1/Models/STL format/roofGableTop.stl,fantasyTown_0.1,,
,3284,architecture,.stl,,,,,roofHigh.stl,fantasyTown_0.1/Models/STL format/roofHigh.stl,fantasyTown_0.1,,
,1884,architecture,.stl,,,,,roofHighCorner.stl,fantasyTown_0.1/Models/STL format/roofHighCorner.stl,fantasyTown_0.1,,
,1584,architecture,.stl,,,,,roofHighCornerInner.stl,fantasyTown_0.1/Models/STL format/roofHighCornerInner.stl,fantasyTown_0.1,,
,1084,architecture,.stl,,,,,roofHighFlat.stl,fantasyTown_0.1/Models/STL format/roofHighFlat.stl,fantasyTown_0.1,,
,3684,architecture,.stl,,,,,roofHighGable.stl,fantasyTown_0.1/Models/STL format/roofHighGable.stl,fantasyTown_0.1,,
,7084,architecture,.stl,,,,,roofHighGableDetail.stl,fantasyTown_0.1/Models/STL format/roofHighGableDetail.stl,fantasyTown_0.1,,
,2684,architecture,.stl,,,,,roofHighGableEnd.stl,fantasyTown_0.1/Models/STL format/roofHighGableEnd.stl,fantasyTown_0.1,,
,2884,architecture,.stl,,,,,roofHighGableTop.stl,fantasyTown_0.1/Models/STL format/roofHighGableTop.stl,fantasyTown_0.1,,
,4284,architecture,.stl,,,,,roofHighLeft.stl,fantasyTown_0.1/Models/STL format/roofHighLeft.stl,fantasyTown_0.1,,
,2684,architecture,.stl,,,,,roofHighPoint.stl,fantasyTown_0.1/Models/STL format/roofHighPoint.stl,fantasyTown_0.1,,
,4284,architecture,.stl,,,,,roofHighRight.stl,fantasyTown_0.1/Models/STL format/roofHighRight.stl,fantasyTown_0.1,,
,12984,architecture,.stl,,,,,roofHighWindow.stl,fantasyTown_0.1/Models/STL format/roofHighWindow.stl,fantasyTown_0.1,,
,4284,architecture,.stl,,,,,roofLeft.stl,fantasyTown_0.1/Models/STL format/roofLeft.stl,fantasyTown_0.1,,
,2684,architecture,.stl,,,,,roofPoint.stl,fantasyTown_0.1/Models/STL format/roofPoint.stl,fantasyTown_0.1,,
,4284,architecture,.stl,,,,,roofRight.stl,fantasyTown_0.1/Models/STL format/roofRight.stl,fantasyTown_0.1,,
,8884,architecture,.stl,,,,,roofWindow.stl,fantasyTown_0.1/Models/STL format/roofWindow.stl,fantasyTown_0.1,,
,6884,uncategorized,.stl,,,,,stairsStone.stl,fantasyTown_0.1/Models/STL format/stairsStone.stl,fantasyTown_0.1,,
,7284,uncategorized,.stl,,,,,stairsStoneCorner.stl,fantasyTown_0.1/Models/STL format/stairsStoneCorner.stl,fantasyTown_0.1,,
,13684,uncategorized,.stl,,,,,stairsStoneHandrail.stl,fantasyTown_0.1/Models/STL format/stairsStoneHandrail.stl,fantasyTown_0.1,,
,8284,uncategorized,.stl,,,,,stairsStoneRound.stl,fantasyTown_0.1/Models/STL format/stairsStoneRound.stl,fantasyTown_0.1,,
,21684,uncategorized,.stl,,,,,stairsWood.stl,fantasyTown_0.1/Models/STL format/stairsWood.stl,fantasyTown_0.1,,
,28484,uncategorized,.stl,,,,,stairsWoodHandrail.stl,fantasyTown_0.1/Models/STL format/stairsWoodHandrail.stl,fantasyTown_0.1,,
,8284,uncategorized,.stl,,,,,stall.stl,fantasyTown_0.1/Models/STL format/stall.stl,fantasyTown_0.1,,
,8284,uncategorized,.stl,,,,,stallBench.stl,fantasyTown_0.1/Models/STL format/stallBench.stl,fantasyTown_0.1,,
,41184,uncategorized,.stl,,,,,stallGreen.stl,fantasyTown_0.1/Models/STL format/stallGreen.stl,fantasyTown_0.1,,
,38284,uncategorized,.stl,,,,,stallRed.stl,fantasyTown_0.1/Models/STL format/stallRed.stl,fantasyTown_0.1,,
,8284,uncategorized,.stl,,,,,stallStool.stl,fantasyTown_0.1/Models/STL format/stallStool.stl,fantasyTown_0.1,,
,9984,vegetation,.stl,,,,,tree.stl,fantasyTown_0.1/Models/STL format/tree.stl,fantasyTown_0.1,,
,10784,vegetation,.stl,,,,,treeCrooked.stl,fantasyTown_0.1/Models/STL format/treeCrooked.stl,fantasyTown_0.1,,
,11584,vegetation,.stl,,,,,treeHigh.stl,fantasyTown_0.1/Models/STL format/treeHigh.stl,fantasyTown_0.1,,
,12384,vegetation,.stl,,,,,treeHighCrooked.stl,fantasyTown_0.1/Models/STL format/treeHighCrooked.stl,fantasyTown_0.1,,
,6684,vegetation,.stl,,,,,treeHighRound.stl,fantasyTown_0.1/Models/STL format/treeHighRound.stl,fantasyTown_0.1,,
,2284,architecture,.stl,,,,,wall.stl,fantasyTown_0.1/Models/STL format/wall.stl,fantasyTown_0.1,,
,2284,architecture,.stl,,,,,wallArch.stl,fantasyTown_0.1/Models/STL format/wallArch.stl,fantasyTown_0.1,,
,9484,architecture,.stl,,,,,wallArchTop.stl,fantasyTown_0.1/Models/STL format/wallArchTop.stl,fantasyTown_0.1,,
,12084,architecture,.stl,,,,,wallArchTopDetail.stl,fantasyTown_0.1/Models/STL format/wallArchTopDetail.stl,fantasyTown_0.1,,
,3984,architecture,.stl,,,,,wallBlock.stl,fantasyTown_0.1/Models/STL format/wallBlock.stl,fantasyTown_0.1,,
,3984,architecture,.stl,,,,,wallBlockHalf.stl,fantasyTown_0.1/Models/STL format/wallBlockHalf.stl,fantasyTown_0.1,,
,8784,architecture,.stl,,,,,wallBroken.stl,fantasyTown_0.1/Models/STL format/wallBroken.stl,fantasyTown_0.1,,
,3884,architecture,.stl,,,,,wallCorner.stl,fantasyTown_0.1/Models/STL format/wallCorner.stl,fantasyTown_0.1,,
,8884,architecture,.stl,,,,,wallCornerDetail.stl,fantasyTown_0.1/Models/STL format/wallCornerDetail.stl,fantasyTown_0.1,,
,3084,architecture,.stl,,,,,wallCornerDiagonal.stl,fantasyTown_0.1/Models/STL format/wallCornerDiagonal.stl,fantasyTown_0.1,,
,2684,architecture,.stl,,,,,wallCornerEdge.stl,fantasyTown_0.1/Models/STL format/wallCornerEdge.stl,fantasyTown_0.1,,
,6684,architecture,.stl,,,,,wallCurved.stl,fantasyTown_0.1/Models/STL format/wallCurved.stl,fantasyTown_0.1,,
,7084,architecture,.stl,,,,,wallDetailCross.stl,fantasyTown_0.1/Models/STL format/wallDetailCross.stl,fantasyTown_0.1,,
,3884,architecture,.stl,,,,,wallDetailDiagonal.stl,fantasyTown_0.1/Models/STL format/wallDetailDiagonal.stl,fantasyTown_0.1,,
,4684,architecture,.stl,,,,,wallDetailHorizontal.stl,fantasyTown_0.1/Models/STL format/wallDetailHorizontal.stl,fantasyTown_0.1,,
,1884,architecture,.stl,,,,,wallDiagonal.stl,fantasyTown_0.1/Models/STL format/wallDiagonal.stl,fantasyTown_0.1,,
,21884,architecture,.stl,,,,,wallDoor.stl,fantasyTown_0.1/Models/STL format/wallDoor.stl,fantasyTown_0.1,,
,4684,architecture,.stl,,,,,wallDoorwayBase.stl,fantasyTown_0.1/Models/STL format/wallDoorwayBase.stl,fantasyTown_0.1,,
,18484,architecture,.stl,,,,,wallDoorwayRound.stl,fantasyTown_0.1/Models/STL format/wallDoorwayRound.stl,fantasyTown_0.1,,
,4684,architecture,.stl,,,,,wallDoorwaySquare.stl,fantasyTown_0.1/Models/STL format/wallDoorwaySquare.stl,fantasyTown_0.1,,
,3084,architecture,.stl,,,,,wallDoorwaySquareWide.stl,fantasyTown_0.1/Models/STL format/wallDoorwaySquareWide.stl,fantasyTown_0.1,,
,10284,architecture,.stl,,,,,wallDoorwaySquareWideCurved.stl,fantasyTown_0.1/Models/STL format/wallDoorwaySquareWideCurved.stl,fantasyTown_0.1,,
,2284,architecture,.stl,,,,,wallHalf.stl,fantasyTown_0.1/Models/STL format/wallHalf.stl,fantasyTown_0.1,,
,7484,architecture,.stl,,,,,wallRounded.stl,fantasyTown_0.1/Models/STL format/wallRounded.stl,fantasyTown_0.1,,
,1484,architecture,.stl,,,,,wallSide.stl,fantasyTown_0.1/Models/STL format/wallSide.stl,fantasyTown_0.1,,
,2284,architecture,.stl,,,,,wallSlope.stl,fantasyTown_0.1/Models/STL format/wallSlope.stl,fantasyTown_0.1,,
,9484,architecture,.stl,,,,,wallWindowGlass.stl,fantasyTown_0.1/Models/STL format/wallWindowGlass.stl,fantasyTown_0.1,,
,14684,architecture,.stl,,,,,wallWindowRound.stl,fantasyTown_0.1/Models/STL format/wallWindowRound.stl,fantasyTown_0.1,,
,15084,architecture,.stl,,,,,wallWindowShutters.stl,fantasyTown_0.1/Models/STL format/wallWindowShutters.stl,fantasyTown_0.1,,
,5884,architecture,.stl,,,,,wallWindowSmall.stl,fantasyTown_0.1/Models/STL format/wallWindowSmall.stl,fantasyTown_0.1,,
,11284,architecture,.stl,,,,,wallWindowStone.stl,fantasyTown_0.1/Models/STL format/wallWindowStone.stl,fantasyTown_0.1,,
,2284,architecture,.stl,,,,,wallWood.stl,fantasyTown_0.1/Models/STL format/wallWood.stl,fantasyTown_0.1,,
,2284,architecture,.stl,,,,,wallWoodArch.stl,fantasyTown_0.1/Models/STL format/wallWoodArch.stl,fantasyTown_0.1,,
,9484,architecture,.stl,,,,,wallWoodArchTop.stl,fantasyTown_0.1/Models/STL format/wallWoodArchTop.stl,fantasyTown_0.1,,
,12084,architecture,.stl,,,,,wallWoodArchTopDetail.stl,fantasyTown_0.1/Models/STL format/wallWoodArchTopDetail.stl,fantasyTown_0.1,,
,3984,architecture,.stl,,,,,wallWoodBlock.stl,fantasyTown_0.1/Models/STL format/wallWoodBlock.stl,fantasyTown_0.1,,
,3984,architecture,.stl,,,,,wallWoodBlockHalf.stl,fantasyTown_0.1/Models/STL format/wallWoodBlockHalf.stl,fantasyTown_0.1,,
,8784,architecture,.stl,,,,,wallWoodBroken.stl,fantasyTown_0.1/Models/STL format/wallWoodBroken.stl,fantasyTown_0.1,,
,3884,architecture,.stl,,,,,wallWoodCorner.stl,fantasyTown_0.1/Models/STL format/wallWoodCorner.stl,fantasyTown_0.1,,
,3084,architecture,.stl,,,,,wallWoodCornerDiagonal.stl,fantasyTown_0.1/Models/STL format/wallWoodCornerDiagonal.stl,fantasyTown_0.1,,
,2684,architecture,.stl,,,,,wallWoodCornerEdge.stl,fantasyTown_0.1/Models/STL format/wallWoodCornerEdge.stl,fantasyTown_0.1,,
,6684,architecture,.stl,,,,,wallWoodCurved.stl,fantasyTown_0.1/Models/STL format/wallWoodCurved.stl,fantasyTown_0.1,,
,7084,architecture,.stl,,,,,wallWoodDetailCross.stl,fantasyTown_0.1/Models/STL format/wallWoodDetailCross.stl,fantasyTown_0.1,,
,4284,architecture,.stl,,,,,wallWoodDetailDiagonal.stl,fantasyTown_0.1/Models/STL format/wallWoodDetailDiagonal.stl,fantasyTown_0.1,,
,4684,architecture,.stl,,,,,wallWoodDetailHorizontal.stl,fantasyTown_0.1/Models/STL format/wallWoodDetailHorizontal.stl,fantasyTown_0.1,,
,1884,architecture,.stl,,,,,wallWoodDiagonal.stl,fantasyTown_0.1/Models/STL format/wallWoodDiagonal.stl,fantasyTown_0.1,,
,24684,architecture,.stl,,,,,wallWoodDoor.stl,fantasyTown_0.1/Models/STL format/wallWoodDoor.stl,fantasyTown_0.1,,
,4684,architecture,.stl,,,,,wallWoodDoorwayBase.stl,fantasyTown_0.1/Models/STL format/wallWoodDoorwayBase.stl,fantasyTown_0.1,,
,18484,architecture,.stl,,,,,wallWoodDoorwayRound.stl,fantasyTown_0.1/Models/STL format/wallWoodDoorwayRound.stl,fantasyTown_0.1,,
,5484,architecture,.stl,,,,,wallWoodDoorwaySquare.stl,fantasyTown_0.1/Models/STL format/wallWoodDoorwaySquare.stl,fantasyTown_0.1,,
,3084,architecture,.stl,,,,,wallWoodDoorwaySquareWide.stl,fantasyTown_0.1/Models/STL format/wallWoodDoorwaySquareWide.stl,fantasyTown_0.1,,
,10284,architecture,.stl,,,,,wallWoodDoorwaySquareWideCurved.stl,fantasyTown_0.1/Models/STL format/wallWoodDoorwaySquareWideCurved.stl,fantasyTown_0.1,,
,2284,architecture,.stl,,,,,wallWoodHalf.stl,fantasyTown_0.1/Models/STL format/wallWoodHalf.stl,fantasyTown_0.1,,
,7484,architecture,.stl,,,,,wallWoodRounded.stl,fantasyTown_0.1/Models/STL format/wallWoodRounded.stl,fantasyTown_0.1,,
,1484,architecture,.stl,,,,,wallWoodSide.stl,fantasyTown_0.1/Models/STL format/wallWoodSide.stl,fantasyTown_0.1,,
,4884,architecture,.stl,,,,,wallWoodSlope.stl,fantasyTown_0.1/Models/STL format/wallWoodSlope.stl,fantasyTown_0.1,,
,8084,architecture,.stl,,,,,wallWoodWindowGlass.stl,fantasyTown_0.1/Models/STL format/wallWoodWindowGlass.stl,fantasyTown_0.1,,
,15484,architecture,.stl,,,,,wallWoodWindowRound.stl,fantasyTown_0.1/Models/STL format/wallWoodWindowRound.stl,fantasyTown_0.1,,
,8084,architecture,.stl,,,,,wallWoodWindowShutters.stl,fantasyTown_0.1/Models/STL format/wallWoodWindowShutters.stl,fantasyTown_0.1,,
,7484,architecture,.stl,,,,,wallWoodWindowSmall.stl,fantasyTown_0.1/Models/STL format/wallWoodWindowSmall.stl,fantasyTown_0.1,,
,14284,architecture,.stl,,,,,wallWoodWindowStone.stl,fantasyTown_0.1/Models/STL format/wallWoodWindowStone.stl,fantasyTown_0.1,,
,30684,water,.stl,,,,,watermill.stl,fantasyTown_0.1/Models/STL format/watermill.stl,fantasyTown_0.1,,
,11884,uncategorized,.stl,,,,,wheel.stl,fantasyTown_0.1/Models/STL format/wheel.stl,fantasyTown_0.1,,
,47884,uncategorized,.stl,,,,,windmill.stl,fantasyTown_0.1/Models/STL format/windmill.stl,fantasyTown_0.1,,
,55,uncategorized,.url,,,,,Patreon.url,fantasyTown_0.1/Patreon.url,fantasyTown_0.1,,
,27948,uncategorized,.fbx,,,,,Balcony_Cross_Corner.fbx,Medieval Village MegaKit[Standard]/Medieval Village MegaKit[Standard]/FBX/Balcony_Cross_Corner.fbx,Medieval Village MegaKit[Standard],,
,25004,uncategorized,.fbx,,,,,Balcony_Cross_Straight.fbx,Medieval Village MegaKit[Standard]/Medieval Village MegaKit[Standard]/FBX/Balcony_Cross_Straight.fbx,Medieval Village MegaKit[Standard],,
,62700,uncategorized,.fbx,,,,,Balcony_Simple_Corner.fbx,Medieval Village MegaKit[Standard]/Medieval Village MegaKit[Standard]/FBX/Balcony_Simple_Corner.fbx,Medieval Village MegaKit[Standard],,
,42236,uncategorized,.fbx,,,,,Balcony_Simple_Straight.fbx,Medieval Village MegaKit[Standard]/Medieval Village MegaKit[Standard]/FBX/Balcony_Simple_Straight.fbx,Medieval Village MegaKit[Standard],,
,103916,uncategorized,.fbx,,,,,Corner_Exterior_Brick.fbx,Medieval Village MegaKit[Standard]/Medieval Village MegaKit[Standard]/FBX/Corner_Exterior_Brick.fbx,Medieval Village MegaKit[Standard],,
,22428,uncategorized,.fbx,,,,,Corner_Exterior_TopDown.fbx,Medieval Village MegaKit[Standard]/Medieval Village MegaKit[Standard]/FBX/Corner_Exterior_TopDown.fbx,Medieval Village MegaKit[Standard],,
,21996,uncategorized,.fbx,,,,,Corner_Exterior_TopOnly.fbx,Medieval Village MegaKit[Standard]/Medieval Village MegaKit[Standard]/FBX/Corner_Exterior_TopOnly.fbx,Medieval Village MegaKit[Standard],,
,22028,uncategorized,.fbx,,,,,Corner_Exterior_Wood.fbx,Medieval Village MegaKit[Standard]/Medieval Village MegaKit[Standard]/FBX/Corner_Exterior_Wood.fbx,Medieval Village MegaKit[Standard],,
,98828,uncategorized,.fbx,,,,,Corner_ExteriorWide_Brick.fbx,Medieval Village MegaKit[Standard]/Medieval Village MegaKit[Standard]/FBX/Corner_ExteriorWide_Brick.fbx,Medieval Village MegaKit[Standard],,
,22796,uncategorized,.fbx,,,,,Corner_ExteriorWide_Wood.fbx,Medieval Village MegaKit[Standard]/Medieval Village MegaKit[Standard]/FBX/Corner_ExteriorWide_Wood.fbx,Medieval Village MegaKit[Standard],,
,22252,uncategorized,.fbx,,,,,Corner_Interior_Big.fbx,Medieval Village MegaKit[Standard]/Medieval Village MegaKit[Standard]/FBX/Corner_Interior_Big.fbx,Medieval Village MegaKit[Standard],,
,22012,uncategorized,.fbx,,,,,Corner_Interior_Small.fbx,Medieval Village MegaKit[Standard]/Medieval Village MegaKit[Standard]/FBX/Corner_Interior_Small.fbx,Medieval Village MegaKit[Standard],,
,33436,architecture,.fbx,,,,,Door_1_Flat.fbx,Medieval Village MegaKit[Standard]/Medieval Village MegaKit[Standard]/FBX/Door_1_Flat.fbx,Medieval Village MegaKit[Standard],,
,37932,architecture,.fbx,,,,,Door_1_Round.fbx,Medieval Village MegaKit[Standard]/Medieval Village MegaKit[Standard]/FBX/Door_1_Round.fbx,Medieval Village MegaKit[Standard],,
,164156,architecture,.fbx,,,,,Door_2_Flat.fbx,Medieval Village MegaKit[Standard]/Medieval Village MegaKit[Standard]/FBX/Door_2_Flat.fbx,Medieval Village MegaKit[Standard],,
,169788,architecture,.fbx,,,,,Door_2_Round.fbx,Medieval Village MegaKit[Standard]/Medieval Village MegaKit[Standard]/FBX/Door_2_Round.fbx,Medieval Village MegaKit[Standard],,
,57020,architecture,.fbx,,,,,Door_4_Flat.fbx,Medieval Village MegaKit[Standard]/Medieval Village MegaKit[Standard]/FBX/Door_4_Flat.fbx,Medieval Village MegaKit[Standard],,
,62316,architecture,.fbx,,,,,Door_4_Round.fbx,Medieval Village MegaKit[Standard]/Medieval Village MegaKit[Standard]/FBX/Door_4_Round.fbx,Medieval Village MegaKit[Standard],,
,53036,architecture,.fbx,,,,,Door_8_Flat.fbx,Medieval Village MegaKit[Standard]/Medieval Village MegaKit[Standard]/FBX/Door_8_Flat.fbx,Medieval Village MegaKit[Standard],,
,59452,architecture,.fbx,,,,,Door_8_Round.fbx,Medieval Village MegaKit[Standard]/Medieval Village MegaKit[Standard]/FBX/Door_8_Round.fbx,Medieval Village MegaKit[Standard],,
,72556,architecture,.fbx,,,,,DoorFrame_Flat_Brick.fbx,Medieval Village MegaKit[Standard]/Medieval Village MegaKit[Standard]/FBX/DoorFrame_Flat_Brick.fbx,Medieval Village MegaKit[Standard],,
,23132,architecture,.fbx,,,,,DoorFrame_Flat_WoodDark.fbx,Medieval Village MegaKit[Standard]/Medieval Village MegaKit[Standard]/FBX/DoorFrame_Flat_WoodDark.fbx,Medieval Village MegaKit[Standard],,
,75884,architecture,.fbx,,,,,DoorFrame_Round_Brick.fbx,Medieval Village MegaKit[Standard]/Medieval Village MegaKit[Standard]/FBX/DoorFrame_Round_Brick.fbx,Medieval Village MegaKit[Standard],,
,29036,architecture,.fbx,,,,,DoorFrame_Round_WoodDark.fbx,Medieval Village MegaKit[Standard]/Medieval Village MegaKit[Standard]/FBX/DoorFrame_Round_WoodDark.fbx,Medieval Village MegaKit[Standard],,
,21692,uncategorized,.fbx,,,,,Floor_Brick.fbx,Medieval Village MegaKit[Standard]/Medieval Village MegaKit[Standard]/FBX/Floor_Brick.fbx,Medieval Village MegaKit[Standard],,
,21724,uncategorized,.fbx,,,,,Floor_RedBrick.fbx,Medieval Village MegaKit[Standard]/Medieval Village MegaKit[Standard]/FBX/Floor_RedBrick.fbx,Medieval Village MegaKit[Standard],,
,21836,uncategorized,.fbx,,,,,Floor_UnevenBrick.fbx,Medieval Village MegaKit[Standard]/Medieval Village MegaKit[Standard]/FBX/Floor_UnevenBrick.fbx,Medieval Village MegaKit[Standard],,
,22284,uncategorized,.fbx,,,,,Floor_WoodDark.fbx,Medieval Village MegaKit[Standard]/Medieval Village MegaKit[Standard]/FBX/Floor_WoodDark.fbx,Medieval Village MegaKit[Standard],,
,22364,uncategorized,.fbx,,,,,Floor_WoodDark_Half1.fbx,Medieval Village MegaKit[Standard]/Medieval Village MegaKit[Standard]/FBX/Floor_WoodDark_Half1.fbx,Medieval Village MegaKit[Standard],,
,22364,uncategorized,.fbx,,,,,Floor_WoodDark_Half2.fbx,Medieval Village MegaKit[Standard]/Medieval Village MegaKit[Standard]/FBX/Floor_WoodDark_Half2.fbx,Medieval Village MegaKit[Standard],,
,22172,uncategorized,.fbx,,,,,Floor_WoodDark_Half3.fbx,Medieval Village MegaKit[Standard]/Medieval Village MegaKit[Standard]/FBX/Floor_WoodDark_Half3.fbx,Medieval Village MegaKit[Standard],,
,22348,uncategorized,.fbx,,,,,Floor_WoodDark_OverhangCorner.fbx,Medieval Village MegaKit[Standard]/Medieval Village MegaKit[Standard]/FBX/Floor_WoodDark_OverhangCorner.fbx,Medieval Village MegaKit[Standard],,
,22412,uncategorized,.fbx,,,,,Floor_WoodDark_OverhangCorner2.fbx,Medieval Village MegaKit[Standard]/Medieval Village MegaKit[Standard]/FBX/Floor_WoodDark_OverhangCorner2.fbx,Medieval Village MegaKit[Standard],,
,22284,uncategorized,.fbx,,,,,Floor_WoodLight.fbx,Medieval Village MegaKit[Standard]/Medieval Village MegaKit[Standard]/FBX/Floor_WoodLight.fbx,Medieval Village MegaKit[Standard],,
,22364,uncategorized,.fbx,,,,,Floor_WoodLight_OverhangCorner.fbx,Medieval Village MegaKit[Standard]/Medieval Village MegaKit[Standard]/FBX/Floor_WoodLight_OverhangCorner.fbx,Medieval Village MegaKit[Standard],,
,22412,uncategorized,.fbx,,,,,Floor_WoodLight_OverhangCorner2.fbx,Medieval Village MegaKit[Standard]/Medieval Village MegaKit[Standard]/FBX/Floor_WoodLight_OverhangCorner2.fbx,Medieval Village MegaKit[Standard],,
,22124,uncategorized,.fbx,,,,,HoleCover_90Angle.fbx,Medieval Village MegaKit[Standard]/Medieval Village MegaKit[Standard]/FBX/HoleCover_90Angle.fbx,Medieval Village MegaKit[Standard],,
,22252,uncategorized,.fbx,,,,,HoleCover_90Half.fbx,Medieval Village MegaKit[Standard]/Medieval Village MegaKit[Standard]/FBX/HoleCover_90Half.fbx,Medieval Village MegaKit[Standard],,
,22124,uncategorized,.fbx,,,,,HoleCover_90Stairs.fbx,Medieval Village MegaKit[Standard]/Medieval Village MegaKit[Standard]/FBX/HoleCover_90Stairs.fbx,Medieval Village MegaKit[Standard],,
,22012,uncategorized,.fbx,,,,,HoleCover_Straight.fbx,Medieval Village MegaKit[Standard]/Medieval Village MegaKit[Standard]/FBX/HoleCover_Straight.fbx,Medieval Village MegaKit[Standard],,
,21964,uncategorized,.fbx,,,,,HoleCover_StraightHalf.fbx,Medieval Village MegaKit[Standard]/Medieval Village MegaKit[Standard]/FBX/HoleCover_StraightHalf.fbx,Medieval Village MegaKit[Standard],,
,36556,uncategorized,.fbx,,,,,Overhang_Plaster_Corner.fbx,Medieval Village MegaKit[Standard]/Medieval Village MegaKit[Standard]/FBX/Overhang_Plaster_Corner.fbx,Medieval Village MegaKit[Standard],,
,29084,uncategorized,.fbx,,,,,Overhang_Plaster_Corner_Front.fbx,Medieval Village MegaKit[Standard]/Medieval Village MegaKit[Standard]/FBX/Overhang_Plaster_Corner_Front.fbx,Medieval Village MegaKit[Standard],,
,31804,uncategorized,.fbx,,,,,Overhang_Plaster_Long.fbx,Medieval Village MegaKit[Standard]/Medieval Village MegaKit[Standard]/FBX/Overhang_Plaster_Long.fbx,Medieval Village MegaKit[Standard],,
,32380,uncategorized,.fbx,,,,,Overhang_Plaster_Short.fbx,Medieval Village MegaKit[Standard]/Medieval Village MegaKit[Standard]/FBX/Overhang_Plaster_Short.fbx,Medieval Village MegaKit[Standard],,
,26316,architecture,.fbx,,,,,Overhang_Roof_Plaster.fbx,Medieval Village MegaKit[Standard]/Medieval Village MegaKit[Standard]/FBX/Overhang_Roof_Plaster.fbx,Medieval Village MegaKit[Standard],,
,27804,architecture,.fbx,,,,,Overhang_Roof_UnevenBricks.fbx,Medieval Village MegaKit[Standard]/Medieval Village MegaKit[Standard]/FBX/Overhang_Roof_UnevenBricks.fbx,Medieval Village MegaKit[Standard],,
,26348,architecture,.fbx,,,,,Overhang_RoofIncline_Plaster.fbx,Medieval Village MegaKit[Standard]/Medieval Village MegaKit[Standard]/FBX/Overhang_RoofIncline_Plaster.fbx,Medieval Village MegaKit[Standard],,
,27820,architecture,.fbx,,,,,Overhang_RoofIncline_UnevenBricks.fbx,Medieval Village MegaKit[Standard]/Medieval Village MegaKit[Standard]/FBX/Overhang_RoofIncline_UnevenBricks.fbx,Medieval Village MegaKit[Standard],,
,34764,uncategorized,.fbx,,,,,Overhang_Side_Plaster_Long_L.fbx,Medieval Village MegaKit[Standard]/Medieval Village MegaKit[Standard]/FBX/Overhang_Side_Plaster_Long_L.fbx,Medieval Village MegaKit[Standard],,
,34828,uncategorized,.fbx,,,,,Overhang_Side_Plaster_Long_R.fbx,Medieval Village MegaKit[Standard]/Medieval Village MegaKit[Standard]/FBX/Overhang_Side_Plaster_Long_R.fbx,Medieval Village MegaKit[Standard],,
,33932,uncategorized,.fbx,,,,,Overhang_Side_Plaster_Short_L.fbx,Medieval Village MegaKit[Standard]/Medieval Village MegaKit[Standard]/FBX/Overhang_Side_Plaster_Short_L.fbx,Medieval Village MegaKit[Standard],,
,33980,uncategorized,.fbx,,,,,Overhang_Side_Plaster_Short_R.fbx,Medieval Village MegaKit[Standard]/Medieval Village MegaKit[Standard]/FBX/Overhang_Side_Plaster_Short_R.fbx,Medieval Village MegaKit[Standard],,
,39148,uncategorized,.fbx,,,,,Overhang_Side_UnevenBrick_Long_L.fbx,Medieval Village MegaKit[Standard]/Medieval Village MegaKit[Standard]/FBX/Overhang_Side_UnevenBrick_Long_L.fbx,Medieval Village MegaKit[Standard],,
,39196,uncategorized,.fbx,,,,,Overhang_Side_UnevenBrick_Long_R.fbx,Medieval Village MegaKit[Standard]/Medieval Village MegaKit[Standard]/FBX/Overhang_Side_UnevenBrick_Long_R.fbx,Medieval Village MegaKit[Standard],,
,38892,uncategorized,.fbx,,,,,Overhang_Side_UnevenBrick_Short_L.fbx,Medieval Village MegaKit[Standard]/Medieval Village MegaKit[Standard]/FBX/Overhang_Side_UnevenBrick_Short_L.fbx,Medieval Village MegaKit[Standard],,
,38940,uncategorized,.fbx,,,,,Overhang_Side_UnevenBrick_Short_R.fbx,Medieval Village MegaKit[Standard]/Medieval Village MegaKit[Standard]/FBX/Overhang_Side_UnevenBrick_Short_R.fbx,Medieval Village MegaKit[Standard],,
,41340,uncategorized,.fbx,,,,,Overhang_UnevenBrick_Corner.fbx,Medieval Village MegaKit[Standard]/Medieval Village MegaKit[Standard]/FBX/Overhang_UnevenBrick_Corner.fbx,Medieval Village MegaKit[Standard],,
,32252,uncategorized,.fbx,,,,,Overhang_UnevenBrick_Corner_Front.fbx,Medieval Village MegaKit[Standard]/Medieval Village MegaKit[Standard]/FBX/Overhang_UnevenBrick_Corner_Front.fbx,Medieval Village MegaKit[Standard],,
,36748,uncategorized,.fbx,,,,,Overhang_UnevenBrick_Long.fbx,Medieval Village MegaKit[Standard]/Medieval Village MegaKit[Standard]/FBX/Overhang_UnevenBrick_Long.fbx,Medieval Village MegaKit[Standard],,
,37308,uncategorized,.fbx,,,,,Overhang_UnevenBrick_Short.fbx,Medieval Village MegaKit[Standard]/Medieval Village MegaKit[Standard]/FBX/Overhang_UnevenBrick_Short.fbx,Medieval Village MegaKit[Standard],,
,23836,uncategorized,.fbx,,,,,Prop_Brick1.fbx,Medieval Village MegaKit[Standard]/Medieval Village MegaKit[Standard]/FBX/Prop_Brick1.fbx,Medieval Village MegaKit[Standard],,
,23452,uncategorized,.fbx,,,,,Prop_Brick2.fbx,Medieval Village MegaKit[Standard]/Medieval Village MegaKit[Standard]/FBX/Prop_Brick2.fbx,Medieval Village MegaKit[Standard],,
,24460,uncategorized,.fbx,,,,,Prop_Brick3.fbx,Medieval Village MegaKit[Standard]/Medieval Village MegaKit[Standard]/FBX/Prop_Brick3.fbx,Medieval Village MegaKit[Standard],,
,24396,uncategorized,.fbx,,,,,Prop_Brick4.fbx,Medieval Village MegaKit[Standard]/Medieval Village MegaKit[Standard]/FBX/Prop_Brick4.fbx,Medieval Village MegaKit[Standard],,
,44044,uncategorized,.fbx,,,,,Prop_Chimney.fbx,Medieval Village MegaKit[Standard]/Medieval Village MegaKit[Standard]/FBX/Prop_Chimney.fbx,Medieval Village MegaKit[Standard],,
,25532,uncategorized,.fbx,,,,,Prop_Chimney2.fbx,Medieval Village MegaKit[Standard]/Medieval Village MegaKit[Standard]/FBX/Prop_Chimney2.fbx,Medieval Village MegaKit[Standard],,
,26796,props,.fbx,,,,,Prop_Crate.fbx,Medieval Village MegaKit[Standard]/Medieval Village MegaKit[Standard]/FBX/Prop_Crate.fbx,Medieval Village MegaKit[Standard],,
,20748,uncategorized,.fbx,,,,,Prop_ExteriorBorder_Corner.fbx,Medieval Village MegaKit[Standard]/Medieval Village MegaKit[Standard]/FBX/Prop_ExteriorBorder_Corner.fbx,Medieval Village MegaKit[Standard],,
,20732,uncategorized,.fbx,,,,,Prop_ExteriorBorder_Straight1.fbx,Medieval Village MegaKit[Standard]/Medieval Village MegaKit[Standard]/FBX/Prop_ExteriorBorder_Straight1.fbx,Medieval Village MegaKit[Standard],,
,20732,uncategorized,.fbx,,,,,Prop_ExteriorBorder_Straight2.fbx,Medieval Village MegaKit[Standard]/Medieval Village MegaKit[Standard]/FBX/Prop_ExteriorBorder_Straight2.fbx,Medieval Village MegaKit[Standard],,
,119068,uncategorized,.fbx,,,,,Prop_MetalFence_Ornament.fbx,Medieval Village MegaKit[Standard]/Medieval Village MegaKit[Standard]/FBX/Prop_MetalFence_Ornament.fbx,Medieval Village MegaKit[Standard],,
,82284,uncategorized,.fbx,,,,,Prop_MetalFence_Simple.fbx,Medieval Village MegaKit[Standard]/Medieval Village MegaKit[Standard]/FBX/Prop_MetalFence_Simple.fbx,Medieval Village MegaKit[Standard],,
,22396,uncategorized,.fbx,,,,,Prop_Support.fbx,Medieval Village MegaKit[Standard]/Medieval Village MegaKit[Standard]/FBX/Prop_Support.fbx,Medieval Village MegaKit[Standard],,
,23676,vegetation,.fbx,,,,,Prop_Vine1.fbx,Medieval Village MegaKit[Standard]/Medieval Village MegaKit[Standard]/FBX/Prop_Vine1.fbx,Medieval Village MegaKit[Standard],,
,21692,vegetation,.fbx,,,,,Prop_Vine2.fbx,Medieval Village MegaKit[Standard]/Medieval Village MegaKit[Standard]/FBX/Prop_Vine2.fbx,Medieval Village MegaKit[Standard],,
,20828,vegetation,.fbx,,,,,Prop_Vine4.fbx,Medieval Village MegaKit[Standard]/Medieval Village MegaKit[Standard]/FBX/Prop_Vine4.fbx,Medieval Village MegaKit[Standard],,
,24972,vegetation,.fbx,,,,,Prop_Vine5.fbx,Medieval Village MegaKit[Standard]/Medieval Village MegaKit[Standard]/FBX/Prop_Vine5.fbx,Medieval Village MegaKit[Standard],,
,24732,vegetation,.fbx,,,,,Prop_Vine6.fbx,Medieval Village MegaKit[Standard]/Medieval Village MegaKit[Standard]/FBX/Prop_Vine6.fbx,Medieval Village MegaKit[Standard],,
,21340,vegetation,.fbx,,,,,Prop_Vine9.fbx,Medieval Village MegaKit[Standard]/Medieval Village MegaKit[Standard]/FBX/Prop_Vine9.fbx,Medieval Village MegaKit[Standard],,
,70700,uncategorized,.fbx,,,,,Prop_Wagon.fbx,Medieval Village MegaKit[Standard]/Medieval Village MegaKit[Standard]/FBX/Prop_Wagon.fbx,Medieval Village MegaKit[Standard],,
,22684,uncategorized,.fbx,,,,,Prop_WoodenFence_Extension1.fbx,Medieval Village MegaKit[Standard]/Medieval Village MegaKit[Standard]/FBX/Prop_WoodenFence_Extension1.fbx,Medieval Village MegaKit[Standard],,
,22588,uncategorized,.fbx,,,,,Prop_WoodenFence_Extension2.fbx,Medieval Village MegaKit[Standard]/Medieval Village MegaKit[Standard]/FBX/Prop_WoodenFence_Extension2.fbx,Medieval Village MegaKit[Standard],,
,22876,uncategorized,.fbx,,,,,Prop_WoodenFence_Single.fbx,Medieval Village MegaKit[Standard]/Medieval Village MegaKit[Standard]/FBX/Prop_WoodenFence_Single.fbx,Medieval Village MegaKit[Standard],,
,59020,architecture,.fbx,,,,,Roof_2x4_RoundTile.fbx,Medieval Village MegaKit[Standard]/Medieval Village MegaKit[Standard]/FBX/Roof_2x4_RoundTile.fbx,Medieval Village MegaKit[Standard],,
,60972,architecture,.fbx,,,,,Roof_Dormer_RoundTile.fbx,Medieval Village MegaKit[Standard]/Medieval Village MegaKit[Standard]/FBX/Roof_Dormer_RoundTile.fbx,Medieval Village MegaKit[Standard],,
,27708,architecture,.fbx,,,,,Roof_Front_Brick2.fbx,Medieval Village MegaKit[Standard]/Medieval Village MegaKit[Standard]/FBX/Roof_Front_Brick2.fbx,Medieval Village MegaKit[Standard],,
,32348,architecture,.fbx,,,,,Roof_Front_Brick4.fbx,Medieval Village MegaKit[Standard]/Medieval Village MegaKit[Standard]/FBX/Roof_Front_Brick4.fbx,Medieval Village MegaKit[Standard],,
,29772,architecture,.fbx,,,,,Roof_Front_Brick4_Half_L.fbx,Medieval Village MegaKit[Standard]/Medieval Village MegaKit[Standard]/FBX/Roof_Front_Brick4_Half_L.fbx,Medieval Village MegaKit[Standard],,
,29916,architecture,.fbx,,,,,Roof_Front_Brick4_Half_R.fbx,Medieval Village MegaKit[Standard]/Medieval Village MegaKit[Standard]/FBX/Roof_Front_Brick4_Half_R.fbx,Medieval Village MegaKit[Standard],,
,33900,architecture,.fbx,,,,,Roof_Front_Brick6.fbx,Medieval Village MegaKit[Standard]/Medieval Village MegaKit[Standard]/FBX/Roof_Front_Brick6.fbx,Medieval Village MegaKit[Standard],,
,30748,architecture,.fbx,,,,,Roof_Front_Brick6_Half_L.fbx,Medieval Village MegaKit[Standard]/Medieval Village MegaKit[Standard]/FBX/Roof_Front_Brick6_Half_L.fbx,Medieval Village MegaKit[Standard],,
,30764,architecture,.fbx,,,,,Roof_Front_Brick6_Half_R.fbx,Medieval Village MegaKit[Standard]/Medieval Village MegaKit[Standard]/FBX/Roof_Front_Brick6_Half_R.fbx,Medieval Village MegaKit[Standard],,
,34412,architecture,.fbx,,,,,Roof_Front_Brick8.fbx,Medieval Village MegaKit[Standard]/Medieval Village MegaKit[Standard]/FBX/Roof_Front_Brick8.fbx,Medieval Village MegaKit[Standard],,
,31164,architecture,.fbx,,,,,Roof_Front_Brick8_Half_L.fbx,Medieval Village MegaKit[Standard]/Medieval Village MegaKit[Standard]/FBX/Roof_Front_Brick8_Half_L.fbx,Medieval Village MegaKit[Standard],,
,31132,architecture,.fbx,,,,,Roof_Front_Brick8_Half_R.fbx,Medieval Village MegaKit[Standard]/Medieval Village MegaKit[Standard]/FBX/Roof_Front_Brick8_Half_R.fbx,Medieval Village MegaKit[Standard],,
,23260,architecture,.fbx,,,,,Roof_FrontSupports.fbx,Medieval Village MegaKit[Standard]/Medieval Village MegaKit[Standard]/FBX/Roof_FrontSupports.fbx,Medieval Village MegaKit[Standard],,
,26460,vegetation,.fbx,,,,,Roof_Log.fbx,Medieval Village MegaKit[Standard]/Medieval Village MegaKit[Standard]/FBX/Roof_Log.fbx,Medieval Village MegaKit[Standard],,
,26236,architecture,.fbx,,,,,Roof_Modular_RoundTiles.fbx,Medieval Village MegaKit[Standard]/Medieval Village MegaKit[Standard]/FBX/Roof_Modular_RoundTiles.fbx,Medieval Village MegaKit[Standard],,
,45964,architecture,.fbx,,,,,Roof_RoundTile_2x1.fbx,Medieval Village MegaKit[Standard]/Medieval Village MegaKit[Standard]/FBX/Roof_RoundTile_2x1.fbx,Medieval Village MegaKit[Standard],,
,46764,architecture,.fbx,,,,,Roof_RoundTile_2x1_Long.fbx,Medieval Village MegaKit[Standard]/Medieval Village MegaKit[Standard]/FBX/Roof_RoundTile_2x1_Long.fbx,Medieval Village MegaKit[Standard],,
,84444,architecture,.fbx,,,,,Roof_RoundTiles_4x4.fbx,Medieval Village MegaKit[Standard]/Medieval Village MegaKit[Standard]/FBX/Roof_RoundTiles_4x4.fbx,Medieval Village MegaKit[Standard],,
,98924,architecture,.fbx,,,,,Roof_RoundTiles_4x6.fbx,Medieval Village MegaKit[Standard]/Medieval Village MegaKit[Standard]/FBX/Roof_RoundTiles_4x6.fbx,Medieval Village MegaKit[Standard],,
,115340,architecture,.fbx,,,,,Roof_RoundTiles_4x8.fbx,Medieval Village MegaKit[Standard]/Medieval Village MegaKit[Standard]/FBX/Roof_RoundTiles_4x8.fbx,Medieval Village MegaKit[Standard],,
,150316,architecture,.fbx,,,,,Roof_RoundTiles_6x10.fbx,Medieval Village MegaKit[Standard]/Medieval Village MegaKit[Standard]/FBX/Roof_RoundTiles_6x10.fbx,Medieval Village MegaKit[Standard],,
,161260,architecture,.fbx,,,,,Roof_RoundTiles_6x12.fbx,Medieval Village MegaKit[Standard]/Medieval Village MegaKit[Standard]/FBX/Roof_RoundTiles_6x12.fbx,Medieval Village MegaKit[Standard],,
,180732,architecture,.fbx,,,,,Roof_RoundTiles_6x14.fbx,Medieval Village MegaKit[Standard]/Medieval Village MegaKit[Standard]/FBX/Roof_RoundTiles_6x14.fbx,Medieval Village MegaKit[Standard],,
,88396,architecture,.fbx,,,,,Roof_RoundTiles_6x4.fbx,Medieval Village MegaKit[Standard]/Medieval Village MegaKit[Standard]/FBX/Roof_RoundTiles_6x4.fbx,Medieval Village MegaKit[Standard],,
,119708,architecture,.fbx,,,,,Roof_RoundTiles_6x6.fbx,Medieval Village MegaKit[Standard]/Medieval Village MegaKit[Standard]/FBX/Roof_RoundTiles_6x6.fbx,Medieval Village MegaKit[Standard],,
,135580,architecture,.fbx,,,,,Roof_RoundTiles_6x8.fbx,Medieval Village MegaKit[Standard]/Medieval Village MegaKit[Standard]/FBX/Roof_RoundTiles_6x8.fbx,Medieval Village MegaKit[Standard],,
,156508,architecture,.fbx,,,,,Roof_RoundTiles_8x10.fbx,Medieval Village MegaKit[Standard]/Medieval Village MegaKit[Standard]/FBX/Roof_RoundTiles_8x10.fbx,Medieval Village MegaKit[Standard],,
,203660,architecture,.fbx,,,,,Roof_RoundTiles_8x12.fbx,Medieval Village MegaKit[Standard]/Medieval Village MegaKit[Standard]/FBX/Roof_RoundTiles_8x12.fbx,Medieval Village MegaKit[Standard],,
,183772,architecture,.fbx,,,,,Roof_RoundTiles_8x14.fbx,Medieval Village MegaKit[Standard]/Medieval Village MegaKit[Standard]/FBX/Roof_RoundTiles_8x14.fbx,Medieval Village MegaKit[Standard],,
,139356,architecture,.fbx,,,,,Roof_RoundTiles_8x8.fbx,Medieval Village MegaKit[Standard]/Medieval Village MegaKit[Standard]/FBX/Roof_RoundTiles_8x8.fbx,Medieval Village MegaKit[Standard],,
,23964,architecture,.fbx,,,,,Roof_Support2.fbx,Medieval Village MegaKit[Standard]/Medieval Village MegaKit[Standard]/FBX/Roof_Support2.fbx,Medieval Village MegaKit[Standard],,
,150444,architecture,.fbx,,,,,Roof_Tower_RoundTiles.fbx,Medieval Village MegaKit[Standard]/Medieval Village MegaKit[Standard]/FBX/Roof_Tower_RoundTiles.fbx,Medieval Village MegaKit[Standard],,
,32924,architecture,.fbx,,,,,Roof_Wooden_2x1.fbx,Medieval Village MegaKit[Standard]/Medieval Village MegaKit[Standard]/FBX/Roof_Wooden_2x1.fbx,Medieval Village MegaKit[Standard],,
,27436,architecture,.fbx,,,,,Roof_Wooden_2x1_Center.fbx,Medieval Village MegaKit[Standard]/Medieval Village MegaKit[Standard]/FBX/Roof_Wooden_2x1_Center.fbx,Medieval Village MegaKit[Standard],,
,27420,architecture,.fbx,,,,,Roof_Wooden_2x1_Center_Mirror.fbx,Medieval Village MegaKit[Standard]/Medieval Village MegaKit[Standard]/FBX/Roof_Wooden_2x1_Center_Mirror.fbx,Medieval Village MegaKit[Standard],,
,29180,architecture,.fbx,,,,,Roof_Wooden_2x1_Corner.fbx,Medieval Village MegaKit[Standard]/Medieval Village MegaKit[Standard]/FBX/Roof_Wooden_2x1_Corner.fbx,Medieval Village MegaKit[Standard],,
,31420,architecture,.fbx,,,,,Roof_Wooden_2x1_L.fbx,Medieval Village MegaKit[Standard]/Medieval Village MegaKit[Standard]/FBX/Roof_Wooden_2x1_L.fbx,Medieval Village MegaKit[Standard],,
,26204,architecture,.fbx,,,,,Roof_Wooden_2x1_Middle.fbx,Medieval Village MegaKit[Standard]/Medieval Village MegaKit[Standard]/FBX/Roof_Wooden_2x1_Middle.fbx,Medieval Village MegaKit[Standard],,
,31420,architecture,.fbx,,,,,Roof_Wooden_2x1_R.fbx,Medieval Village MegaKit[Standard]/Medieval Village MegaKit[Standard]/FBX/Roof_Wooden_2x1_R.fbx,Medieval Village MegaKit[Standard],,
,84876,uncategorized,.fbx,,,,,Stair_Interior_Rails.fbx,Medieval Village MegaKit[Standard]/Medieval Village MegaKit[Standard]/FBX/Stair_Interior_Rails.fbx,Medieval Village MegaKit[Standard],,
,25996,uncategorized,.fbx,,,,,Stair_Interior_Simple.fbx,Medieval Village MegaKit[Standard]/Medieval Village MegaKit[Standard]/FBX/Stair_Interior_Simple.fbx,Medieval Village MegaKit[Standard],,
,30460,uncategorized,.fbx,,,,,Stair_Interior_Solid.fbx,Medieval Village MegaKit[Standard]/Medieval Village MegaKit[Standard]/FBX/Stair_Interior_Solid.fbx,Medieval Village MegaKit[Standard],,
,31100,uncategorized,.fbx,,,,,Stair_Interior_SolidExtended.fbx,Medieval Village MegaKit[Standard]/Medieval Village MegaKit[Standard]/FBX/Stair_Interior_SolidExtended.fbx,Medieval Village MegaKit[Standard],,
,26972,uncategorized,.fbx,,,,,Stairs_Exterior_NoFirstStep.fbx,Medieval Village MegaKit[Standard]/Medieval Village MegaKit[Standard]/FBX/Stairs_Exterior_NoFirstStep.fbx,Medieval Village MegaKit[Standard],,
,26268,uncategorized,.fbx,,,,,Stairs_Exterior_Platform.fbx,Medieval Village MegaKit[Standard]/Medieval Village MegaKit[Standard]/FBX/Stairs_Exterior_Platform.fbx,Medieval Village MegaKit[Standard],,
,26892,uncategorized,.fbx,,,,,Stairs_Exterior_Platform45.fbx,Medieval Village MegaKit[Standard]/Medieval Village MegaKit[Standard]/FBX/Stairs_Exterior_Platform45.fbx,Medieval Village MegaKit[Standard],,
,26636,uncategorized,.fbx,,,,,Stairs_Exterior_Platform45Clean.fbx,Medieval Village MegaKit[Standard]/Medieval Village MegaKit[Standard]/FBX/Stairs_Exterior_Platform45Clean.fbx,Medieval Village MegaKit[Standard],,
,27292,uncategorized,.fbx,,,,,Stairs_Exterior_PlatformU.fbx,Medieval Village MegaKit[Standard]/Medieval Village MegaKit[Standard]/FBX/Stairs_Exterior_PlatformU.fbx,Medieval Village MegaKit[Standard],,
,26140,uncategorized,.fbx,,,,,Stairs_Exterior_SidePlatform.fbx,Medieval Village MegaKit[Standard]/Medieval Village MegaKit[Standard]/FBX/Stairs_Exterior_SidePlatform.fbx,Medieval Village MegaKit[Standard],,
,22140,uncategorized,.fbx,,,,,Stairs_Exterior_Sides.fbx,Medieval Village MegaKit[Standard]/Medieval Village MegaKit[Standard]/FBX/Stairs_Exterior_Sides.fbx,Medieval Village MegaKit[Standard],,
,22460,uncategorized,.fbx,,,,,Stairs_Exterior_Sides45.fbx,Medieval Village MegaKit[Standard]/Medieval Village MegaKit[Standard]/FBX/Stairs_Exterior_Sides45.fbx,Medieval Village MegaKit[Standard],,
,23036,uncategorized,.fbx,,,,,Stairs_Exterior_SidesU.fbx,Medieval Village MegaKit[Standard]/Medieval Village MegaKit[Standard]/FBX/Stairs_Exterior_SidesU.fbx,Medieval Village MegaKit[Standard],,
,21932,uncategorized,.fbx,,,,,Stairs_Exterior_SingleSide.fbx,Medieval Village MegaKit[Standard]/Medieval Village MegaKit[Standard]/FBX/Stairs_Exterior_SingleSide.fbx,Medieval Village MegaKit[Standard],,
,21900,uncategorized,.fbx,,,,,Stairs_Exterior_SingleSideThick.fbx,Medieval Village MegaKit[Standard]/Medieval Village MegaKit[Standard]/FBX/Stairs_Exterior_SingleSideThick.fbx,Medieval Village MegaKit[Standard],,
,27020,uncategorized,.fbx,,,,,Stairs_Exterior_Straight.fbx,Medieval Village MegaKit[Standard]/Medieval Village MegaKit[Standard]/FBX/Stairs_Exterior_Straight.fbx,Medieval Village MegaKit[Standard],,
,26716,uncategorized,.fbx,,,,,Stairs_Exterior_Straight_Center.fbx,Medieval Village MegaKit[Standard]/Medieval Village MegaKit[Standard]/FBX/Stairs_Exterior_Straight_Center.fbx,Medieval Village MegaKit[Standard],,
,27084,uncategorized,.fbx,,,,,Stairs_Exterior_Straight_L.fbx,Medieval Village MegaKit[Standard]/Medieval Village MegaKit[Standard]/FBX/Stairs_Exterior_Straight_L.fbx,Medieval Village MegaKit[Standard],,
,27068,uncategorized,.fbx,,,,,Stairs_Exterior_Straight_R.fbx,Medieval Village MegaKit[Standard]/Medieval Village MegaKit[Standard]/FBX/Stairs_Exterior_Straight_R.fbx,Medieval Village MegaKit[Standard],,
,26252,architecture,.fbx,,,,,Wall_Arch.fbx,Medieval Village MegaKit[Standard]/Medieval Village MegaKit[Standard]/FBX/Wall_Arch.fbx,Medieval Village MegaKit[Standard],,
,22860,architecture,.fbx,,,,,Wall_BottomCover.fbx,Medieval Village MegaKit[Standard]/Medieval Village MegaKit[Standard]/FBX/Wall_BottomCover.fbx,Medieval Village MegaKit[Standard],,
,32220,architecture,.fbx,,,,,Wall_Plaster_Door_Flat.fbx,Medieval Village MegaKit[Standard]/Medieval Village MegaKit[Standard]/FBX/Wall_Plaster_Door_Flat.fbx,Medieval Village MegaKit[Standard],,
,33740,architecture,.fbx,,,,,Wall_Plaster_Door_Round.fbx,Medieval Village MegaKit[Standard]/Medieval Village MegaKit[Standard]/FBX/Wall_Plaster_Door_Round.fbx,Medieval Village MegaKit[Standard],,
,35788,architecture,.fbx,,,,,Wall_Plaster_Door_RoundInset.fbx,Medieval Village MegaKit[Standard]/Medieval Village MegaKit[Standard]/FBX/Wall_Plaster_Door_RoundInset.fbx,Medieval Village MegaKit[Standard],,
,28700,architecture,.fbx,,,,,Wall_Plaster_Straight.fbx,Medieval Village MegaKit[Standard]/Medieval Village MegaKit[Standard]/FBX/Wall_Plaster_Straight.fbx,Medieval Village MegaKit[Standard],,
,33132,architecture,.fbx,,,,,Wall_Plaster_Straight_Base.fbx,Medieval Village MegaKit[Standard]/Medieval Village MegaKit[Standard]/FBX/Wall_Plaster_Straight_Base.fbx,Medieval Village MegaKit[Standard],,
,33292,architecture,.fbx,,,,,Wall_Plaster_Straight_L.fbx,Medieval Village MegaKit[Standard]/Medieval Village MegaKit[Standard]/FBX/Wall_Plaster_Straight_L.fbx,Medieval Village MegaKit[Standard],,
,33276,architecture,.fbx,,,,,Wall_Plaster_Straight_R.fbx,Medieval Village MegaKit[Standard]/Medieval Village MegaKit[Standard]/FBX/Wall_Plaster_Straight_R.fbx,Medieval Village MegaKit[Standard],,
,35516,architecture,.fbx,,,,,Wall_Plaster_Window_Thin_Round.fbx,Medieval Village MegaKit[Standard]/Medieval Village MegaKit[Standard]/FBX/Wall_Plaster_Window_Thin_Round.fbx,Medieval Village MegaKit[Standard],,
,33964,architecture,.fbx,,,,,Wall_Plaster_Window_Wide_Flat.fbx,Medieval Village MegaKit[Standard]/Medieval Village MegaKit[Standard]/FBX/Wall_Plaster_Window_Wide_Flat.fbx,Medieval Village MegaKit[Standard],,
,29740,architecture,.fbx,,,,,Wall_Plaster_Window_Wide_Flat2.fbx,Medieval Village MegaKit[Standard]/Medieval Village MegaKit[Standard]/FBX/Wall_Plaster_Window_Wide_Flat2.fbx,Medieval Village MegaKit[Standard],,
,35020,architecture,.fbx,,,,,Wall_Plaster_Window_Wide_Round.fbx,Medieval Village MegaKit[Standard]/Medieval Village MegaKit[Standard]/FBX/Wall_Plaster_Window_Wide_Round.fbx,Medieval Village MegaKit[Standard],,
,32476,architecture,.fbx,,,,,Wall_Plaster_WoodGrid.fbx,Medieval Village MegaKit[Standard]/Medieval Village MegaKit[Standard]/FBX/Wall_Plaster_WoodGrid.fbx,Medieval Village MegaKit[Standard],,
,32796,architecture,.fbx,,,,,Wall_UnevenBrick_Door_Flat.fbx,Medieval Village MegaKit[Standard]/Medieval Village MegaKit[Standard]/FBX/Wall_UnevenBrick_Door_Flat.fbx,Medieval Village MegaKit[Standard],,
,34124,architecture,.fbx,,,,,Wall_UnevenBrick_Door_Round.fbx,Medieval Village MegaKit[Standard]/Medieval Village MegaKit[Standard]/FBX/Wall_UnevenBrick_Door_Round.fbx,Medieval Village MegaKit[Standard],,
,32396,architecture,.fbx,,,,,Wall_UnevenBrick_Straight.fbx,Medieval Village MegaKit[Standard]/Medieval Village MegaKit[Standard]/FBX/Wall_UnevenBrick_Straight.fbx,Medieval Village MegaKit[Standard],,
,36012,architecture,.fbx,,,,,Wall_UnevenBrick_Window_Thin_Round.fbx,Medieval Village MegaKit[Standard]/Medieval Village MegaKit[Standard]/FBX/Wall_UnevenBrick_Window_Thin_Round.fbx,Medieval Village MegaKit[Standard],,
,33804,architecture,.fbx,,,,,Wall_UnevenBrick_Window_Wide_Flat.fbx,Medieval Village MegaKit[Standard]/Medieval Village MegaKit[Standard]/FBX/Wall_UnevenBrick_Window_Wide_Flat.fbx,Medieval Village MegaKit[Standard],,
,34940,architecture,.fbx,,,,,Wall_UnevenBrick_Window_Wide_Round.fbx,Medieval Village MegaKit[Standard]/Medieval Village MegaKit[Standard]/FBX/Wall_UnevenBrick_Window_Wide_Round.fbx,Medieval Village MegaKit[Standard],,
,27420,architecture,.fbx,,,,,Window_Roof_Thin.fbx,Medieval Village MegaKit[Standard]/Medieval Village MegaKit[Standard]/FBX/Window_Roof_Thin.fbx,Medieval Village MegaKit[Standard],,
,28044,architecture,.fbx,,,,,Window_Roof_Wide.fbx,Medieval Village MegaKit[Standard]/Medieval Village MegaKit[Standard]/FBX/Window_Roof_Wide.fbx,Medieval Village MegaKit[Standard],,
,25868,uncategorized,.fbx,,,,,Window_Thin_Flat1.fbx,Medieval Village MegaKit[Standard]/Medieval Village MegaKit[Standard]/FBX/Window_Thin_Flat1.fbx,Medieval Village MegaKit[Standard],,
,37292,uncategorized,.fbx,,,,,Window_Thin_Round1.fbx,Medieval Village MegaKit[Standard]/Medieval Village MegaKit[Standard]/FBX/Window_Thin_Round1.fbx,Medieval Village MegaKit[Standard],,
,26812,uncategorized,.fbx,,,,,Window_Wide_Flat1.fbx,Medieval Village MegaKit[Standard]/Medieval Village MegaKit[Standard]/FBX/Window_Wide_Flat1.fbx,Medieval Village MegaKit[Standard],,
,35724,uncategorized,.fbx,,,,,Window_Wide_Round1.fbx,Medieval Village MegaKit[Standard]/Medieval Village MegaKit[Standard]/FBX/Window_Wide_Round1.fbx,Medieval Village MegaKit[Standard],,
,25532,uncategorized,.fbx,,,,,WindowShutters_Thin_Flat_Closed.fbx,Medieval Village MegaKit[Standard]/Medieval Village MegaKit[Standard]/FBX/WindowShutters_Thin_Flat_Closed.fbx,Medieval Village MegaKit[Standard],,
,25772,uncategorized,.fbx,,,,,WindowShutters_Thin_Flat_Open.fbx,Medieval Village MegaKit[Standard]/Medieval Village MegaKit[Standard]/FBX/WindowShutters_Thin_Flat_Open.fbx,Medieval Village MegaKit[Standard],,
,26156,uncategorized,.fbx,,,,,WindowShutters_Thin_Round_Closed.fbx,Medieval Village MegaKit[Standard]/Medieval Village MegaKit[Standard]/FBX/WindowShutters_Thin_Round_Closed.fbx,Medieval Village MegaKit[Standard],,
,26412,uncategorized,.fbx,,,,,WindowShutters_Thin_Round_Open.fbx,Medieval Village MegaKit[Standard]/Medieval Village MegaKit[Standard]/FBX/WindowShutters_Thin_Round_Open.fbx,Medieval Village MegaKit[Standard],,
,25804,uncategorized,.fbx,,,,,WindowShutters_Wide_Flat_Closed.fbx,Medieval Village MegaKit[Standard]/Medieval Village MegaKit[Standard]/FBX/WindowShutters_Wide_Flat_Closed.fbx,Medieval Village MegaKit[Standard],,
,26124,uncategorized,.fbx,,,,,WindowShutters_Wide_Flat_Open.fbx,Medieval Village MegaKit[Standard]/Medieval Village MegaKit[Standard]/FBX/WindowShutters_Wide_Flat_Open.fbx,Medieval Village MegaKit[Standard],,
,26540,uncategorized,.fbx,,,,,WindowShutters_Wide_Round_Closed.fbx,Medieval Village MegaKit[Standard]/Medieval Village MegaKit[Standard]/FBX/WindowShutters_Wide_Round_Closed.fbx,Medieval Village MegaKit[Standard],,
,26892,uncategorized,.fbx,,,,,WindowShutters_Wide_Round_Open.fbx,Medieval Village MegaKit[Standard]/Medieval Village MegaKit[Standard]/FBX/WindowShutters_Wide_Round_Open.fbx,Medieval Village MegaKit[Standard],,
,17712,uncategorized,.bin,,,,,Balcony_Cross_Corner.bin,Medieval Village MegaKit[Standard]/Medieval Village MegaKit[Standard]/glTF/Balcony_Cross_Corner.bin,Medieval Village MegaKit[Standard],,
,2231,uncategorized,.gltf,,,,,Balcony_Cross_Corner.gltf,Medieval Village MegaKit[Standard]/Medieval Village MegaKit[Standard]/glTF/Balcony_Cross_Corner.gltf,Medieval Village MegaKit[Standard],,
,8856,uncategorized,.bin,,,,,Balcony_Cross_Straight.bin,Medieval Village MegaKit[Standard]/Medieval Village MegaKit[Standard]/glTF/Balcony_Cross_Straight.bin,Medieval Village MegaKit[Standard],,
,2230,uncategorized,.gltf,,,,,Balcony_Cross_Straight.gltf,Medieval Village MegaKit[Standard]/Medieval Village MegaKit[Standard]/glTF/Balcony_Cross_Straight.gltf,Medieval Village MegaKit[Standard],,
,124032,uncategorized,.bin,,,,,Balcony_Simple_Corner.bin,Medieval Village MegaKit[Standard]/Medieval Village MegaKit[Standard]/glTF/Balcony_Simple_Corner.bin,Medieval Village MegaKit[Standard],,
,2244,uncategorized,.gltf,,,,,Balcony_Simple_Corner.gltf,Medieval Village MegaKit[Standard]/Medieval Village MegaKit[Standard]/glTF/Balcony_Simple_Corner.gltf,Medieval Village MegaKit[Standard],,
,62016,uncategorized,.bin,,,,,Balcony_Simple_Straight.bin,Medieval Village MegaKit[Standard]/Medieval Village MegaKit[Standard]/glTF/Balcony_Simple_Straight.bin,Medieval Village MegaKit[Standard],,
,2227,uncategorized,.gltf,,,,,Balcony_Simple_Straight.gltf,Medieval Village MegaKit[Standard]/Medieval Village MegaKit[Standard]/glTF/Balcony_Simple_Straight.gltf,Medieval Village MegaKit[Standard],,
,96180,uncategorized,.bin,,,,,Corner_Exterior_Brick.bin,Medieval Village MegaKit[Standard]/Medieval Village MegaKit[Standard]/glTF/Corner_Exterior_Brick.bin,Medieval Village MegaKit[Standard],,
,2225,uncategorized,.gltf,,,,,Corner_Exterior_Brick.gltf,Medieval Village MegaKit[Standard]/Medieval Village MegaKit[Standard]/glTF/Corner_Exterior_Brick.gltf,Medieval Village MegaKit[Standard],,
,1184,uncategorized,.bin,,,,,Corner_Exterior_TopDown.bin,Medieval Village MegaKit[Standard]/Medieval Village MegaKit[Standard]/glTF/Corner_Exterior_TopDown.bin,Medieval Village MegaKit[Standard],,
,2225,uncategorized,.gltf,,,,,Corner_Exterior_TopDown.gltf,Medieval Village MegaKit[Standard]/Medieval Village MegaKit[Standard]/glTF/Corner_Exterior_TopDown.gltf,Medieval Village MegaKit[Standard],,
,624,uncategorized,.bin,,,,,Corner_Exterior_TopOnly.bin,Medieval Village MegaKit[Standard]/Medieval Village MegaKit[Standard]/glTF/Corner_Exterior_TopOnly.bin,Medieval Village MegaKit[Standard],,
,2225,uncategorized,.gltf,,,,,Corner_Exterior_TopOnly.gltf,Medieval Village MegaKit[Standard]/Medieval Village MegaKit[Standard]/glTF/Corner_Exterior_TopOnly.gltf,Medieval Village MegaKit[Standard],,
,840,uncategorized,.bin,,,,,Corner_Exterior_Wood.bin,Medieval Village MegaKit[Standard]/Medieval Village MegaKit[Standard]/glTF/Corner_Exterior_Wood.bin,Medieval Village MegaKit[Standard],,
,2221,uncategorized,.gltf,,,,,Corner_Exterior_Wood.gltf,Medieval Village MegaKit[Standard]/Medieval Village MegaKit[Standard]/glTF/Corner_Exterior_Wood.gltf,Medieval Village MegaKit[Standard],,
,89260,uncategorized,.bin,,,,,Corner_ExteriorWide_Brick.bin,Medieval Village MegaKit[Standard]/Medieval Village MegaKit[Standard]/glTF/Corner_ExteriorWide_Brick.bin,Medieval Village MegaKit[Standard],,
,2227,uncategorized,.gltf,,,,,Corner_ExteriorWide_Brick.gltf,Medieval Village MegaKit[Standard]/Medieval Village MegaKit[Standard]/glTF/Corner_ExteriorWide_Brick.gltf,Medieval Village MegaKit[Standard],,
,1752,uncategorized,.bin,,,,,Corner_ExteriorWide_Wood.bin,Medieval Village MegaKit[Standard]/Medieval Village MegaKit[Standard]/glTF/Corner_ExteriorWide_Wood.bin,Medieval Village MegaKit[Standard],,
,2233,uncategorized,.gltf,,,,,Corner_ExteriorWide_Wood.gltf,Medieval Village MegaKit[Standard]/Medieval Village MegaKit[Standard]/glTF/Corner_ExteriorWide_Wood.gltf,Medieval Village MegaKit[Standard],,
,1296,uncategorized,.bin,,,,,Corner_Interior_Big.bin,Medieval Village MegaKit[Standard]/Medieval Village MegaKit[Standard]/glTF/Corner_Interior_Big.bin,Medieval Village MegaKit[Standard],,
,2222,uncategorized,.gltf,,,,,Corner_Interior_Big.gltf,Medieval Village MegaKit[Standard]/Medieval Village MegaKit[Standard]/glTF/Corner_Interior_Big.gltf,Medieval Village MegaKit[Standard],,
,840,uncategorized,.bin,,,,,Corner_Interior_Small.bin,Medieval Village MegaKit[Standard]/Medieval Village MegaKit[Standard]/glTF/Corner_Interior_Small.bin,Medieval Village MegaKit[Standard],,
,2223,uncategorized,.gltf,,,,,Corner_Interior_Small.gltf,Medieval Village MegaKit[Standard]/Medieval Village MegaKit[Standard]/glTF/Corner_Interior_Small.gltf,Medieval Village MegaKit[Standard],,
,24924,architecture,.bin,,,,,Door_1_Flat.bin,Medieval Village MegaKit[Standard]/Medieval Village MegaKit[Standard]/glTF/Door_1_Flat.bin,Medieval Village MegaKit[Standard],,
,3895,architecture,.gltf,,,,,Door_1_Flat.gltf,Medieval Village MegaKit[Standard]/Medieval Village MegaKit[Standard]/glTF/Door_1_Flat.gltf,Medieval Village MegaKit[Standard],,
,33700,architecture,.bin,,,,,Door_1_Round.bin,Medieval Village MegaKit[Standard]/Medieval Village MegaKit[Standard]/glTF/Door_1_Round.bin,Medieval Village MegaKit[Standard],,
,3901,architecture,.gltf,,,,,Door_1_Round.gltf,Medieval Village MegaKit[Standard]/Medieval Village MegaKit[Standard]/glTF/Door_1_Round.gltf,Medieval Village MegaKit[Standard],,
,196352,architecture,.bin,,,,,Door_2_Flat.bin,Medieval Village MegaKit[Standard]/Medieval Village MegaKit[Standard]/glTF/Door_2_Flat.bin,Medieval Village MegaKit[Standard],,
,4148,architecture,.gltf,,,,,Door_2_Flat.gltf,Medieval Village MegaKit[Standard]/Medieval Village MegaKit[Standard]/glTF/Door_2_Flat.gltf,Medieval Village MegaKit[Standard],,
,210568,architecture,.bin,,,,,Door_2_Round.bin,Medieval Village MegaKit[Standard]/Medieval Village MegaKit[Standard]/glTF/Door_2_Round.bin,Medieval Village MegaKit[Standard],,
,4149,architecture,.gltf,,,,,Door_2_Round.gltf,Medieval Village MegaKit[Standard]/Medieval Village MegaKit[Standard]/glTF/Door_2_Round.gltf,Medieval Village MegaKit[Standard],,
,68184,architecture,.bin,,,,,Door_4_Flat.bin,Medieval Village MegaKit[Standard]/Medieval Village MegaKit[Standard]/glTF/Door_4_Flat.bin,Medieval Village MegaKit[Standard],,
,4134,architecture,.gltf,,,,,Door_4_Flat.gltf,Medieval Village MegaKit[Standard]/Medieval Village MegaKit[Standard]/glTF/Door_4_Flat.gltf,Medieval Village MegaKit[Standard],,
,76848,architecture,.bin,,,,,Door_4_Round.bin,Medieval Village MegaKit[Standard]/Medieval Village MegaKit[Standard]/glTF/Door_4_Round.bin,Medieval Village MegaKit[Standard],,
,4140,architecture,.gltf,,,,,Door_4_Round.gltf,Medieval Village MegaKit[Standard]/Medieval Village MegaKit[Standard]/glTF/Door_4_Round.gltf,Medieval Village MegaKit[Standard],,
,56036,architecture,.bin,,,,,Door_8_Flat.bin,Medieval Village MegaKit[Standard]/Medieval Village MegaKit[Standard]/glTF/Door_8_Flat.bin,Medieval Village MegaKit[Standard],,
,4131,architecture,.gltf,,,,,Door_8_Flat.gltf,Medieval Village MegaKit[Standard]/Medieval Village MegaKit[Standard]/glTF/Door_8_Flat.gltf,Medieval Village MegaKit[Standard],,
,68892,architecture,.bin,,,,,Door_8_Round.bin,Medieval Village MegaKit[Standard]/Medieval Village MegaKit[Standard]/glTF/Door_8_Round.bin,Medieval Village MegaKit[Standard],,
,4138,architecture,.gltf,,,,,Door_8_Round.gltf,Medieval Village MegaKit[Standard]/Medieval Village MegaKit[Standard]/glTF/Door_8_Round.gltf,Medieval Village MegaKit[Standard],,
,58928,architecture,.bin,,,,,DoorFrame_Flat_Brick.bin,Medieval Village MegaKit[Standard]/Medieval Village MegaKit[Standard]/glTF/DoorFrame_Flat_Brick.bin,Medieval Village MegaKit[Standard],,
,2222,architecture,.gltf,,,,,DoorFrame_Flat_Brick.gltf,Medieval Village MegaKit[Standard]/Medieval Village MegaKit[Standard]/glTF/DoorFrame_Flat_Brick.gltf,Medieval Village MegaKit[Standard],,
,3792,architecture,.bin,,,,,DoorFrame_Flat_WoodDark.bin,Medieval Village MegaKit[Standard]/Medieval Village MegaKit[Standard]/glTF/DoorFrame_Flat_WoodDark.bin,Medieval Village MegaKit[Standard],,
,2235,architecture,.gltf,,,,,DoorFrame_Flat_WoodDark.gltf,Medieval Village MegaKit[Standard]/Medieval Village MegaKit[Standard]/glTF/DoorFrame_Flat_WoodDark.gltf,Medieval Village MegaKit[Standard],,
,63988,architecture,.bin,,,,,DoorFrame_Round_Brick.bin,Medieval Village MegaKit[Standard]/Medieval Village MegaKit[Standard]/glTF/DoorFrame_Round_Brick.bin,Medieval Village MegaKit[Standard],,
,2223,architecture,.gltf,,,,,DoorFrame_Round_Brick.gltf,Medieval Village MegaKit[Standard]/Medieval Village MegaKit[Standard]/glTF/DoorFrame_Round_Brick.gltf,Medieval Village MegaKit[Standard],,
,13568,architecture,.bin,,,,,DoorFrame_Round_WoodDark.bin,Medieval Village MegaKit[Standard]/Medieval Village MegaKit[Standard]/glTF/DoorFrame_Round_WoodDark.bin,Medieval Village MegaKit[Standard],,
,2235,architecture,.gltf,,,,,DoorFrame_Round_WoodDark.gltf,Medieval Village MegaKit[Standard]/Medieval Village MegaKit[Standard]/glTF/DoorFrame_Round_WoodDark.gltf,Medieval Village MegaKit[Standard],,
,280,uncategorized,.bin,,,,,Floor_Brick.bin,Medieval Village MegaKit[Standard]/Medieval Village MegaKit[Standard]/glTF/Floor_Brick.bin,Medieval Village MegaKit[Standard],,
,2105,uncategorized,.gltf,,,,,Floor_Brick.gltf,Medieval Village MegaKit[Standard]/Medieval Village MegaKit[Standard]/glTF/Floor_Brick.gltf,Medieval Village MegaKit[Standard],,
,280,uncategorized,.bin,,,,,Floor_RedBrick.bin,Medieval Village MegaKit[Standard]/Medieval Village MegaKit[Standard]/glTF/Floor_RedBrick.bin,Medieval Village MegaKit[Standard],,
,2120,uncategorized,.gltf,,,,,Floor_RedBrick.gltf,Medieval Village MegaKit[Standard]/Medieval Village MegaKit[Standard]/glTF/Floor_RedBrick.gltf,Medieval Village MegaKit[Standard],,
,280,uncategorized,.bin,,,,,Floor_UnevenBrick.bin,Medieval Village MegaKit[Standard]/Medieval Village MegaKit[Standard]/glTF/Floor_UnevenBrick.bin,Medieval Village MegaKit[Standard],,
,2159,uncategorized,.gltf,,,,,Floor_UnevenBrick.gltf,Medieval Village MegaKit[Standard]/Medieval Village MegaKit[Standard]/glTF/Floor_UnevenBrick.gltf,Medieval Village MegaKit[Standard],,
,2240,uncategorized,.bin,,,,,Floor_WoodDark.bin,Medieval Village MegaKit[Standard]/Medieval Village MegaKit[Standard]/glTF/Floor_WoodDark.bin,Medieval Village MegaKit[Standard],,
,2143,uncategorized,.gltf,,,,,Floor_WoodDark.gltf,Medieval Village MegaKit[Standard]/Medieval Village MegaKit[Standard]/glTF/Floor_WoodDark.gltf,Medieval Village MegaKit[Standard],,
,2176,uncategorized,.bin,,,,,Floor_WoodDark_Half1.bin,Medieval Village MegaKit[Standard]/Medieval Village MegaKit[Standard]/glTF/Floor_WoodDark_Half1.bin,Medieval Village MegaKit[Standard],,
,2155,uncategorized,.gltf,,,,,Floor_WoodDark_Half1.gltf,Medieval Village MegaKit[Standard]/Medieval Village MegaKit[Standard]/glTF/Floor_WoodDark_Half1.gltf,Medieval Village MegaKit[Standard],,
,2176,uncategorized,.bin,,,,,Floor_WoodDark_Half2.bin,Medieval Village MegaKit[Standard]/Medieval Village MegaKit[Standard]/glTF/Floor_WoodDark_Half2.bin,Medieval Village MegaKit[Standard],,
,2154,uncategorized,.gltf,,,,,Floor_WoodDark_Half2.gltf,Medieval Village MegaKit[Standard]/Medieval Village MegaKit[Standard]/glTF/Floor_WoodDark_Half2.gltf,Medieval Village MegaKit[Standard],,
,1120,uncategorized,.bin,,,,,Floor_WoodDark_Half3.bin,Medieval Village MegaKit[Standard]/Medieval Village MegaKit[Standard]/glTF/Floor_WoodDark_Half3.bin,Medieval Village MegaKit[Standard],,
,2174,uncategorized,.gltf,,,,,Floor_WoodDark_Half3.gltf,Medieval Village MegaKit[Standard]/Medieval Village MegaKit[Standard]/glTF/Floor_WoodDark_Half3.gltf,Medieval Village MegaKit[Standard],,
,1120,uncategorized,.bin,,,,,Floor_WoodDark_OverhangCorner.bin,Medieval Village MegaKit[Standard]/Medieval Village MegaKit[Standard]/glTF/Floor_WoodDark_OverhangCorner.bin,Medieval Village MegaKit[Standard],,
,2210,uncategorized,.gltf,,,,,Floor_WoodDark_OverhangCorner.gltf,Medieval Village MegaKit[Standard]/Medieval Village MegaKit[Standard]/glTF/Floor_WoodDark_OverhangCorner.gltf,Medieval Village MegaKit[Standard],,
,1884,uncategorized,.bin,,,,,Floor_WoodDark_OverhangCorner2.bin,Medieval Village MegaKit[Standard]/Medieval Village MegaKit[Standard]/glTF/Floor_WoodDark_OverhangCorner2.bin,Medieval Village MegaKit[Standard],,
,2198,uncategorized,.gltf,,,,,Floor_WoodDark_OverhangCorner2.gltf,Medieval Village MegaKit[Standard]/Medieval Village MegaKit[Standard]/glTF/Floor_WoodDark_OverhangCorner2.gltf,Medieval Village MegaKit[Standard],,
,2240,uncategorized,.bin,,,,,Floor_WoodLight.bin,Medieval Village MegaKit[Standard]/Medieval Village MegaKit[Standard]/glTF/Floor_WoodLight.bin,Medieval Village MegaKit[Standard],,
,2145,uncategorized,.gltf,,,,,Floor_WoodLight.gltf,Medieval Village MegaKit[Standard]/Medieval Village MegaKit[Standard]/glTF/Floor_WoodLight.gltf,Medieval Village MegaKit[Standard],,
,1120,uncategorized,.bin,,,,,Floor_WoodLight_OverhangCorner.bin,Medieval Village MegaKit[Standard]/Medieval Village MegaKit[Standard]/glTF/Floor_WoodLight_OverhangCorner.bin,Medieval Village MegaKit[Standard],,
,2212,uncategorized,.gltf,,,,,Floor_WoodLight_OverhangCorner.gltf,Medieval Village MegaKit[Standard]/Medieval Village MegaKit[Standard]/glTF/Floor_WoodLight_OverhangCorner.gltf,Medieval Village MegaKit[Standard],,
,1884,uncategorized,.bin,,,,,Floor_WoodLight_OverhangCorner2.bin,Medieval Village MegaKit[Standard]/Medieval Village MegaKit[Standard]/glTF/Floor_WoodLight_OverhangCorner2.bin,Medieval Village MegaKit[Standard],,
,2200,uncategorized,.gltf,,,,,Floor_WoodLight_OverhangCorner2.gltf,Medieval Village MegaKit[Standard]/Medieval Village MegaKit[Standard]/glTF/Floor_WoodLight_OverhangCorner2.gltf,Medieval Village MegaKit[Standard],,
,1400,uncategorized,.bin,,,,,HoleCover_90Angle.bin,Medieval Village MegaKit[Standard]/Medieval Village MegaKit[Standard]/glTF/HoleCover_90Angle.bin,Medieval Village MegaKit[Standard],,
,2211,uncategorized,.gltf,,,,,HoleCover_90Angle.gltf,Medieval Village MegaKit[Standard]/Medieval Village MegaKit[Standard]/glTF/HoleCover_90Angle.gltf,Medieval Village MegaKit[Standard],,
,1120,uncategorized,.bin,,,,,HoleCover_90Half.bin,Medieval Village MegaKit[Standard]/Medieval Village MegaKit[Standard]/glTF/HoleCover_90Half.bin,Medieval Village MegaKit[Standard],,
,2215,uncategorized,.gltf,,,,,HoleCover_90Half.gltf,Medieval Village MegaKit[Standard]/Medieval Village MegaKit[Standard]/glTF/HoleCover_90Half.gltf,Medieval Village MegaKit[Standard],,
,1260,uncategorized,.bin,,,,,HoleCover_90Stairs.bin,Medieval Village MegaKit[Standard]/Medieval Village MegaKit[Standard]/glTF/HoleCover_90Stairs.bin,Medieval Village MegaKit[Standard],,
,2212,uncategorized,.gltf,,,,,HoleCover_90Stairs.gltf,Medieval Village MegaKit[Standard]/Medieval Village MegaKit[Standard]/glTF/HoleCover_90Stairs.gltf,Medieval Village MegaKit[Standard],,
,840,uncategorized,.bin,,,,,HoleCover_Straight.bin,Medieval Village MegaKit[Standard]/Medieval Village MegaKit[Standard]/glTF/HoleCover_Straight.bin,Medieval Village MegaKit[Standard],,
,2195,uncategorized,.gltf,,,,,HoleCover_Straight.gltf,Medieval Village MegaKit[Standard]/Medieval Village MegaKit[Standard]/glTF/HoleCover_Straight.gltf,Medieval Village MegaKit[Standard],,
,700,uncategorized,.bin,,,,,HoleCover_StraightHalf.bin,Medieval Village MegaKit[Standard]/Medieval Village MegaKit[Standard]/glTF/HoleCover_StraightHalf.bin,Medieval Village MegaKit[Standard],,
,2189,uncategorized,.gltf,,,,,HoleCover_StraightHalf.gltf,Medieval Village MegaKit[Standard]/Medieval Village MegaKit[Standard]/glTF/HoleCover_StraightHalf.gltf,Medieval Village MegaKit[Standard],,
,19792,uncategorized,.bin,,,,,Overhang_Plaster_Corner.bin,Medieval Village MegaKit[Standard]/Medieval Village MegaKit[Standard]/glTF/Overhang_Plaster_Corner.bin,Medieval Village MegaKit[Standard],,
,3793,uncategorized,.gltf,,,,,Overhang_Plaster_Corner.gltf,Medieval Village MegaKit[Standard]/Medieval Village MegaKit[Standard]/glTF/Overhang_Plaster_Corner.gltf,Medieval Village MegaKit[Standard],,
,8980,uncategorized,.bin,,,,,Overhang_Plaster_Corner_Front.bin,Medieval Village MegaKit[Standard]/Medieval Village MegaKit[Standard]/glTF/Overhang_Plaster_Corner_Front.bin,Medieval Village MegaKit[Standard],,
,3797,uncategorized,.gltf,,,,,Overhang_Plaster_Corner_Front.gltf,Medieval Village MegaKit[Standard]/Medieval Village MegaKit[Standard]/glTF/Overhang_Plaster_Corner_Front.gltf,Medieval Village MegaKit[Standard],,
,11704,uncategorized,.bin,,,,,Overhang_Plaster_Long.bin,Medieval Village MegaKit[Standard]/Medieval Village MegaKit[Standard]/glTF/Overhang_Plaster_Long.bin,Medieval Village MegaKit[Standard],,
,4155,uncategorized,.gltf,,,,,Overhang_Plaster_Long.gltf,Medieval Village MegaKit[Standard]/Medieval Village MegaKit[Standard]/glTF/Overhang_Plaster_Long.gltf,Medieval Village MegaKit[Standard],,
,11812,uncategorized,.bin,,,,,Overhang_Plaster_Short.bin,Medieval Village MegaKit[Standard]/Medieval Village MegaKit[Standard]/glTF/Overhang_Plaster_Short.bin,Medieval Village MegaKit[Standard],,
,4191,uncategorized,.gltf,,,,,Overhang_Plaster_Short.gltf,Medieval Village MegaKit[Standard]/Medieval Village MegaKit[Standard]/glTF/Overhang_Plaster_Short.gltf,Medieval Village MegaKit[Standard],,
,2660,architecture,.bin,,,,,Overhang_Roof_Plaster.bin,Medieval Village MegaKit[Standard]/Medieval Village MegaKit[Standard]/glTF/Overhang_Roof_Plaster.bin,Medieval Village MegaKit[Standard],,
,3736,architecture,.gltf,,,,,Overhang_Roof_Plaster.gltf,Medieval Village MegaKit[Standard]/Medieval Village MegaKit[Standard]/glTF/Overhang_Roof_Plaster.gltf,Medieval Village MegaKit[Standard],,
,2660,architecture,.bin,,,,,Overhang_Roof_UnevenBricks.bin,Medieval Village MegaKit[Standard]/Medieval Village MegaKit[Standard]/glTF/Overhang_Roof_UnevenBricks.bin,Medieval Village MegaKit[Standard],,
,3810,architecture,.gltf,,,,,Overhang_Roof_UnevenBricks.gltf,Medieval Village MegaKit[Standard]/Medieval Village MegaKit[Standard]/glTF/Overhang_Roof_UnevenBricks.gltf,Medieval Village MegaKit[Standard],,
,2520,architecture,.bin,,,,,Overhang_RoofIncline_Plaster.bin,Medieval Village MegaKit[Standard]/Medieval Village MegaKit[Standard]/glTF/Overhang_RoofIncline_Plaster.bin,Medieval Village MegaKit[Standard],,
,3786,architecture,.gltf,,,,,Overhang_RoofIncline_Plaster.gltf,Medieval Village MegaKit[Standard]/Medieval Village MegaKit[Standard]/glTF/Overhang_RoofIncline_Plaster.gltf,Medieval Village MegaKit[Standard],,
,2520,architecture,.bin,,,,,Overhang_RoofIncline_UnevenBricks.bin,Medieval Village MegaKit[Standard]/Medieval Village MegaKit[Standard]/glTF/Overhang_RoofIncline_UnevenBricks.bin,Medieval Village MegaKit[Standard],,
,3860,architecture,.gltf,,,,,Overhang_RoofIncline_UnevenBricks.gltf,Medieval Village MegaKit[Standard]/Medieval Village MegaKit[Standard]/glTF/Overhang_RoofIncline_UnevenBricks.gltf,Medieval Village MegaKit[Standard],,
,19724,uncategorized,.bin,,,,,Overhang_Side_Plaster_Long_L.bin,Medieval Village MegaKit[Standard]/Medieval Village MegaKit[Standard]/glTF/Overhang_Side_Plaster_Long_L.bin,Medieval Village MegaKit[Standard],,
,4246,uncategorized,.gltf,,,,,Overhang_Side_Plaster_Long_L.gltf,Medieval Village MegaKit[Standard]/Medieval Village MegaKit[Standard]/glTF/Overhang_Side_Plaster_Long_L.gltf,Medieval Village MegaKit[Standard],,
,19724,uncategorized,.bin,,,,,Overhang_Side_Plaster_Long_R.bin,Medieval Village MegaKit[Standard]/Medieval Village MegaKit[Standard]/glTF/Overhang_Side_Plaster_Long_R.bin,Medieval Village MegaKit[Standard],,
,4243,uncategorized,.gltf,,,,,Overhang_Side_Plaster_Long_R.gltf,Medieval Village MegaKit[Standard]/Medieval Village MegaKit[Standard]/glTF/Overhang_Side_Plaster_Long_R.gltf,Medieval Village MegaKit[Standard],,
,18532,uncategorized,.bin,,,,,Overhang_Side_Plaster_Short_L.bin,Medieval Village MegaKit[Standard]/Medieval Village MegaKit[Standard]/glTF/Overhang_Side_Plaster_Short_L.bin,Medieval Village MegaKit[Standard],,
,4266,uncategorized,.gltf,,,,,Overhang_Side_Plaster_Short_L.gltf,Medieval Village MegaKit[Standard]/Medieval Village MegaKit[Standard]/glTF/Overhang_Side_Plaster_Short_L.gltf,Medieval Village MegaKit[Standard],,
,18532,uncategorized,.bin,,,,,Overhang_Side_Plaster_Short_R.bin,Medieval Village MegaKit[Standard]/Medieval Village MegaKit[Standard]/glTF/Overhang_Side_Plaster_Short_R.bin,Medieval Village MegaKit[Standard],,
,4263,uncategorized,.gltf,,,,,Overhang_Side_Plaster_Short_R.gltf,Medieval Village MegaKit[Standard]/Medieval Village MegaKit[Standard]/glTF/Overhang_Side_Plaster_Short_R.gltf,Medieval Village MegaKit[Standard],,
,17912,uncategorized,.bin,,,,,Overhang_Side_UnevenBrick_Long_L.bin,Medieval Village MegaKit[Standard]/Medieval Village MegaKit[Standard]/glTF/Overhang_Side_UnevenBrick_Long_L.bin,Medieval Village MegaKit[Standard],,
,6133,uncategorized,.gltf,,,,,Overhang_Side_UnevenBrick_Long_L.gltf,Medieval Village MegaKit[Standard]/Medieval Village MegaKit[Standard]/glTF/Overhang_Side_UnevenBrick_Long_L.gltf,Medieval Village MegaKit[Standard],,
,17912,uncategorized,.bin,,,,,Overhang_Side_UnevenBrick_Long_R.bin,Medieval Village MegaKit[Standard]/Medieval Village MegaKit[Standard]/glTF/Overhang_Side_UnevenBrick_Long_R.bin,Medieval Village MegaKit[Standard],,
,6126,uncategorized,.gltf,,,,,Overhang_Side_UnevenBrick_Long_R.gltf,Medieval Village MegaKit[Standard]/Medieval Village MegaKit[Standard]/glTF/Overhang_Side_UnevenBrick_Long_R.gltf,Medieval Village MegaKit[Standard],,
,17844,uncategorized,.bin,,,,,Overhang_Side_UnevenBrick_Short_L.bin,Medieval Village MegaKit[Standard]/Medieval Village MegaKit[Standard]/glTF/Overhang_Side_UnevenBrick_Short_L.bin,Medieval Village MegaKit[Standard],,
,6168,uncategorized,.gltf,,,,,Overhang_Side_UnevenBrick_Short_L.gltf,Medieval Village MegaKit[Standard]/Medieval Village MegaKit[Standard]/glTF/Overhang_Side_UnevenBrick_Short_L.gltf,Medieval Village MegaKit[Standard],,
,17844,uncategorized,.bin,,,,,Overhang_Side_UnevenBrick_Short_R.bin,Medieval Village MegaKit[Standard]/Medieval Village MegaKit[Standard]/glTF/Overhang_Side_UnevenBrick_Short_R.bin,Medieval Village MegaKit[Standard],,
,6163,uncategorized,.gltf,,,,,Overhang_Side_UnevenBrick_Short_R.gltf,Medieval Village MegaKit[Standard]/Medieval Village MegaKit[Standard]/glTF/Overhang_Side_UnevenBrick_Short_R.gltf,Medieval Village MegaKit[Standard],,
,18524,uncategorized,.bin,,,,,Overhang_UnevenBrick_Corner.bin,Medieval Village MegaKit[Standard]/Medieval Village MegaKit[Standard]/glTF/Overhang_UnevenBrick_Corner.bin,Medieval Village MegaKit[Standard],,
,5455,uncategorized,.gltf,,,,,Overhang_UnevenBrick_Corner.gltf,Medieval Village MegaKit[Standard]/Medieval Village MegaKit[Standard]/glTF/Overhang_UnevenBrick_Corner.gltf,Medieval Village MegaKit[Standard],,
,3656,uncategorized,.bin,,,,,Overhang_UnevenBrick_Corner_Front.bin,Medieval Village MegaKit[Standard]/Medieval Village MegaKit[Standard]/glTF/Overhang_UnevenBrick_Corner_Front.bin,Medieval Village MegaKit[Standard],,
,5478,uncategorized,.gltf,,,,,Overhang_UnevenBrick_Corner_Front.gltf,Medieval Village MegaKit[Standard]/Medieval Village MegaKit[Standard]/glTF/Overhang_UnevenBrick_Corner_Front.gltf,Medieval Village MegaKit[Standard],,
,11016,uncategorized,.bin,,,,,Overhang_UnevenBrick_Long.bin,Medieval Village MegaKit[Standard]/Medieval Village MegaKit[Standard]/glTF/Overhang_UnevenBrick_Long.bin,Medieval Village MegaKit[Standard],,
,5995,uncategorized,.gltf,,,,,Overhang_UnevenBrick_Long.gltf,Medieval Village MegaKit[Standard]/Medieval Village MegaKit[Standard]/glTF/Overhang_UnevenBrick_Long.gltf,Medieval Village MegaKit[Standard],,
,11124,uncategorized,.bin,,,,,Overhang_UnevenBrick_Short.bin,Medieval Village MegaKit[Standard]/Medieval Village MegaKit[Standard]/glTF/Overhang_UnevenBrick_Short.bin,Medieval Village MegaKit[Standard],,
,6033,uncategorized,.gltf,,,,,Overhang_UnevenBrick_Short.gltf,Medieval Village MegaKit[Standard]/Medieval Village MegaKit[Standard]/glTF/Overhang_UnevenBrick_Short.gltf,Medieval Village MegaKit[Standard],,
,3272,uncategorized,.bin,,,,,Prop_Brick1.bin,Medieval Village MegaKit[Standard]/Medieval Village MegaKit[Standard]/glTF/Prop_Brick1.bin,Medieval Village MegaKit[Standard],,
,2184,uncategorized,.gltf,,,,,Prop_Brick1.gltf,Medieval Village MegaKit[Standard]/Medieval Village MegaKit[Standard]/glTF/Prop_Brick1.gltf,Medieval Village MegaKit[Standard],,
,3028,uncategorized,.bin,,,,,Prop_Brick2.bin,Medieval Village MegaKit[Standard]/Medieval Village MegaKit[Standard]/glTF/Prop_Brick2.bin,Medieval Village MegaKit[Standard],,
,2185,uncategorized,.gltf,,,,,Prop_Brick2.gltf,Medieval Village MegaKit[Standard]/Medieval Village MegaKit[Standard]/glTF/Prop_Brick2.gltf,Medieval Village MegaKit[Standard],,
,3892,uncategorized,.bin,,,,,Prop_Brick3.bin,Medieval Village MegaKit[Standard]/Medieval Village MegaKit[Standard]/glTF/Prop_Brick3.bin,Medieval Village MegaKit[Standard],,
,2189,uncategorized,.gltf,,,,,Prop_Brick3.gltf,Medieval Village MegaKit[Standard]/Medieval Village MegaKit[Standard]/glTF/Prop_Brick3.gltf,Medieval Village MegaKit[Standard],,
,3892,uncategorized,.bin,,,,,Prop_Brick4.bin,Medieval Village MegaKit[Standard]/Medieval Village MegaKit[Standard]/glTF/Prop_Brick4.bin,Medieval Village MegaKit[Standard],,
,2187,uncategorized,.gltf,,,,,Prop_Brick4.gltf,Medieval Village MegaKit[Standard]/Medieval Village MegaKit[Standard]/glTF/Prop_Brick4.gltf,Medieval Village MegaKit[Standard],,
,20476,uncategorized,.bin,,,,,Prop_Chimney.bin,Medieval Village MegaKit[Standard]/Medieval Village MegaKit[Standard]/glTF/Prop_Chimney.bin,Medieval Village MegaKit[Standard],,
,3843,uncategorized,.gltf,,,,,Prop_Chimney.gltf,Medieval Village MegaKit[Standard]/Medieval Village MegaKit[Standard]/glTF/Prop_Chimney.gltf,Medieval Village MegaKit[Standard],,
,4684,uncategorized,.bin,,,,,Prop_Chimney2.bin,Medieval Village MegaKit[Standard]/Medieval Village MegaKit[Standard]/glTF/Prop_Chimney2.bin,Medieval Village MegaKit[Standard],,
,2233,uncategorized,.gltf,,,,,Prop_Chimney2.gltf,Medieval Village MegaKit[Standard]/Medieval Village MegaKit[Standard]/glTF/Prop_Chimney2.gltf,Medieval Village MegaKit[Standard],,
,16100,props,.bin,,,,,Prop_Crate.bin,Medieval Village MegaKit[Standard]/Medieval Village MegaKit[Standard]/glTF/Prop_Crate.bin,Medieval Village MegaKit[Standard],,
,2211,props,.gltf,,,,,Prop_Crate.gltf,Medieval Village MegaKit[Standard]/Medieval Village MegaKit[Standard]/glTF/Prop_Crate.gltf,Medieval Village MegaKit[Standard],,
,1196,uncategorized,.bin,,,,,Prop_ExteriorBorder_Corner.bin,Medieval Village MegaKit[Standard]/Medieval Village MegaKit[Standard]/glTF/Prop_ExteriorBorder_Corner.bin,Medieval Village MegaKit[Standard],,
,2201,uncategorized,.gltf,,,,,Prop_ExteriorBorder_Corner.gltf,Medieval Village MegaKit[Standard]/Medieval Village MegaKit[Standard]/glTF/Prop_ExteriorBorder_Corner.gltf,Medieval Village MegaKit[Standard],,
,992,uncategorized,.bin,,,,,Prop_ExteriorBorder_Straight1.bin,Medieval Village MegaKit[Standard]/Medieval Village MegaKit[Standard]/glTF/Prop_ExteriorBorder_Straight1.bin,Medieval Village MegaKit[Standard],,
,2180,uncategorized,.gltf,,,,,Prop_ExteriorBorder_Straight1.gltf,Medieval Village MegaKit[Standard]/Medieval Village MegaKit[Standard]/glTF/Prop_ExteriorBorder_Straight1.gltf,Medieval Village MegaKit[Standard],,
,992,uncategorized,.bin,,,,,Prop_ExteriorBorder_Straight2.bin,Medieval Village MegaKit[Standard]/Medieval Village MegaKit[Standard]/glTF/Prop_ExteriorBorder_Straight2.bin,Medieval Village MegaKit[Standard],,
,2180,uncategorized,.gltf,,,,,Prop_ExteriorBorder_Straight2.gltf,Medieval Village MegaKit[Standard]/Medieval Village MegaKit[Standard]/glTF/Prop_ExteriorBorder_Straight2.gltf,Medieval Village MegaKit[Standard],,
,150840,uncategorized,.bin,,,,,Prop_MetalFence_Ornament.bin,Medieval Village MegaKit[Standard]/Medieval Village MegaKit[Standard]/glTF/Prop_MetalFence_Ornament.bin,Medieval Village MegaKit[Standard],,
,2083,uncategorized,.gltf,,,,,Prop_MetalFence_Ornament.gltf,Medieval Village MegaKit[Standard]/Medieval Village MegaKit[Standard]/glTF/Prop_MetalFence_Ornament.gltf,Medieval Village MegaKit[Standard],,
,103440,uncategorized,.bin,,,,,Prop_MetalFence_Simple.bin,Medieval Village MegaKit[Standard]/Medieval Village MegaKit[Standard]/glTF/Prop_MetalFence_Simple.bin,Medieval Village MegaKit[Standard],,
,2077,uncategorized,.gltf,,,,,Prop_MetalFence_Simple.gltf,Medieval Village MegaKit[Standard]/Medieval Village MegaKit[Standard]/glTF/Prop_MetalFence_Simple.gltf,Medieval Village MegaKit[Standard],,
,1120,uncategorized,.bin,,,,,Prop_Support.bin,Medieval Village MegaKit[Standard]/Medieval Village MegaKit[Standard]/glTF/Prop_Support.bin,Medieval Village MegaKit[Standard],,
,2202,uncategorized,.gltf,,,,,Prop_Support.gltf,Medieval Village MegaKit[Standard]/Medieval Village MegaKit[Standard]/glTF/Prop_Support.gltf,Medieval Village MegaKit[Standard],,
,5580,vegetation,.bin,,,,,Prop_Vine1.bin,Medieval Village MegaKit[Standard]/Medieval Village MegaKit[Standard]/glTF/Prop_Vine1.bin,Medieval Village MegaKit[Standard],,
,1979,vegetation,.gltf,,,,,Prop_Vine1.gltf,Medieval Village MegaKit[Standard]/Medieval Village MegaKit[Standard]/glTF/Prop_Vine1.gltf,Medieval Village MegaKit[Standard],,
,3088,vegetation,.bin,,,,,Prop_Vine2.bin,Medieval Village MegaKit[Standard]/Medieval Village MegaKit[Standard]/glTF/Prop_Vine2.bin,Medieval Village MegaKit[Standard],,
,1978,vegetation,.gltf,,,,,Prop_Vine2.gltf,Medieval Village MegaKit[Standard]/Medieval Village MegaKit[Standard]/glTF/Prop_Vine2.gltf,Medieval Village MegaKit[Standard],,
,2140,vegetation,.bin,,,,,Prop_Vine4.bin,Medieval Village MegaKit[Standard]/Medieval Village MegaKit[Standard]/glTF/Prop_Vine4.bin,Medieval Village MegaKit[Standard],,
,1974,vegetation,.gltf,,,,,Prop_Vine4.gltf,Medieval Village MegaKit[Standard]/Medieval Village MegaKit[Standard]/glTF/Prop_Vine4.gltf,Medieval Village MegaKit[Standard],,
,6624,vegetation,.bin,,,,,Prop_Vine5.bin,Medieval Village MegaKit[Standard]/Medieval Village MegaKit[Standard]/glTF/Prop_Vine5.bin,Medieval Village MegaKit[Standard],,
,1978,vegetation,.gltf,,,,,Prop_Vine5.gltf,Medieval Village MegaKit[Standard]/Medieval Village MegaKit[Standard]/glTF/Prop_Vine5.gltf,Medieval Village MegaKit[Standard],,
,6380,vegetation,.bin,,,,,Prop_Vine6.bin,Medieval Village MegaKit[Standard]/Medieval Village MegaKit[Standard]/glTF/Prop_Vine6.bin,Medieval Village MegaKit[Standard],,
,1978,vegetation,.gltf,,,,,Prop_Vine6.gltf,Medieval Village MegaKit[Standard]/Medieval Village MegaKit[Standard]/glTF/Prop_Vine6.gltf,Medieval Village MegaKit[Standard],,
,2568,vegetation,.bin,,,,,Prop_Vine9.bin,Medieval Village MegaKit[Standard]/Medieval Village MegaKit[Standard]/glTF/Prop_Vine9.bin,Medieval Village MegaKit[Standard],,
,1972,vegetation,.gltf,,,,,Prop_Vine9.gltf,Medieval Village MegaKit[Standard]/Medieval Village MegaKit[Standard]/glTF/Prop_Vine9.gltf,Medieval Village MegaKit[Standard],,
,103272,uncategorized,.bin,,,,,Prop_Wagon.bin,Medieval Village MegaKit[Standard]/Medieval Village MegaKit[Standard]/glTF/Prop_Wagon.bin,Medieval Village MegaKit[Standard],,
,2422,uncategorized,.gltf,,,,,Prop_Wagon.gltf,Medieval Village MegaKit[Standard]/Medieval Village MegaKit[Standard]/glTF/Prop_Wagon.gltf,Medieval Village MegaKit[Standard],,
,2240,uncategorized,.bin,,,,,Prop_WoodenFence_Extension1.bin,Medieval Village MegaKit[Standard]/Medieval Village MegaKit[Standard]/glTF/Prop_WoodenFence_Extension1.bin,Medieval Village MegaKit[Standard],,
,2236,uncategorized,.gltf,,,,,Prop_WoodenFence_Extension1.gltf,Medieval Village MegaKit[Standard]/Medieval Village MegaKit[Standard]/glTF/Prop_WoodenFence_Extension1.gltf,Medieval Village MegaKit[Standard],,
,1960,uncategorized,.bin,,,,,Prop_WoodenFence_Extension2.bin,Medieval Village MegaKit[Standard]/Medieval Village MegaKit[Standard]/glTF/Prop_WoodenFence_Extension2.bin,Medieval Village MegaKit[Standard],,
,2236,uncategorized,.gltf,,,,,Prop_WoodenFence_Extension2.gltf,Medieval Village MegaKit[Standard]/Medieval Village MegaKit[Standard]/glTF/Prop_WoodenFence_Extension2.gltf,Medieval Village MegaKit[Standard],,
,2800,uncategorized,.bin,,,,,Prop_WoodenFence_Single.bin,Medieval Village MegaKit[Standard]/Medieval Village MegaKit[Standard]/glTF/Prop_WoodenFence_Single.bin,Medieval Village MegaKit[Standard],,
,2230,uncategorized,.gltf,,,,,Prop_WoodenFence_Single.gltf,Medieval Village MegaKit[Standard]/Medieval Village MegaKit[Standard]/glTF/Prop_WoodenFence_Single.gltf,Medieval Village MegaKit[Standard],,
,60352,architecture,.bin,,,,,Roof_2x4_RoundTile.bin,Medieval Village MegaKit[Standard]/Medieval Village MegaKit[Standard]/glTF/Roof_2x4_RoundTile.bin,Medieval Village MegaKit[Standard],,
,4324,architecture,.gltf,,,,,Roof_2x4_RoundTile.gltf,Medieval Village MegaKit[Standard]/Medieval Village MegaKit[Standard]/glTF/Roof_2x4_RoundTile.gltf,Medieval Village MegaKit[Standard],,
,61104,architecture,.bin,,,,,Roof_Dormer_RoundTile.bin,Medieval Village MegaKit[Standard]/Medieval Village MegaKit[Standard]/glTF/Roof_Dormer_RoundTile.bin,Medieval Village MegaKit[Standard],,
,7682,architecture,.gltf,,,,,Roof_Dormer_RoundTile.gltf,Medieval Village MegaKit[Standard]/Medieval Village MegaKit[Standard]/glTF/Roof_Dormer_RoundTile.gltf,Medieval Village MegaKit[Standard],,
,5204,architecture,.bin,,,,,Roof_Front_Brick2.bin,Medieval Village MegaKit[Standard]/Medieval Village MegaKit[Standard]/glTF/Roof_Front_Brick2.bin,Medieval Village MegaKit[Standard],,
,3865,architecture,.gltf,,,,,Roof_Front_Brick2.gltf,Medieval Village MegaKit[Standard]/Medieval Village MegaKit[Standard]/glTF/Roof_Front_Brick2.gltf,Medieval Village MegaKit[Standard],,
,13288,architecture,.bin,,,,,Roof_Front_Brick4.bin,Medieval Village MegaKit[Standard]/Medieval Village MegaKit[Standard]/glTF/Roof_Front_Brick4.bin,Medieval Village MegaKit[Standard],,
,3868,architecture,.gltf,,,,,Roof_Front_Brick4.gltf,Medieval Village MegaKit[Standard]/Medieval Village MegaKit[Standard]/glTF/Roof_Front_Brick4.gltf,Medieval Village MegaKit[Standard],,
,7816,architecture,.bin,,,,,Roof_Front_Brick4_Half_L.bin,Medieval Village MegaKit[Standard]/Medieval Village MegaKit[Standard]/glTF/Roof_Front_Brick4_Half_L.bin,Medieval Village MegaKit[Standard],,
,3883,architecture,.gltf,,,,,Roof_Front_Brick4_Half_L.gltf,Medieval Village MegaKit[Standard]/Medieval Village MegaKit[Standard]/glTF/Roof_Front_Brick4_Half_L.gltf,Medieval Village MegaKit[Standard],,
,8236,architecture,.bin,,,,,Roof_Front_Brick4_Half_R.bin,Medieval Village MegaKit[Standard]/Medieval Village MegaKit[Standard]/glTF/Roof_Front_Brick4_Half_R.bin,Medieval Village MegaKit[Standard],,
,3883,architecture,.gltf,,,,,Roof_Front_Brick4_Half_R.gltf,Medieval Village MegaKit[Standard]/Medieval Village MegaKit[Standard]/glTF/Roof_Front_Brick4_Half_R.gltf,Medieval Village MegaKit[Standard],,
,18736,architecture,.bin,,,,,Roof_Front_Brick6.bin,Medieval Village MegaKit[Standard]/Medieval Village MegaKit[Standard]/glTF/Roof_Front_Brick6.bin,Medieval Village MegaKit[Standard],,
,3869,architecture,.gltf,,,,,Roof_Front_Brick6.gltf,Medieval Village MegaKit[Standard]/Medieval Village MegaKit[Standard]/glTF/Roof_Front_Brick6.gltf,Medieval Village MegaKit[Standard],,
,10972,architecture,.bin,,,,,Roof_Front_Brick6_Half_L.bin,Medieval Village MegaKit[Standard]/Medieval Village MegaKit[Standard]/glTF/Roof_Front_Brick6_Half_L.bin,Medieval Village MegaKit[Standard],,
,3887,architecture,.gltf,,,,,Roof_Front_Brick6_Half_L.gltf,Medieval Village MegaKit[Standard]/Medieval Village MegaKit[Standard]/glTF/Roof_Front_Brick6_Half_L.gltf,Medieval Village MegaKit[Standard],,
,10972,architecture,.bin,,,,,Roof_Front_Brick6_Half_R.bin,Medieval Village MegaKit[Standard]/Medieval Village MegaKit[Standard]/glTF/Roof_Front_Brick6_Half_R.bin,Medieval Village MegaKit[Standard],,
,3887,architecture,.gltf,,,,,Roof_Front_Brick6_Half_R.gltf,Medieval Village MegaKit[Standard]/Medieval Village MegaKit[Standard]/glTF/Roof_Front_Brick6_Half_R.gltf,Medieval Village MegaKit[Standard],,
,21768,architecture,.bin,,,,,Roof_Front_Brick8.bin,Medieval Village MegaKit[Standard]/Medieval Village MegaKit[Standard]/glTF/Roof_Front_Brick8.bin,Medieval Village MegaKit[Standard],,
,3870,architecture,.gltf,,,,,Roof_Front_Brick8.gltf,Medieval Village MegaKit[Standard]/Medieval Village MegaKit[Standard]/glTF/Roof_Front_Brick8.gltf,Medieval Village MegaKit[Standard],,
,12488,architecture,.bin,,,,,Roof_Front_Brick8_Half_L.bin,Medieval Village MegaKit[Standard]/Medieval Village MegaKit[Standard]/glTF/Roof_Front_Brick8_Half_L.bin,Medieval Village MegaKit[Standard],,
,3889,architecture,.gltf,,,,,Roof_Front_Brick8_Half_L.gltf,Medieval Village MegaKit[Standard]/Medieval Village MegaKit[Standard]/glTF/Roof_Front_Brick8_Half_L.gltf,Medieval Village MegaKit[Standard],,
,12488,architecture,.bin,,,,,Roof_Front_Brick8_Half_R.bin,Medieval Village MegaKit[Standard]/Medieval Village MegaKit[Standard]/glTF/Roof_Front_Brick8_Half_R.bin,Medieval Village MegaKit[Standard],,
,3890,architecture,.gltf,,,,,Roof_Front_Brick8_Half_R.gltf,Medieval Village MegaKit[Standard]/Medieval Village MegaKit[Standard]/glTF/Roof_Front_Brick8_Half_R.gltf,Medieval Village MegaKit[Standard],,
,4200,architecture,.bin,,,,,Roof_FrontSupports.bin,Medieval Village MegaKit[Standard]/Medieval Village MegaKit[Standard]/glTF/Roof_FrontSupports.bin,Medieval Village MegaKit[Standard],,
,2225,architecture,.gltf,,,,,Roof_FrontSupports.gltf,Medieval Village MegaKit[Standard]/Medieval Village MegaKit[Standard]/glTF/Roof_FrontSupports.gltf,Medieval Village MegaKit[Standard],,
,6616,vegetation,.bin,,,,,Roof_Log.bin,Medieval Village MegaKit[Standard]/Medieval Village MegaKit[Standard]/glTF/Roof_Log.bin,Medieval Village MegaKit[Standard],,
,2197,vegetation,.gltf,,,,,Roof_Log.gltf,Medieval Village MegaKit[Standard]/Medieval Village MegaKit[Standard]/glTF/Roof_Log.gltf,Medieval Village MegaKit[Standard],,
,7216,architecture,.bin,,,,,Roof_Modular_RoundTiles.bin,Medieval Village MegaKit[Standard]/Medieval Village MegaKit[Standard]/glTF/Roof_Modular_RoundTiles.bin,Medieval Village MegaKit[Standard],,
,2441,architecture,.gltf,,,,,Roof_Modular_RoundTiles.gltf,Medieval Village MegaKit[Standard]/Medieval Village MegaKit[Standard]/glTF/Roof_Modular_RoundTiles.gltf,Medieval Village MegaKit[Standard],,
,38472,architecture,.bin,,,,,Roof_RoundTile_2x1.bin,Medieval Village MegaKit[Standard]/Medieval Village MegaKit[Standard]/glTF/Roof_RoundTile_2x1.bin,Medieval Village MegaKit[Standard],,
,4329,architecture,.gltf,,,,,Roof_RoundTile_2x1.gltf,Medieval Village MegaKit[Standard]/Medieval Village MegaKit[Standard]/glTF/Roof_RoundTile_2x1.gltf,Medieval Village MegaKit[Standard],,
,39928,architecture,.bin,,,,,Roof_RoundTile_2x1_Long.bin,Medieval Village MegaKit[Standard]/Medieval Village MegaKit[Standard]/glTF/Roof_RoundTile_2x1_Long.bin,Medieval Village MegaKit[Standard],,
,4333,architecture,.gltf,,,,,Roof_RoundTile_2x1_Long.gltf,Medieval Village MegaKit[Standard]/Medieval Village MegaKit[Standard]/glTF/Roof_RoundTile_2x1_Long.gltf,Medieval Village MegaKit[Standard],,
,107176,architecture,.bin,,,,,Roof_RoundTiles_4x4.bin,Medieval Village MegaKit[Standard]/Medieval Village MegaKit[Standard]/glTF/Roof_RoundTiles_4x4.bin,Medieval Village MegaKit[Standard],,
,4337,architecture,.gltf,,,,,Roof_RoundTiles_4x4.gltf,Medieval Village MegaKit[Standard]/Medieval Village MegaKit[Standard]/glTF/Roof_RoundTiles_4x4.gltf,Medieval Village MegaKit[Standard],,
,129840,architecture,.bin,,,,,Roof_RoundTiles_4x6.bin,Medieval Village MegaKit[Standard]/Medieval Village MegaKit[Standard]/glTF/Roof_RoundTiles_4x6.bin,Medieval Village MegaKit[Standard],,
,4341,architecture,.gltf,,,,,Roof_RoundTiles_4x6.gltf,Medieval Village MegaKit[Standard]/Medieval Village MegaKit[Standard]/glTF/Roof_RoundTiles_4x6.gltf,Medieval Village MegaKit[Standard],,
,157336,architecture,.bin,,,,,Roof_RoundTiles_4x8.bin,Medieval Village MegaKit[Standard]/Medieval Village MegaKit[Standard]/glTF/Roof_RoundTiles_4x8.bin,Medieval Village MegaKit[Standard],,
,4343,architecture,.gltf,,,,,Roof_RoundTiles_4x8.gltf,Medieval Village MegaKit[Standard]/Medieval Village MegaKit[Standard]/glTF/Roof_RoundTiles_4x8.gltf,Medieval Village MegaKit[Standard],,
,210120,architecture,.bin,,,,,Roof_RoundTiles_6x10.bin,Medieval Village MegaKit[Standard]/Medieval Village MegaKit[Standard]/glTF/Roof_RoundTiles_6x10.bin,Medieval Village MegaKit[Standard],,
,4344,architecture,.gltf,,,,,Roof_RoundTiles_6x10.gltf,Medieval Village MegaKit[Standard]/Medieval Village MegaKit[Standard]/glTF/Roof_RoundTiles_6x10.gltf,Medieval Village MegaKit[Standard],,
,229472,architecture,.bin,,,,,Roof_RoundTiles_6x12.bin,Medieval Village MegaKit[Standard]/Medieval Village MegaKit[Standard]/glTF/Roof_RoundTiles_6x12.bin,Medieval Village MegaKit[Standard],,
,4345,architecture,.gltf,,,,,Roof_RoundTiles_6x12.gltf,Medieval Village MegaKit[Standard]/Medieval Village MegaKit[Standard]/glTF/Roof_RoundTiles_6x12.gltf,Medieval Village MegaKit[Standard],,
,252712,architecture,.bin,,,,,Roof_RoundTiles_6x14.bin,Medieval Village MegaKit[Standard]/Medieval Village MegaKit[Standard]/glTF/Roof_RoundTiles_6x14.bin,Medieval Village MegaKit[Standard],,
,4342,architecture,.gltf,,,,,Roof_RoundTiles_6x14.gltf,Medieval Village MegaKit[Standard]/Medieval Village MegaKit[Standard]/glTF/Roof_RoundTiles_6x14.gltf,Medieval Village MegaKit[Standard],,
,114352,architecture,.bin,,,,,Roof_RoundTiles_6x4.bin,Medieval Village MegaKit[Standard]/Medieval Village MegaKit[Standard]/glTF/Roof_RoundTiles_6x4.bin,Medieval Village MegaKit[Standard],,
,4340,architecture,.gltf,,,,,Roof_RoundTiles_6x4.gltf,Medieval Village MegaKit[Standard]/Medieval Village MegaKit[Standard]/glTF/Roof_RoundTiles_6x4.gltf,Medieval Village MegaKit[Standard],,
,167464,architecture,.bin,,,,,Roof_RoundTiles_6x6.bin,Medieval Village MegaKit[Standard]/Medieval Village MegaKit[Standard]/glTF/Roof_RoundTiles_6x6.bin,Medieval Village MegaKit[Standard],,
,4343,architecture,.gltf,,,,,Roof_RoundTiles_6x6.gltf,Medieval Village MegaKit[Standard]/Medieval Village MegaKit[Standard]/glTF/Roof_RoundTiles_6x6.gltf,Medieval Village MegaKit[Standard],,
,187736,architecture,.bin,,,,,Roof_RoundTiles_6x8.bin,Medieval Village MegaKit[Standard]/Medieval Village MegaKit[Standard]/glTF/Roof_RoundTiles_6x8.bin,Medieval Village MegaKit[Standard],,
,4342,architecture,.gltf,,,,,Roof_RoundTiles_6x8.gltf,Medieval Village MegaKit[Standard]/Medieval Village MegaKit[Standard]/glTF/Roof_RoundTiles_6x8.gltf,Medieval Village MegaKit[Standard],,
,225760,architecture,.bin,,,,,Roof_RoundTiles_8x10.bin,Medieval Village MegaKit[Standard]/Medieval Village MegaKit[Standard]/glTF/Roof_RoundTiles_8x10.bin,Medieval Village MegaKit[Standard],,
,4344,architecture,.gltf,,,,,Roof_RoundTiles_8x10.gltf,Medieval Village MegaKit[Standard]/Medieval Village MegaKit[Standard]/glTF/Roof_RoundTiles_8x10.gltf,Medieval Village MegaKit[Standard],,
,318296,architecture,.bin,,,,,Roof_RoundTiles_8x12.bin,Medieval Village MegaKit[Standard]/Medieval Village MegaKit[Standard]/glTF/Roof_RoundTiles_8x12.bin,Medieval Village MegaKit[Standard],,
,4346,architecture,.gltf,,,,,Roof_RoundTiles_8x12.gltf,Medieval Village MegaKit[Standard]/Medieval Village MegaKit[Standard]/glTF/Roof_RoundTiles_8x12.gltf,Medieval Village MegaKit[Standard],,
,263104,architecture,.bin,,,,,Roof_RoundTiles_8x14.bin,Medieval Village MegaKit[Standard]/Medieval Village MegaKit[Standard]/glTF/Roof_RoundTiles_8x14.bin,Medieval Village MegaKit[Standard],,
,4456,architecture,.gltf,,,,,Roof_RoundTiles_8x14.gltf,Medieval Village MegaKit[Standard]/Medieval Village MegaKit[Standard]/glTF/Roof_RoundTiles_8x14.gltf,Medieval Village MegaKit[Standard],,
,195328,architecture,.bin,,,,,Roof_RoundTiles_8x8.bin,Medieval Village MegaKit[Standard]/Medieval Village MegaKit[Standard]/glTF/Roof_RoundTiles_8x8.bin,Medieval Village MegaKit[Standard],,
,4342,architecture,.gltf,,,,,Roof_RoundTiles_8x8.gltf,Medieval Village MegaKit[Standard]/Medieval Village MegaKit[Standard]/glTF/Roof_RoundTiles_8x8.gltf,Medieval Village MegaKit[Standard],,
,4472,architecture,.bin,,,,,Roof_Support2.bin,Medieval Village MegaKit[Standard]/Medieval Village MegaKit[Standard]/glTF/Roof_Support2.bin,Medieval Village MegaKit[Standard],,
,2216,architecture,.gltf,,,,,Roof_Support2.gltf,Medieval Village MegaKit[Standard]/Medieval Village MegaKit[Standard]/glTF/Roof_Support2.gltf,Medieval Village MegaKit[Standard],,
,203304,architecture,.bin,,,,,Roof_Tower_RoundTiles.bin,Medieval Village MegaKit[Standard]/Medieval Village MegaKit[Standard]/glTF/Roof_Tower_RoundTiles.bin,Medieval Village MegaKit[Standard],,
,7933,architecture,.gltf,,,,,Roof_Tower_RoundTiles.gltf,Medieval Village MegaKit[Standard]/Medieval Village MegaKit[Standard]/glTF/Roof_Tower_RoundTiles.gltf,Medieval Village MegaKit[Standard],,
,19104,architecture,.bin,,,,,Roof_Wooden_2x1.bin,Medieval Village MegaKit[Standard]/Medieval Village MegaKit[Standard]/glTF/Roof_Wooden_2x1.bin,Medieval Village MegaKit[Standard],,
,3985,architecture,.gltf,,,,,Roof_Wooden_2x1.gltf,Medieval Village MegaKit[Standard]/Medieval Village MegaKit[Standard]/glTF/Roof_Wooden_2x1.gltf,Medieval Village MegaKit[Standard],,
,4472,architecture,.bin,,,,,Roof_Wooden_2x1_Center.bin,Medieval Village MegaKit[Standard]/Medieval Village MegaKit[Standard]/glTF/Roof_Wooden_2x1_Center.bin,Medieval Village MegaKit[Standard],,
,3937,architecture,.gltf,,,,,Roof_Wooden_2x1_Center.gltf,Medieval Village MegaKit[Standard]/Medieval Village MegaKit[Standard]/glTF/Roof_Wooden_2x1_Center.gltf,Medieval Village MegaKit[Standard],,
,4472,architecture,.bin,,,,,Roof_Wooden_2x1_Center_Mirror.bin,Medieval Village MegaKit[Standard]/Medieval Village MegaKit[Standard]/glTF/Roof_Wooden_2x1_Center_Mirror.bin,Medieval Village MegaKit[Standard],,
,3951,architecture,.gltf,,,,,Roof_Wooden_2x1_Center_Mirror.gltf,Medieval Village MegaKit[Standard]/Medieval Village MegaKit[Standard]/glTF/Roof_Wooden_2x1_Center_Mirror.gltf,Medieval Village MegaKit[Standard],,
,6892,architecture,.bin,,,,,Roof_Wooden_2x1_Corner.bin,Medieval Village MegaKit[Standard]/Medieval Village MegaKit[Standard]/glTF/Roof_Wooden_2x1_Corner.bin,Medieval Village MegaKit[Standard],,
,3975,architecture,.gltf,,,,,Roof_Wooden_2x1_Corner.gltf,Medieval Village MegaKit[Standard]/Medieval Village MegaKit[Standard]/glTF/Roof_Wooden_2x1_Corner.gltf,Medieval Village MegaKit[Standard],,
,13428,architecture,.bin,,,,,Roof_Wooden_2x1_L.bin,Medieval Village MegaKit[Standard]/Medieval Village MegaKit[Standard]/glTF/Roof_Wooden_2x1_L.bin,Medieval Village MegaKit[Standard],,
,3969,architecture,.gltf,,,,,Roof_Wooden_2x1_L.gltf,Medieval Village MegaKit[Standard]/Medieval Village MegaKit[Standard]/glTF/Roof_Wooden_2x1_L.gltf,Medieval Village MegaKit[Standard],,
,2064,architecture,.bin,,,,,Roof_Wooden_2x1_Middle.bin,Medieval Village MegaKit[Standard]/Medieval Village MegaKit[Standard]/glTF/Roof_Wooden_2x1_Middle.bin,Medieval Village MegaKit[Standard],,
,2367,architecture,.gltf,,,,,Roof_Wooden_2x1_Middle.gltf,Medieval Village MegaKit[Standard]/Medieval Village MegaKit[Standard]/glTF/Roof_Wooden_2x1_Middle.gltf,Medieval Village MegaKit[Standard],,
,13428,architecture,.bin,,,,,Roof_Wooden_2x1_R.bin,Medieval Village MegaKit[Standard]/Medieval Village MegaKit[Standard]/glTF/Roof_Wooden_2x1_R.bin,Medieval Village MegaKit[Standard],,
,3969,architecture,.gltf,,,,,Roof_Wooden_2x1_R.gltf,Medieval Village MegaKit[Standard]/Medieval Village MegaKit[Standard]/glTF/Roof_Wooden_2x1_R.gltf,Medieval Village MegaKit[Standard],,
,135344,uncategorized,.bin,,,,,Stair_Interior_Rails.bin,Medieval Village MegaKit[Standard]/Medieval Village MegaKit[Standard]/glTF/Stair_Interior_Rails.bin,Medieval Village MegaKit[Standard],,
,2240,uncategorized,.gltf,,,,,Stair_Interior_Rails.gltf,Medieval Village MegaKit[Standard]/Medieval Village MegaKit[Standard]/glTF/Stair_Interior_Rails.gltf,Medieval Village MegaKit[Standard],,
,14560,uncategorized,.bin,,,,,Stair_Interior_Simple.bin,Medieval Village MegaKit[Standard]/Medieval Village MegaKit[Standard]/glTF/Stair_Interior_Simple.bin,Medieval Village MegaKit[Standard],,
,2231,uncategorized,.gltf,,,,,Stair_Interior_Simple.gltf,Medieval Village MegaKit[Standard]/Medieval Village MegaKit[Standard]/glTF/Stair_Interior_Simple.gltf,Medieval Village MegaKit[Standard],,
,21228,uncategorized,.bin,,,,,Stair_Interior_Solid.bin,Medieval Village MegaKit[Standard]/Medieval Village MegaKit[Standard]/glTF/Stair_Interior_Solid.bin,Medieval Village MegaKit[Standard],,
,2232,uncategorized,.gltf,,,,,Stair_Interior_Solid.gltf,Medieval Village MegaKit[Standard]/Medieval Village MegaKit[Standard]/glTF/Stair_Interior_Solid.gltf,Medieval Village MegaKit[Standard],,
,25360,uncategorized,.bin,,,,,Stair_Interior_SolidExtended.bin,Medieval Village MegaKit[Standard]/Medieval Village MegaKit[Standard]/glTF/Stair_Interior_SolidExtended.bin,Medieval Village MegaKit[Standard],,
,2248,uncategorized,.gltf,,,,,Stair_Interior_SolidExtended.gltf,Medieval Village MegaKit[Standard]/Medieval Village MegaKit[Standard]/glTF/Stair_Interior_SolidExtended.gltf,Medieval Village MegaKit[Standard],,
,3512,uncategorized,.bin,,,,,Stairs_Exterior_NoFirstStep.bin,Medieval Village MegaKit[Standard]/Medieval Village MegaKit[Standard]/glTF/Stairs_Exterior_NoFirstStep.bin,Medieval Village MegaKit[Standard],,
,3826,uncategorized,.gltf,,,,,Stairs_Exterior_NoFirstStep.gltf,Medieval Village MegaKit[Standard]/Medieval Village MegaKit[Standard]/glTF/Stairs_Exterior_NoFirstStep.gltf,Medieval Village MegaKit[Standard],,
,2208,uncategorized,.bin,,,,,Stairs_Exterior_Platform.bin,Medieval Village MegaKit[Standard]/Medieval Village MegaKit[Standard]/glTF/Stairs_Exterior_Platform.bin,Medieval Village MegaKit[Standard],,
,3792,uncategorized,.gltf,,,,,Stairs_Exterior_Platform.gltf,Medieval Village MegaKit[Standard]/Medieval Village MegaKit[Standard]/glTF/Stairs_Exterior_Platform.gltf,Medieval Village MegaKit[Standard],,
,3116,uncategorized,.bin,,,,,Stairs_Exterior_Platform45.bin,Medieval Village MegaKit[Standard]/Medieval Village MegaKit[Standard]/glTF/Stairs_Exterior_Platform45.bin,Medieval Village MegaKit[Standard],,
,3801,uncategorized,.gltf,,,,,Stairs_Exterior_Platform45.gltf,Medieval Village MegaKit[Standard]/Medieval Village MegaKit[Standard]/glTF/Stairs_Exterior_Platform45.gltf,Medieval Village MegaKit[Standard],,
,2416,uncategorized,.bin,,,,,Stairs_Exterior_Platform45Clean.bin,Medieval Village MegaKit[Standard]/Medieval Village MegaKit[Standard]/glTF/Stairs_Exterior_Platform45Clean.bin,Medieval Village MegaKit[Standard],,
,3810,uncategorized,.gltf,,,,,Stairs_Exterior_Platform45Clean.gltf,Medieval Village MegaKit[Standard]/Medieval Village MegaKit[Standard]/glTF/Stairs_Exterior_Platform45Clean.gltf,Medieval Village MegaKit[Standard],,
,3416,uncategorized,.bin,,,,,Stairs_Exterior_PlatformU.bin,Medieval Village MegaKit[Standard]/Medieval Village MegaKit[Standard]/glTF/Stairs_Exterior_PlatformU.bin,Medieval Village MegaKit[Standard],,
,3816,uncategorized,.gltf,,,,,Stairs_Exterior_PlatformU.gltf,Medieval Village MegaKit[Standard]/Medieval Village MegaKit[Standard]/glTF/Stairs_Exterior_PlatformU.gltf,Medieval Village MegaKit[Standard],,
,1940,uncategorized,.bin,,,,,Stairs_Exterior_SidePlatform.bin,Medieval Village MegaKit[Standard]/Medieval Village MegaKit[Standard]/glTF/Stairs_Exterior_SidePlatform.bin,Medieval Village MegaKit[Standard],,
,3804,uncategorized,.gltf,,,,,Stairs_Exterior_SidePlatform.gltf,Medieval Village MegaKit[Standard]/Medieval Village MegaKit[Standard]/glTF/Stairs_Exterior_SidePlatform.gltf,Medieval Village MegaKit[Standard],,
,1120,uncategorized,.bin,,,,,Stairs_Exterior_Sides.bin,Medieval Village MegaKit[Standard]/Medieval Village MegaKit[Standard]/glTF/Stairs_Exterior_Sides.bin,Medieval Village MegaKit[Standard],,
,2147,uncategorized,.gltf,,,,,Stairs_Exterior_Sides.gltf,Medieval Village MegaKit[Standard]/Medieval Village MegaKit[Standard]/glTF/Stairs_Exterior_Sides.gltf,Medieval Village MegaKit[Standard],,
,1512,uncategorized,.bin,,,,,Stairs_Exterior_Sides45.bin,Medieval Village MegaKit[Standard]/Medieval Village MegaKit[Standard]/glTF/Stairs_Exterior_Sides45.bin,Medieval Village MegaKit[Standard],,
,2188,uncategorized,.gltf,,,,,Stairs_Exterior_Sides45.gltf,Medieval Village MegaKit[Standard]/Medieval Village MegaKit[Standard]/glTF/Stairs_Exterior_Sides45.gltf,Medieval Village MegaKit[Standard],,
,2768,uncategorized,.bin,,,,,Stairs_Exterior_SidesU.bin,Medieval Village MegaKit[Standard]/Medieval Village MegaKit[Standard]/glTF/Stairs_Exterior_SidesU.bin,Medieval Village MegaKit[Standard],,
,2171,uncategorized,.gltf,,,,,Stairs_Exterior_SidesU.gltf,Medieval Village MegaKit[Standard]/Medieval Village MegaKit[Standard]/glTF/Stairs_Exterior_SidesU.gltf,Medieval Village MegaKit[Standard],,
,840,uncategorized,.bin,,,,,Stairs_Exterior_SingleSide.bin,Medieval Village MegaKit[Standard]/Medieval Village MegaKit[Standard]/glTF/Stairs_Exterior_SingleSide.bin,Medieval Village MegaKit[Standard],,
,2136,uncategorized,.gltf,,,,,Stairs_Exterior_SingleSide.gltf,Medieval Village MegaKit[Standard]/Medieval Village MegaKit[Standard]/glTF/Stairs_Exterior_SingleSide.gltf,Medieval Village MegaKit[Standard],,
,840,uncategorized,.bin,,,,,Stairs_Exterior_SingleSideThick.bin,Medieval Village MegaKit[Standard]/Medieval Village MegaKit[Standard]/glTF/Stairs_Exterior_SingleSideThick.bin,Medieval Village MegaKit[Standard],,
,2148,uncategorized,.gltf,,,,,Stairs_Exterior_SingleSideThick.gltf,Medieval Village MegaKit[Standard]/Medieval Village MegaKit[Standard]/glTF/Stairs_Exterior_SingleSideThick.gltf,Medieval Village MegaKit[Standard],,
,4148,uncategorized,.bin,,,,,Stairs_Exterior_Straight.bin,Medieval Village MegaKit[Standard]/Medieval Village MegaKit[Standard]/glTF/Stairs_Exterior_Straight.bin,Medieval Village MegaKit[Standard],,
,3820,uncategorized,.gltf,,,,,Stairs_Exterior_Straight.gltf,Medieval Village MegaKit[Standard]/Medieval Village MegaKit[Standard]/glTF/Stairs_Exterior_Straight.gltf,Medieval Village MegaKit[Standard],,
,3180,uncategorized,.bin,,,,,Stairs_Exterior_Straight_Center.bin,Medieval Village MegaKit[Standard]/Medieval Village MegaKit[Standard]/glTF/Stairs_Exterior_Straight_Center.bin,Medieval Village MegaKit[Standard],,
,2189,uncategorized,.gltf,,,,,Stairs_Exterior_Straight_Center.gltf,Medieval Village MegaKit[Standard]/Medieval Village MegaKit[Standard]/glTF/Stairs_Exterior_Straight_Center.gltf,Medieval Village MegaKit[Standard],,
,3664,uncategorized,.bin,,,,,Stairs_Exterior_Straight_L.bin,Medieval Village MegaKit[Standard]/Medieval Village MegaKit[Standard]/glTF/Stairs_Exterior_Straight_L.bin,Medieval Village MegaKit[Standard],,
,3825,uncategorized,.gltf,,,,,Stairs_Exterior_Straight_L.gltf,Medieval Village MegaKit[Standard]/Medieval Village MegaKit[Standard]/glTF/Stairs_Exterior_Straight_L.gltf,Medieval Village MegaKit[Standard],,
,3664,uncategorized,.bin,,,,,Stairs_Exterior_Straight_R.bin,Medieval Village MegaKit[Standard]/Medieval Village MegaKit[Standard]/glTF/Stairs_Exterior_Straight_R.bin,Medieval Village MegaKit[Standard],,
,3823,uncategorized,.gltf,,,,,Stairs_Exterior_Straight_R.gltf,Medieval Village MegaKit[Standard]/Medieval Village MegaKit[Standard]/glTF/Stairs_Exterior_Straight_R.gltf,Medieval Village MegaKit[Standard],,
False,2447169,uncategorized,.png,1,False,2048,RGB,T_Brick_BaseColor.png,Medieval Village MegaKit[Standard]/Medieval Village MegaKit[Standard]/glTF/T_Brick_BaseColor.png,Medieval Village MegaKit[Standard],False,2048
False,4474267,uncategorized,.png,1,False,2048,RGB,T_Brick_Normal.png,Medieval Village MegaKit[Standard]/Medieval Village MegaKit[Standard]/glTF/T_Brick_Normal.png,Medieval Village MegaKit[Standard],False,2048
False,689204,uncategorized,.png,1,False,2048,RGB,T_Brick_Roughness.png,Medieval Village MegaKit[Standard]/Medieval Village MegaKit[Standard]/glTF/T_Brick_Roughness.png,Medieval Village MegaKit[Standard],False,2048
False,725116,uncategorized,.png,1,False,1024,RGB,T_MetalOrnaments_BaseColor.png,Medieval Village MegaKit[Standard]/Medieval Village MegaKit[Standard]/glTF/T_MetalOrnaments_BaseColor.png,Medieval Village MegaKit[Standard],False,1024
False,89547,uncategorized,.png,1,False,512,RGB,T_MetalOrnaments_Roughness.png,Medieval Village MegaKit[Standard]/Medieval Village MegaKit[Standard]/glTF/T_MetalOrnaments_Roughness.png,Medieval Village MegaKit[Standard],False,512
False,3316410,uncategorized,.png,1,False,2048,RGB,T_Plaster_BaseColor.png,Medieval Village MegaKit[Standard]/Medieval Village MegaKit[Standard]/glTF/T_Plaster_BaseColor.png,Medieval Village MegaKit[Standard],False,2048
False,4607606,uncategorized,.png,1,False,2048,RGB,T_Plaster_Normal.png,Medieval Village MegaKit[Standard]/Medieval Village MegaKit[Standard]/glTF/T_Plaster_Normal.png,Medieval Village MegaKit[Standard],False,2048
False,2381579,uncategorized,.png,1,False,2048,RGB,T_Plaster_ORM.png,Medieval Village MegaKit[Standard]/Medieval Village MegaKit[Standard]/glTF/T_Plaster_ORM.png,Medieval Village MegaKit[Standard],False,2048
False,2525865,uncategorized,.png,1,False,2048,RGB,T_RedBrick_BaseColor.png,Medieval Village MegaKit[Standard]/Medieval Village MegaKit[Standard]/glTF/T_RedBrick_BaseColor.png,Medieval Village MegaKit[Standard],False,2048
False,1908835,terrain,.png,1,False,2048,RGB,T_RockTrim_BaseColor.png,Medieval Village MegaKit[Standard]/Medieval Village MegaKit[Standard]/glTF/T_RockTrim_BaseColor.png,Medieval Village MegaKit[Standard],False,2048
False,3925938,terrain,.png,1,False,2048,RGB,T_RockTrim_Normal.png,Medieval Village MegaKit[Standard]/Medieval Village MegaKit[Standard]/glTF/T_RockTrim_Normal.png,Medieval Village MegaKit[Standard],False,2048
False,1625807,terrain,.png,1,False,2048,RGB,T_RockTrim_ORM.png,Medieval Village MegaKit[Standard]/Medieval Village MegaKit[Standard]/glTF/T_RockTrim_ORM.png,Medieval Village MegaKit[Standard],False,2048
False,4352034,uncategorized,.png,1,True,2048,RGBA,T_RoundTiles_BaseColor.png,Medieval Village MegaKit[Standard]/Medieval Village MegaKit[Standard]/glTF/T_RoundTiles_BaseColor.png,Medieval Village MegaKit[Standard],False,2048
False,3792369,uncategorized,.png,1,True,2048,RGBA,T_RoundTiles_Normal.png,Medieval Village MegaKit[Standard]/Medieval Village MegaKit[Standard]/glTF/T_RoundTiles_Normal.png,Medieval Village MegaKit[Standard],False,2048
False,1624660,uncategorized,.png,1,False,2048,RGB,T_RoundTiles_Roughness.png,Medieval Village MegaKit[Standard]/Medieval Village MegaKit[Standard]/glTF/T_RoundTiles_Roughness.png,Medieval Village MegaKit[Standard],False,2048
False,2945342,uncategorized,.png,1,False,2048,RGB,T_UnevenBrick_BaseColor.png,Medieval Village MegaKit[Standard]/Medieval Village MegaKit[Standard]/glTF/T_UnevenBrick_BaseColor.png,Medieval Village MegaKit[Standard],False,2048
False,3866626,uncategorized,.png,1,False,2048,RGB,T_UnevenBrick_Normal.png,Medieval Village MegaKit[Standard]/Medieval Village MegaKit[Standard]/glTF/T_UnevenBrick_Normal.png,Medieval Village MegaKit[Standard],False,2048
False,1246162,uncategorized,.png,1,False,2048,RGB,T_UnevenBrick_Roughness.png,Medieval Village MegaKit[Standard]/Medieval Village MegaKit[Standard]/glTF/T_UnevenBrick_Roughness.png,Medieval Village MegaKit[Standard],False,2048
False,162432,vegetation,.png,1,True,512,RGBA,T_VineLeaf_png.png,Medieval Village MegaKit[Standard]/Medieval Village MegaKit[Standard]/glTF/T_VineLeaf_png.png,Medieval Village MegaKit[Standard],True,512
False,2082310,uncategorized,.png,1,False,2048,RGB,T_WoodTrim_BaseColor.png,Medieval Village MegaKit[Standard]/Medieval Village MegaKit[Standard]/glTF/T_WoodTrim_BaseColor.png,Medieval Village MegaKit[Standard],False,2048
False,3596501,uncategorized,.png,1,False,2048,RGB,T_WoodTrim_Normal.png,Medieval Village MegaKit[Standard]/Medieval Village MegaKit[Standard]/glTF/T_WoodTrim_Normal.png,Medieval Village MegaKit[Standard],False,2048
False,1697111,uncategorized,.png,1,False,2048,RGB,T_WoodTrim_Roughness.png,Medieval Village MegaKit[Standard]/Medieval Village MegaKit[Standard]/glTF/T_WoodTrim_Roughness.png,Medieval Village MegaKit[Standard],False,2048
,9496,architecture,.bin,,,,,Wall_Arch.bin,Medieval Village MegaKit[Standard]/Medieval Village MegaKit[Standard]/glTF/Wall_Arch.bin,Medieval Village MegaKit[Standard],,
,2163,architecture,.gltf,,,,,Wall_Arch.gltf,Medieval Village MegaKit[Standard]/Medieval Village MegaKit[Standard]/glTF/Wall_Arch.gltf,Medieval Village MegaKit[Standard],,
,1752,architecture,.bin,,,,,Wall_BottomCover.bin,Medieval Village MegaKit[Standard]/Medieval Village MegaKit[Standard]/glTF/Wall_BottomCover.bin,Medieval Village MegaKit[Standard],,
,2197,architecture,.gltf,,,,,Wall_BottomCover.gltf,Medieval Village MegaKit[Standard]/Medieval Village MegaKit[Standard]/glTF/Wall_BottomCover.gltf,Medieval Village MegaKit[Standard],,
,6792,architecture,.bin,,,,,Wall_Plaster_Door_Flat.bin,Medieval Village MegaKit[Standard]/Medieval Village MegaKit[Standard]/glTF/Wall_Plaster_Door_Flat.bin,Medieval Village MegaKit[Standard],,
,5942,architecture,.gltf,,,,,Wall_Plaster_Door_Flat.gltf,Medieval Village MegaKit[Standard]/Medieval Village MegaKit[Standard]/glTF/Wall_Plaster_Door_Flat.gltf,Medieval Village MegaKit[Standard],,
,8864,architecture,.bin,,,,,Wall_Plaster_Door_Round.bin,Medieval Village MegaKit[Standard]/Medieval Village MegaKit[Standard]/glTF/Wall_Plaster_Door_Round.bin,Medieval Village MegaKit[Standard],,
,5946,architecture,.gltf,,,,,Wall_Plaster_Door_Round.gltf,Medieval Village MegaKit[Standard]/Medieval Village MegaKit[Standard]/glTF/Wall_Plaster_Door_Round.gltf,Medieval Village MegaKit[Standard],,
,9440,architecture,.bin,,,,,Wall_Plaster_Door_RoundInset.bin,Medieval Village MegaKit[Standard]/Medieval Village MegaKit[Standard]/glTF/Wall_Plaster_Door_RoundInset.bin,Medieval Village MegaKit[Standard],,
,5986,architecture,.gltf,,,,,Wall_Plaster_Door_RoundInset.gltf,Medieval Village MegaKit[Standard]/Medieval Village MegaKit[Standard]/glTF/Wall_Plaster_Door_RoundInset.gltf,Medieval Village MegaKit[Standard],,
,5876,architecture,.bin,,,,,Wall_Plaster_Straight.bin,Medieval Village MegaKit[Standard]/Medieval Village MegaKit[Standard]/glTF/Wall_Plaster_Straight.bin,Medieval Village MegaKit[Standard],,
,4169,architecture,.gltf,,,,,Wall_Plaster_Straight.gltf,Medieval Village MegaKit[Standard]/Medieval Village MegaKit[Standard]/glTF/Wall_Plaster_Straight.gltf,Medieval Village MegaKit[Standard],,
,4064,architecture,.bin,,,,,Wall_Plaster_Straight_Base.bin,Medieval Village MegaKit[Standard]/Medieval Village MegaKit[Standard]/glTF/Wall_Plaster_Straight_Base.bin,Medieval Village MegaKit[Standard],,
,5948,architecture,.gltf,,,,,Wall_Plaster_Straight_Base.gltf,Medieval Village MegaKit[Standard]/Medieval Village MegaKit[Standard]/glTF/Wall_Plaster_Straight_Base.gltf,Medieval Village MegaKit[Standard],,
,4752,architecture,.bin,,,,,Wall_Plaster_Straight_L.bin,Medieval Village MegaKit[Standard]/Medieval Village MegaKit[Standard]/glTF/Wall_Plaster_Straight_L.bin,Medieval Village MegaKit[Standard],,
,5962,architecture,.gltf,,,,,Wall_Plaster_Straight_L.gltf,Medieval Village MegaKit[Standard]/Medieval Village MegaKit[Standard]/glTF/Wall_Plaster_Straight_L.gltf,Medieval Village MegaKit[Standard],,
,4752,architecture,.bin,,,,,Wall_Plaster_Straight_R.bin,Medieval Village MegaKit[Standard]/Medieval Village MegaKit[Standard]/glTF/Wall_Plaster_Straight_R.bin,Medieval Village MegaKit[Standard],,
,5945,architecture,.gltf,,,,,Wall_Plaster_Straight_R.gltf,Medieval Village MegaKit[Standard]/Medieval Village MegaKit[Standard]/glTF/Wall_Plaster_Straight_R.gltf,Medieval Village MegaKit[Standard],,
,9556,architecture,.bin,,,,,Wall_Plaster_Window_Thin_Round.bin,Medieval Village MegaKit[Standard]/Medieval Village MegaKit[Standard]/glTF/Wall_Plaster_Window_Thin_Round.bin,Medieval Village MegaKit[Standard],,
,5986,architecture,.gltf,,,,,Wall_Plaster_Window_Thin_Round.gltf,Medieval Village MegaKit[Standard]/Medieval Village MegaKit[Standard]/glTF/Wall_Plaster_Window_Thin_Round.gltf,Medieval Village MegaKit[Standard],,
,5376,architecture,.bin,,,,,Wall_Plaster_Window_Wide_Flat.bin,Medieval Village MegaKit[Standard]/Medieval Village MegaKit[Standard]/glTF/Wall_Plaster_Window_Wide_Flat.bin,Medieval Village MegaKit[Standard],,
,5964,architecture,.gltf,,,,,Wall_Plaster_Window_Wide_Flat.gltf,Medieval Village MegaKit[Standard]/Medieval Village MegaKit[Standard]/glTF/Wall_Plaster_Window_Wide_Flat.gltf,Medieval Village MegaKit[Standard],,
,7532,architecture,.bin,,,,,Wall_Plaster_Window_Wide_Flat2.bin,Medieval Village MegaKit[Standard]/Medieval Village MegaKit[Standard]/glTF/Wall_Plaster_Window_Wide_Flat2.bin,Medieval Village MegaKit[Standard],,
,4192,architecture,.gltf,,,,,Wall_Plaster_Window_Wide_Flat2.gltf,Medieval Village MegaKit[Standard]/Medieval Village MegaKit[Standard]/glTF/Wall_Plaster_Window_Wide_Flat2.gltf,Medieval Village MegaKit[Standard],,
,6664,architecture,.bin,,,,,Wall_Plaster_Window_Wide_Round.bin,Medieval Village MegaKit[Standard]/Medieval Village MegaKit[Standard]/glTF/Wall_Plaster_Window_Wide_Round.bin,Medieval Village MegaKit[Standard],,
,5967,architecture,.gltf,,,,,Wall_Plaster_Window_Wide_Round.gltf,Medieval Village MegaKit[Standard]/Medieval Village MegaKit[Standard]/glTF/Wall_Plaster_Window_Wide_Round.gltf,Medieval Village MegaKit[Standard],,
,17248,architecture,.bin,,,,,Wall_Plaster_WoodGrid.bin,Medieval Village MegaKit[Standard]/Medieval Village MegaKit[Standard]/glTF/Wall_Plaster_WoodGrid.bin,Medieval Village MegaKit[Standard],,
,4201,architecture,.gltf,,,,,Wall_Plaster_WoodGrid.gltf,Medieval Village MegaKit[Standard]/Medieval Village MegaKit[Standard]/glTF/Wall_Plaster_WoodGrid.gltf,Medieval Village MegaKit[Standard],,
,3516,architecture,.bin,,,,,Wall_UnevenBrick_Door_Flat.bin,Medieval Village MegaKit[Standard]/Medieval Village MegaKit[Standard]/glTF/Wall_UnevenBrick_Door_Flat.bin,Medieval Village MegaKit[Standard],,
,5406,architecture,.gltf,,,,,Wall_UnevenBrick_Door_Flat.gltf,Medieval Village MegaKit[Standard]/Medieval Village MegaKit[Standard]/glTF/Wall_UnevenBrick_Door_Flat.gltf,Medieval Village MegaKit[Standard],,
,5364,architecture,.bin,,,,,Wall_UnevenBrick_Door_Round.bin,Medieval Village MegaKit[Standard]/Medieval Village MegaKit[Standard]/glTF/Wall_UnevenBrick_Door_Round.bin,Medieval Village MegaKit[Standard],,
,5413,architecture,.gltf,,,,,Wall_UnevenBrick_Door_Round.gltf,Medieval Village MegaKit[Standard]/Medieval Village MegaKit[Standard]/glTF/Wall_UnevenBrick_Door_Round.gltf,Medieval Village MegaKit[Standard],,
,2768,architecture,.bin,,,,,Wall_UnevenBrick_Straight.bin,Medieval Village MegaKit[Standard]/Medieval Village MegaKit[Standard]/glTF/Wall_UnevenBrick_Straight.bin,Medieval Village MegaKit[Standard],,
,5392,architecture,.gltf,,,,,Wall_UnevenBrick_Straight.gltf,Medieval Village MegaKit[Standard]/Medieval Village MegaKit[Standard]/glTF/Wall_UnevenBrick_Straight.gltf,Medieval Village MegaKit[Standard],,
,7548,architecture,.bin,,,,,Wall_UnevenBrick_Window_Thin_Round.bin,Medieval Village MegaKit[Standard]/Medieval Village MegaKit[Standard]/glTF/Wall_UnevenBrick_Window_Thin_Round.bin,Medieval Village MegaKit[Standard],,
,6009,architecture,.gltf,,,,,Wall_UnevenBrick_Window_Thin_Round.gltf,Medieval Village MegaKit[Standard]/Medieval Village MegaKit[Standard]/glTF/Wall_UnevenBrick_Window_Thin_Round.gltf,Medieval Village MegaKit[Standard],,
,4608,architecture,.bin,,,,,Wall_UnevenBrick_Window_Wide_Flat.bin,Medieval Village MegaKit[Standard]/Medieval Village MegaKit[Standard]/glTF/Wall_UnevenBrick_Window_Wide_Flat.bin,Medieval Village MegaKit[Standard],,
,6004,architecture,.gltf,,,,,Wall_UnevenBrick_Window_Wide_Flat.gltf,Medieval Village MegaKit[Standard]/Medieval Village MegaKit[Standard]/glTF/Wall_UnevenBrick_Window_Wide_Flat.gltf,Medieval Village MegaKit[Standard],,
,5896,architecture,.bin,,,,,Wall_UnevenBrick_Window_Wide_Round.bin,Medieval Village MegaKit[Standard]/Medieval Village MegaKit[Standard]/glTF/Wall_UnevenBrick_Window_Wide_Round.bin,Medieval Village MegaKit[Standard],,
,6008,architecture,.gltf,,,,,Wall_UnevenBrick_Window_Wide_Round.gltf,Medieval Village MegaKit[Standard]/Medieval Village MegaKit[Standard]/glTF/Wall_UnevenBrick_Window_Wide_Round.gltf,Medieval Village MegaKit[Standard],,
,3956,architecture,.bin,,,,,Window_Roof_Thin.bin,Medieval Village MegaKit[Standard]/Medieval Village MegaKit[Standard]/glTF/Window_Roof_Thin.bin,Medieval Village MegaKit[Standard],,
,3967,architecture,.gltf,,,,,Window_Roof_Thin.gltf,Medieval Village MegaKit[Standard]/Medieval Village MegaKit[Standard]/glTF/Window_Roof_Thin.gltf,Medieval Village MegaKit[Standard],,
,5676,architecture,.bin,,,,,Window_Roof_Wide.bin,Medieval Village MegaKit[Standard]/Medieval Village MegaKit[Standard]/glTF/Window_Roof_Wide.bin,Medieval Village MegaKit[Standard],,
,3971,architecture,.gltf,,,,,Window_Roof_Wide.gltf,Medieval Village MegaKit[Standard]/Medieval Village MegaKit[Standard]/glTF/Window_Roof_Wide.gltf,Medieval Village MegaKit[Standard],,
,7648,uncategorized,.bin,,,,,Window_Thin_Flat1.bin,Medieval Village MegaKit[Standard]/Medieval Village MegaKit[Standard]/glTF/Window_Thin_Flat1.bin,Medieval Village MegaKit[Standard],,
,3514,uncategorized,.gltf,,,,,Window_Thin_Flat1.gltf,Medieval Village MegaKit[Standard]/Medieval Village MegaKit[Standard]/glTF/Window_Thin_Flat1.gltf,Medieval Village MegaKit[Standard],,
,25828,uncategorized,.bin,,,,,Window_Thin_Round1.bin,Medieval Village MegaKit[Standard]/Medieval Village MegaKit[Standard]/glTF/Window_Thin_Round1.bin,Medieval Village MegaKit[Standard],,
,3925,uncategorized,.gltf,,,,,Window_Thin_Round1.gltf,Medieval Village MegaKit[Standard]/Medieval Village MegaKit[Standard]/glTF/Window_Thin_Round1.gltf,Medieval Village MegaKit[Standard],,
,11104,uncategorized,.bin,,,,,Window_Wide_Flat1.bin,Medieval Village MegaKit[Standard]/Medieval Village MegaKit[Standard]/glTF/Window_Wide_Flat1.bin,Medieval Village MegaKit[Standard],,
,3516,uncategorized,.gltf,,,,,Window_Wide_Flat1.gltf,Medieval Village MegaKit[Standard]/Medieval Village MegaKit[Standard]/glTF/Window_Wide_Flat1.gltf,Medieval Village MegaKit[Standard],,
,21804,uncategorized,.bin,,,,,Window_Wide_Round1.bin,Medieval Village MegaKit[Standard]/Medieval Village MegaKit[Standard]/glTF/Window_Wide_Round1.bin,Medieval Village MegaKit[Standard],,
,3919,uncategorized,.gltf,,,,,Window_Wide_Round1.gltf,Medieval Village MegaKit[Standard]/Medieval Village MegaKit[Standard]/glTF/Window_Wide_Round1.gltf,Medieval Village MegaKit[Standard],,
,8256,uncategorized,.bin,,,,,WindowShutters_Thin_Flat_Closed.bin,Medieval Village MegaKit[Standard]/Medieval Village MegaKit[Standard]/glTF/WindowShutters_Thin_Flat_Closed.bin,Medieval Village MegaKit[Standard],,
,2443,uncategorized,.gltf,,,,,WindowShutters_Thin_Flat_Closed.gltf,Medieval Village MegaKit[Standard]/Medieval Village MegaKit[Standard]/glTF/WindowShutters_Thin_Flat_Closed.gltf,Medieval Village MegaKit[Standard],,
,8256,uncategorized,.bin,,,,,WindowShutters_Thin_Flat_Open.bin,Medieval Village MegaKit[Standard]/Medieval Village MegaKit[Standard]/glTF/WindowShutters_Thin_Flat_Open.bin,Medieval Village MegaKit[Standard],,
,2442,uncategorized,.gltf,,,,,WindowShutters_Thin_Flat_Open.gltf,Medieval Village MegaKit[Standard]/Medieval Village MegaKit[Standard]/glTF/WindowShutters_Thin_Flat_Open.gltf,Medieval Village MegaKit[Standard],,
,9472,uncategorized,.bin,,,,,WindowShutters_Thin_Round_Closed.bin,Medieval Village MegaKit[Standard]/Medieval Village MegaKit[Standard]/glTF/WindowShutters_Thin_Round_Closed.bin,Medieval Village MegaKit[Standard],,
,2446,uncategorized,.gltf,,,,,WindowShutters_Thin_Round_Closed.gltf,Medieval Village MegaKit[Standard]/Medieval Village MegaKit[Standard]/glTF/WindowShutters_Thin_Round_Closed.gltf,Medieval Village MegaKit[Standard],,
,9472,uncategorized,.bin,,,,,WindowShutters_Thin_Round_Open.bin,Medieval Village MegaKit[Standard]/Medieval Village MegaKit[Standard]/glTF/WindowShutters_Thin_Round_Open.bin,Medieval Village MegaKit[Standard],,
,2445,uncategorized,.gltf,,,,,WindowShutters_Thin_Round_Open.gltf,Medieval Village MegaKit[Standard]/Medieval Village MegaKit[Standard]/glTF/WindowShutters_Thin_Round_Open.gltf,Medieval Village MegaKit[Standard],,
,10320,uncategorized,.bin,,,,,WindowShutters_Wide_Flat_Closed.bin,Medieval Village MegaKit[Standard]/Medieval Village MegaKit[Standard]/glTF/WindowShutters_Wide_Flat_Closed.bin,Medieval Village MegaKit[Standard],,
,2444,uncategorized,.gltf,,,,,WindowShutters_Wide_Flat_Closed.gltf,Medieval Village MegaKit[Standard]/Medieval Village MegaKit[Standard]/glTF/WindowShutters_Wide_Flat_Closed.gltf,Medieval Village MegaKit[Standard],,
,10320,uncategorized,.bin,,,,,WindowShutters_Wide_Flat_Open.bin,Medieval Village MegaKit[Standard]/Medieval Village MegaKit[Standard]/glTF/WindowShutters_Wide_Flat_Open.bin,Medieval Village MegaKit[Standard],,
,2441,uncategorized,.gltf,,,,,WindowShutters_Wide_Flat_Open.gltf,Medieval Village MegaKit[Standard]/Medieval Village MegaKit[Standard]/glTF/WindowShutters_Wide_Flat_Open.gltf,Medieval Village MegaKit[Standard],,
,11536,uncategorized,.bin,,,,,WindowShutters_Wide_Round_Closed.bin,Medieval Village MegaKit[Standard]/Medieval Village MegaKit[Standard]/glTF/WindowShutters_Wide_Round_Closed.bin,Medieval Village MegaKit[Standard],,
,2448,uncategorized,.gltf,,,,,WindowShutters_Wide_Round_Closed.gltf,Medieval Village MegaKit[Standard]/Medieval Village MegaKit[Standard]/glTF/WindowShutters_Wide_Round_Closed.gltf,Medieval Village MegaKit[Standard],,
,11536,uncategorized,.bin,,,,,WindowShutters_Wide_Round_Open.bin,Medieval Village MegaKit[Standard]/Medieval Village MegaKit[Standard]/glTF/WindowShutters_Wide_Round_Open.bin,Medieval Village MegaKit[Standard],,
,2442,uncategorized,.gltf,,,,,WindowShutters_Wide_Round_Open.gltf,Medieval Village MegaKit[Standard]/Medieval Village MegaKit[Standard]/glTF/WindowShutters_Wide_Round_Open.gltf,Medieval Village MegaKit[Standard],,
,840,uncategorized,.txt,,,,,License_Standard.txt,Medieval Village MegaKit[Standard]/Medieval Village MegaKit[Standard]/License_Standard.txt,Medieval Village MegaKit[Standard],,
,598,uncategorized,.mtl,,,,,Balcony_Cross_Corner.mtl,Medieval Village MegaKit[Standard]/Medieval Village MegaKit[Standard]/OBJ/Balcony_Cross_Corner.mtl,Medieval Village MegaKit[Standard],,
,14526,uncategorized,.obj,,,,,Balcony_Cross_Corner.obj,Medieval Village MegaKit[Standard]/Medieval Village MegaKit[Standard]/OBJ/Balcony_Cross_Corner.obj,Medieval Village MegaKit[Standard],,
,598,uncategorized,.mtl,,,,,Balcony_Cross_Straight.mtl,Medieval Village MegaKit[Standard]/Medieval Village MegaKit[Standard]/OBJ/Balcony_Cross_Straight.mtl,Medieval Village MegaKit[Standard],,
,7749,uncategorized,.obj,,,,,Balcony_Cross_Straight.obj,Medieval Village MegaKit[Standard]/Medieval Village MegaKit[Standard]/OBJ/Balcony_Cross_Straight.obj,Medieval Village MegaKit[Standard],,
,598,uncategorized,.mtl,,,,,Balcony_Simple_Corner.mtl,Medieval Village MegaKit[Standard]/Medieval Village MegaKit[Standard]/OBJ/Balcony_Simple_Corner.mtl,Medieval Village MegaKit[Standard],,
,88806,uncategorized,.obj,,,,,Balcony_Simple_Corner.obj,Medieval Village MegaKit[Standard]/Medieval Village MegaKit[Standard]/OBJ/Balcony_Simple_Corner.obj,Medieval Village MegaKit[Standard],,
,598,uncategorized,.mtl,,,,,Balcony_Simple_Straight.mtl,Medieval Village MegaKit[Standard]/Medieval Village MegaKit[Standard]/OBJ/Balcony_Simple_Straight.mtl,Medieval Village MegaKit[Standard],,
,45329,uncategorized,.obj,,,,,Balcony_Simple_Straight.obj,Medieval Village MegaKit[Standard]/Medieval Village MegaKit[Standard]/OBJ/Balcony_Simple_Straight.obj,Medieval Village MegaKit[Standard],,
,492,uncategorized,.mtl,,,,,Corner_Exterior_Brick.mtl,Medieval Village MegaKit[Standard]/Medieval Village MegaKit[Standard]/OBJ/Corner_Exterior_Brick.mtl,Medieval Village MegaKit[Standard],,
,182980,uncategorized,.obj,,,,,Corner_Exterior_Brick.obj,Medieval Village MegaKit[Standard]/Medieval Village MegaKit[Standard]/OBJ/Corner_Exterior_Brick.obj,Medieval Village MegaKit[Standard],,
,598,uncategorized,.mtl,,,,,Corner_Exterior_TopDown.mtl,Medieval Village MegaKit[Standard]/Medieval Village MegaKit[Standard]/OBJ/Corner_Exterior_TopDown.mtl,Medieval Village MegaKit[Standard],,
,1441,uncategorized,.obj,,,,,Corner_Exterior_TopDown.obj,Medieval Village MegaKit[Standard]/Medieval Village MegaKit[Standard]/OBJ/Corner_Exterior_TopDown.obj,Medieval Village MegaKit[Standard],,
,598,uncategorized,.mtl,,,,,Corner_Exterior_TopOnly.mtl,Medieval Village MegaKit[Standard]/Medieval Village MegaKit[Standard]/OBJ/Corner_Exterior_TopOnly.mtl,Medieval Village MegaKit[Standard],,
,826,uncategorized,.obj,,,,,Corner_Exterior_TopOnly.obj,Medieval Village MegaKit[Standard]/Medieval Village MegaKit[Standard]/OBJ/Corner_Exterior_TopOnly.obj,Medieval Village MegaKit[Standard],,
,598,uncategorized,.mtl,,,,,Corner_Exterior_Wood.mtl,Medieval Village MegaKit[Standard]/Medieval Village MegaKit[Standard]/OBJ/Corner_Exterior_Wood.mtl,Medieval Village MegaKit[Standard],,
,929,uncategorized,.obj,,,,,Corner_Exterior_Wood.obj,Medieval Village MegaKit[Standard]/Medieval Village MegaKit[Standard]/OBJ/Corner_Exterior_Wood.obj,Medieval Village MegaKit[Standard],,
,492,uncategorized,.mtl,,,,,Corner_ExteriorWide_Brick.mtl,Medieval Village MegaKit[Standard]/Medieval Village MegaKit[Standard]/OBJ/Corner_ExteriorWide_Brick.mtl,Medieval Village MegaKit[Standard],,
,170076,uncategorized,.obj,,,,,Corner_ExteriorWide_Brick.obj,Medieval Village MegaKit[Standard]/Medieval Village MegaKit[Standard]/OBJ/Corner_ExteriorWide_Brick.obj,Medieval Village MegaKit[Standard],,
,598,uncategorized,.mtl,,,,,Corner_ExteriorWide_Wood.mtl,Medieval Village MegaKit[Standard]/Medieval Village MegaKit[Standard]/OBJ/Corner_ExteriorWide_Wood.mtl,Medieval Village MegaKit[Standard],,
,2514,uncategorized,.obj,,,,,Corner_ExteriorWide_Wood.obj,Medieval Village MegaKit[Standard]/Medieval Village MegaKit[Standard]/OBJ/Corner_ExteriorWide_Wood.obj,Medieval Village MegaKit[Standard],,
,598,uncategorized,.mtl,,,,,Corner_Interior_Big.mtl,Medieval Village MegaKit[Standard]/Medieval Village MegaKit[Standard]/OBJ/Corner_Interior_Big.mtl,Medieval Village MegaKit[Standard],,
,1595,uncategorized,.obj,,,,,Corner_Interior_Big.obj,Medieval Village MegaKit[Standard]/Medieval Village MegaKit[Standard]/OBJ/Corner_Interior_Big.obj,Medieval Village MegaKit[Standard],,
,598,uncategorized,.mtl,,,,,Corner_Interior_Small.mtl,Medieval Village MegaKit[Standard]/Medieval Village MegaKit[Standard]/OBJ/Corner_Interior_Small.mtl,Medieval Village MegaKit[Standard],,
,931,uncategorized,.obj,,,,,Corner_Interior_Small.obj,Medieval Village MegaKit[Standard]/Medieval Village MegaKit[Standard]/OBJ/Corner_Interior_Small.obj,Medieval Village MegaKit[Standard],,
,786,architecture,.mtl,,,,,Door_1_Flat.mtl,Medieval Village MegaKit[Standard]/Medieval Village MegaKit[Standard]/OBJ/Door_1_Flat.mtl,Medieval Village MegaKit[Standard],,
,20717,architecture,.obj,,,,,Door_1_Flat.obj,Medieval Village MegaKit[Standard]/Medieval Village MegaKit[Standard]/OBJ/Door_1_Flat.obj,Medieval Village MegaKit[Standard],,
,786,architecture,.mtl,,,,,Door_1_Round.mtl,Medieval Village MegaKit[Standard]/Medieval Village MegaKit[Standard]/OBJ/Door_1_Round.mtl,Medieval Village MegaKit[Standard],,
,31131,architecture,.obj,,,,,Door_1_Round.obj,Medieval Village MegaKit[Standard]/Medieval Village MegaKit[Standard]/OBJ/Door_1_Round.obj,Medieval Village MegaKit[Standard],,
,1002,architecture,.mtl,,,,,Door_2_Flat.mtl,Medieval Village MegaKit[Standard]/Medieval Village MegaKit[Standard]/OBJ/Door_2_Flat.mtl,Medieval Village MegaKit[Standard],,
,264775,architecture,.obj,,,,,Door_2_Flat.obj,Medieval Village MegaKit[Standard]/Medieval Village MegaKit[Standard]/OBJ/Door_2_Flat.obj,Medieval Village MegaKit[Standard],,
,1002,architecture,.mtl,,,,,Door_2_Round.mtl,Medieval Village MegaKit[Standard]/Medieval Village MegaKit[Standard]/OBJ/Door_2_Round.mtl,Medieval Village MegaKit[Standard],,
,275787,architecture,.obj,,,,,Door_2_Round.obj,Medieval Village MegaKit[Standard]/Medieval Village MegaKit[Standard]/OBJ/Door_2_Round.obj,Medieval Village MegaKit[Standard],,
,1002,architecture,.mtl,,,,,Door_4_Flat.mtl,Medieval Village MegaKit[Standard]/Medieval Village MegaKit[Standard]/OBJ/Door_4_Flat.mtl,Medieval Village MegaKit[Standard],,
,70888,architecture,.obj,,,,,Door_4_Flat.obj,Medieval Village MegaKit[Standard]/Medieval Village MegaKit[Standard]/OBJ/Door_4_Flat.obj,Medieval Village MegaKit[Standard],,
,1002,architecture,.mtl,,,,,Door_4_Round.mtl,Medieval Village MegaKit[Standard]/Medieval Village MegaKit[Standard]/OBJ/Door_4_Round.mtl,Medieval Village MegaKit[Standard],,
,81546,architecture,.obj,,,,,Door_4_Round.obj,Medieval Village MegaKit[Standard]/Medieval Village MegaKit[Standard]/OBJ/Door_4_Round.obj,Medieval Village MegaKit[Standard],,
,1002,architecture,.mtl,,,,,Door_8_Flat.mtl,Medieval Village MegaKit[Standard]/Medieval Village MegaKit[Standard]/OBJ/Door_8_Flat.mtl,Medieval Village MegaKit[Standard],,
,58918,architecture,.obj,,,,,Door_8_Flat.obj,Medieval Village MegaKit[Standard]/Medieval Village MegaKit[Standard]/OBJ/Door_8_Flat.obj,Medieval Village MegaKit[Standard],,
,1002,architecture,.mtl,,,,,Door_8_Round.mtl,Medieval Village MegaKit[Standard]/Medieval Village MegaKit[Standard]/OBJ/Door_8_Round.mtl,Medieval Village MegaKit[Standard],,
,70584,architecture,.obj,,,,,Door_8_Round.obj,Medieval Village MegaKit[Standard]/Medieval Village MegaKit[Standard]/OBJ/Door_8_Round.obj,Medieval Village MegaKit[Standard],,
,492,architecture,.mtl,,,,,DoorFrame_Flat_Brick.mtl,Medieval Village MegaKit[Standard]/Medieval Village MegaKit[Standard]/OBJ/DoorFrame_Flat_Brick.mtl,Medieval Village MegaKit[Standard],,
,109965,architecture,.obj,,,,,DoorFrame_Flat_Brick.obj,Medieval Village MegaKit[Standard]/Medieval Village MegaKit[Standard]/OBJ/DoorFrame_Flat_Brick.obj,Medieval Village MegaKit[Standard],,
,598,architecture,.mtl,,,,,DoorFrame_Flat_WoodDark.mtl,Medieval Village MegaKit[Standard]/Medieval Village MegaKit[Standard]/OBJ/DoorFrame_Flat_WoodDark.mtl,Medieval Village MegaKit[Standard],,
,3625,architecture,.obj,,,,,DoorFrame_Flat_WoodDark.obj,Medieval Village MegaKit[Standard]/Medieval Village MegaKit[Standard]/OBJ/DoorFrame_Flat_WoodDark.obj,Medieval Village MegaKit[Standard],,
,492,architecture,.mtl,,,,,DoorFrame_Round_Brick.mtl,Medieval Village MegaKit[Standard]/Medieval Village MegaKit[Standard]/OBJ/DoorFrame_Round_Brick.mtl,Medieval Village MegaKit[Standard],,
,116756,architecture,.obj,,,,,DoorFrame_Round_Brick.obj,Medieval Village MegaKit[Standard]/Medieval Village MegaKit[Standard]/OBJ/DoorFrame_Round_Brick.obj,Medieval Village MegaKit[Standard],,
,598,architecture,.mtl,,,,,DoorFrame_Round_WoodDark.mtl,Medieval Village MegaKit[Standard]/Medieval Village MegaKit[Standard]/OBJ/DoorFrame_Round_WoodDark.mtl,Medieval Village MegaKit[Standard],,
,18347,architecture,.obj,,,,,DoorFrame_Round_WoodDark.obj,Medieval Village MegaKit[Standard]/Medieval Village MegaKit[Standard]/OBJ/DoorFrame_Round_WoodDark.obj,Medieval Village MegaKit[Standard],,
,586,uncategorized,.mtl,,,,,Floor_Brick.mtl,Medieval Village MegaKit[Standard]/Medieval Village MegaKit[Standard]/OBJ/Floor_Brick.mtl,Medieval Village MegaKit[Standard],,
,524,uncategorized,.obj,,,,,Floor_Brick.obj,Medieval Village MegaKit[Standard]/Medieval Village MegaKit[Standard]/OBJ/Floor_Brick.obj,Medieval Village MegaKit[Standard],,
,592,uncategorized,.mtl,,,,,Floor_RedBrick.mtl,Medieval Village MegaKit[Standard]/Medieval Village MegaKit[Standard]/OBJ/Floor_RedBrick.mtl,Medieval Village MegaKit[Standard],,
,533,uncategorized,.obj,,,,,Floor_RedBrick.obj,Medieval Village MegaKit[Standard]/Medieval Village MegaKit[Standard]/OBJ/Floor_RedBrick.obj,Medieval Village MegaKit[Standard],,
,610,uncategorized,.mtl,,,,,Floor_UnevenBrick.mtl,Medieval Village MegaKit[Standard]/Medieval Village MegaKit[Standard]/OBJ/Floor_UnevenBrick.mtl,Medieval Village MegaKit[Standard],,
,542,uncategorized,.obj,,,,,Floor_UnevenBrick.obj,Medieval Village MegaKit[Standard]/Medieval Village MegaKit[Standard]/OBJ/Floor_UnevenBrick.obj,Medieval Village MegaKit[Standard],,
,598,uncategorized,.mtl,,,,,Floor_WoodDark.mtl,Medieval Village MegaKit[Standard]/Medieval Village MegaKit[Standard]/OBJ/Floor_WoodDark.mtl,Medieval Village MegaKit[Standard],,
,2268,uncategorized,.obj,,,,,Floor_WoodDark.obj,Medieval Village MegaKit[Standard]/Medieval Village MegaKit[Standard]/OBJ/Floor_WoodDark.obj,Medieval Village MegaKit[Standard],,
,598,uncategorized,.mtl,,,,,Floor_WoodDark_Half1.mtl,Medieval Village MegaKit[Standard]/Medieval Village MegaKit[Standard]/OBJ/Floor_WoodDark_Half1.mtl,Medieval Village MegaKit[Standard],,
,2564,uncategorized,.obj,,,,,Floor_WoodDark_Half1.obj,Medieval Village MegaKit[Standard]/Medieval Village MegaKit[Standard]/OBJ/Floor_WoodDark_Half1.obj,Medieval Village MegaKit[Standard],,
,598,uncategorized,.mtl,,,,,Floor_WoodDark_Half2.mtl,Medieval Village MegaKit[Standard]/Medieval Village MegaKit[Standard]/OBJ/Floor_WoodDark_Half2.mtl,Medieval Village MegaKit[Standard],,
,2547,uncategorized,.obj,,,,,Floor_WoodDark_Half2.obj,Medieval Village MegaKit[Standard]/Medieval Village MegaKit[Standard]/OBJ/Floor_WoodDark_Half2.obj,Medieval Village MegaKit[Standard],,
,598,uncategorized,.mtl,,,,,Floor_WoodDark_Half3.mtl,Medieval Village MegaKit[Standard]/Medieval Village MegaKit[Standard]/OBJ/Floor_WoodDark_Half3.mtl,Medieval Village MegaKit[Standard],,
,1362,uncategorized,.obj,,,,,Floor_WoodDark_Half3.obj,Medieval Village MegaKit[Standard]/Medieval Village MegaKit[Standard]/OBJ/Floor_WoodDark_Half3.obj,Medieval Village MegaKit[Standard],,
,598,uncategorized,.mtl,,,,,Floor_WoodDark_OverhangCorner.mtl,Medieval Village MegaKit[Standard]/Medieval Village MegaKit[Standard]/OBJ/Floor_WoodDark_OverhangCorner.mtl,Medieval Village MegaKit[Standard],,
,1732,uncategorized,.obj,,,,,Floor_WoodDark_OverhangCorner.obj,Medieval Village MegaKit[Standard]/Medieval Village MegaKit[Standard]/OBJ/Floor_WoodDark_OverhangCorner.obj,Medieval Village MegaKit[Standard],,
,598,uncategorized,.mtl,,,,,Floor_WoodDark_OverhangCorner2.mtl,Medieval Village MegaKit[Standard]/Medieval Village MegaKit[Standard]/OBJ/Floor_WoodDark_OverhangCorner2.mtl,Medieval Village MegaKit[Standard],,
,2524,uncategorized,.obj,,,,,Floor_WoodDark_OverhangCorner2.obj,Medieval Village MegaKit[Standard]/Medieval Village MegaKit[Standard]/OBJ/Floor_WoodDark_OverhangCorner2.obj,Medieval Village MegaKit[Standard],,
,598,uncategorized,.mtl,,,,,Floor_WoodLight.mtl,Medieval Village MegaKit[Standard]/Medieval Village MegaKit[Standard]/OBJ/Floor_WoodLight.mtl,Medieval Village MegaKit[Standard],,
,2270,uncategorized,.obj,,,,,Floor_WoodLight.obj,Medieval Village MegaKit[Standard]/Medieval Village MegaKit[Standard]/OBJ/Floor_WoodLight.obj,Medieval Village MegaKit[Standard],,
,598,uncategorized,.mtl,,,,,Floor_WoodLight_OverhangCorner.mtl,Medieval Village MegaKit[Standard]/Medieval Village MegaKit[Standard]/OBJ/Floor_WoodLight_OverhangCorner.mtl,Medieval Village MegaKit[Standard],,
,1734,uncategorized,.obj,,,,,Floor_WoodLight_OverhangCorner.obj,Medieval Village MegaKit[Standard]/Medieval Village MegaKit[Standard]/OBJ/Floor_WoodLight_OverhangCorner.obj,Medieval Village MegaKit[Standard],,
,598,uncategorized,.mtl,,,,,Floor_WoodLight_OverhangCorner2.mtl,Medieval Village MegaKit[Standard]/Medieval Village MegaKit[Standard]/OBJ/Floor_WoodLight_OverhangCorner2.mtl,Medieval Village MegaKit[Standard],,
,2526,uncategorized,.obj,,,,,Floor_WoodLight_OverhangCorner2.obj,Medieval Village MegaKit[Standard]/Medieval Village MegaKit[Standard]/OBJ/Floor_WoodLight_OverhangCorner2.obj,Medieval Village MegaKit[Standard],,
,598,uncategorized,.mtl,,,,,HoleCover_90Angle.mtl,Medieval Village MegaKit[Standard]/Medieval Village MegaKit[Standard]/OBJ/HoleCover_90Angle.mtl,Medieval Village MegaKit[Standard],,
,1167,uncategorized,.obj,,,,,HoleCover_90Angle.obj,Medieval Village MegaKit[Standard]/Medieval Village MegaKit[Standard]/OBJ/HoleCover_90Angle.obj,Medieval Village MegaKit[Standard],,
,598,uncategorized,.mtl,,,,,HoleCover_90Half.mtl,Medieval Village MegaKit[Standard]/Medieval Village MegaKit[Standard]/OBJ/HoleCover_90Half.mtl,Medieval Village MegaKit[Standard],,
,1190,uncategorized,.obj,,,,,HoleCover_90Half.obj,Medieval Village MegaKit[Standard]/Medieval Village MegaKit[Standard]/OBJ/HoleCover_90Half.obj,Medieval Village MegaKit[Standard],,
,598,uncategorized,.mtl,,,,,HoleCover_90Stairs.mtl,Medieval Village MegaKit[Standard]/Medieval Village MegaKit[Standard]/OBJ/HoleCover_90Stairs.mtl,Medieval Village MegaKit[Standard],,
,1304,uncategorized,.obj,,,,,HoleCover_90Stairs.obj,Medieval Village MegaKit[Standard]/Medieval Village MegaKit[Standard]/OBJ/HoleCover_90Stairs.obj,Medieval Village MegaKit[Standard],,
,598,uncategorized,.mtl,,,,,HoleCover_Straight.mtl,Medieval Village MegaKit[Standard]/Medieval Village MegaKit[Standard]/OBJ/HoleCover_Straight.mtl,Medieval Village MegaKit[Standard],,
,929,uncategorized,.obj,,,,,HoleCover_Straight.obj,Medieval Village MegaKit[Standard]/Medieval Village MegaKit[Standard]/OBJ/HoleCover_Straight.obj,Medieval Village MegaKit[Standard],,
,598,uncategorized,.mtl,,,,,HoleCover_StraightHalf.mtl,Medieval Village MegaKit[Standard]/Medieval Village MegaKit[Standard]/OBJ/HoleCover_StraightHalf.mtl,Medieval Village MegaKit[Standard],,
,887,uncategorized,.obj,,,,,HoleCover_StraightHalf.obj,Medieval Village MegaKit[Standard]/Medieval Village MegaKit[Standard]/OBJ/HoleCover_StraightHalf.obj,Medieval Village MegaKit[Standard],,
,1002,uncategorized,.mtl,,,,,Overhang_Plaster_Corner.mtl,Medieval Village MegaKit[Standard]/Medieval Village MegaKit[Standard]/OBJ/Overhang_Plaster_Corner.mtl,Medieval Village MegaKit[Standard],,
,26162,uncategorized,.obj,,,,,Overhang_Plaster_Corner.obj,Medieval Village MegaKit[Standard]/Medieval Village MegaKit[Standard]/OBJ/Overhang_Plaster_Corner.obj,Medieval Village MegaKit[Standard],,
,1002,uncategorized,.mtl,,,,,Overhang_Plaster_Corner_Front.mtl,Medieval Village MegaKit[Standard]/Medieval Village MegaKit[Standard]/OBJ/Overhang_Plaster_Corner_Front.mtl,Medieval Village MegaKit[Standard],,
,8353,uncategorized,.obj,,,,,Overhang_Plaster_Corner_Front.obj,Medieval Village MegaKit[Standard]/Medieval Village MegaKit[Standard]/OBJ/Overhang_Plaster_Corner_Front.obj,Medieval Village MegaKit[Standard],,
,1002,uncategorized,.mtl,,,,,Overhang_Plaster_Long.mtl,Medieval Village MegaKit[Standard]/Medieval Village MegaKit[Standard]/OBJ/Overhang_Plaster_Long.mtl,Medieval Village MegaKit[Standard],,
,13854,uncategorized,.obj,,,,,Overhang_Plaster_Long.obj,Medieval Village MegaKit[Standard]/Medieval Village MegaKit[Standard]/OBJ/Overhang_Plaster_Long.obj,Medieval Village MegaKit[Standard],,
,1002,uncategorized,.mtl,,,,,Overhang_Plaster_Short.mtl,Medieval Village MegaKit[Standard]/Medieval Village MegaKit[Standard]/OBJ/Overhang_Plaster_Short.mtl,Medieval Village MegaKit[Standard],,
,14740,uncategorized,.obj,,,,,Overhang_Plaster_Short.obj,Medieval Village MegaKit[Standard]/Medieval Village MegaKit[Standard]/OBJ/Overhang_Plaster_Short.obj,Medieval Village MegaKit[Standard],,
,1002,architecture,.mtl,,,,,Overhang_Roof_Plaster.mtl,Medieval Village MegaKit[Standard]/Medieval Village MegaKit[Standard]/OBJ/Overhang_Roof_Plaster.mtl,Medieval Village MegaKit[Standard],,
,2358,architecture,.obj,,,,,Overhang_Roof_Plaster.obj,Medieval Village MegaKit[Standard]/Medieval Village MegaKit[Standard]/OBJ/Overhang_Roof_Plaster.obj,Medieval Village MegaKit[Standard],,
,1123,architecture,.mtl,,,,,Overhang_Roof_UnevenBricks.mtl,Medieval Village MegaKit[Standard]/Medieval Village MegaKit[Standard]/OBJ/Overhang_Roof_UnevenBricks.mtl,Medieval Village MegaKit[Standard],,
,2372,architecture,.obj,,,,,Overhang_Roof_UnevenBricks.obj,Medieval Village MegaKit[Standard]/Medieval Village MegaKit[Standard]/OBJ/Overhang_Roof_UnevenBricks.obj,Medieval Village MegaKit[Standard],,
,1002,architecture,.mtl,,,,,Overhang_RoofIncline_Plaster.mtl,Medieval Village MegaKit[Standard]/Medieval Village MegaKit[Standard]/OBJ/Overhang_RoofIncline_Plaster.mtl,Medieval Village MegaKit[Standard],,
,2409,architecture,.obj,,,,,Overhang_RoofIncline_Plaster.obj,Medieval Village MegaKit[Standard]/Medieval Village MegaKit[Standard]/OBJ/Overhang_RoofIncline_Plaster.obj,Medieval Village MegaKit[Standard],,
,1123,architecture,.mtl,,,,,Overhang_RoofIncline_UnevenBricks.mtl,Medieval Village MegaKit[Standard]/Medieval Village MegaKit[Standard]/OBJ/Overhang_RoofIncline_UnevenBricks.mtl,Medieval Village MegaKit[Standard],,
,2423,architecture,.obj,,,,,Overhang_RoofIncline_UnevenBricks.obj,Medieval Village MegaKit[Standard]/Medieval Village MegaKit[Standard]/OBJ/Overhang_RoofIncline_UnevenBricks.obj,Medieval Village MegaKit[Standard],,
,1002,uncategorized,.mtl,,,,,Overhang_Side_Plaster_Long_L.mtl,Medieval Village MegaKit[Standard]/Medieval Village MegaKit[Standard]/OBJ/Overhang_Side_Plaster_Long_L.mtl,Medieval Village MegaKit[Standard],,
,20007,uncategorized,.obj,,,,,Overhang_Side_Plaster_Long_L.obj,Medieval Village MegaKit[Standard]/Medieval Village MegaKit[Standard]/OBJ/Overhang_Side_Plaster_Long_L.obj,Medieval Village MegaKit[Standard],,
,1002,uncategorized,.mtl,,,,,Overhang_Side_Plaster_Long_R.mtl,Medieval Village MegaKit[Standard]/Medieval Village MegaKit[Standard]/OBJ/Overhang_Side_Plaster_Long_R.mtl,Medieval Village MegaKit[Standard],,
,19758,uncategorized,.obj,,,,,Overhang_Side_Plaster_Long_R.obj,Medieval Village MegaKit[Standard]/Medieval Village MegaKit[Standard]/OBJ/Overhang_Side_Plaster_Long_R.obj,Medieval Village MegaKit[Standard],,
,1002,uncategorized,.mtl,,,,,Overhang_Side_Plaster_Short_L.mtl,Medieval Village MegaKit[Standard]/Medieval Village MegaKit[Standard]/OBJ/Overhang_Side_Plaster_Short_L.mtl,Medieval Village MegaKit[Standard],,
,18234,uncategorized,.obj,,,,,Overhang_Side_Plaster_Short_L.obj,Medieval Village MegaKit[Standard]/Medieval Village MegaKit[Standard]/OBJ/Overhang_Side_Plaster_Short_L.obj,Medieval Village MegaKit[Standard],,
,1002,uncategorized,.mtl,,,,,Overhang_Side_Plaster_Short_R.mtl,Medieval Village MegaKit[Standard]/Medieval Village MegaKit[Standard]/OBJ/Overhang_Side_Plaster_Short_R.mtl,Medieval Village MegaKit[Standard],,
,18009,uncategorized,.obj,,,,,Overhang_Side_Plaster_Short_R.obj,Medieval Village MegaKit[Standard]/Medieval Village MegaKit[Standard]/OBJ/Overhang_Side_Plaster_Short_R.obj,Medieval Village MegaKit[Standard],,
,1527,uncategorized,.mtl,,,,,Overhang_Side_UnevenBrick_Long_L.mtl,Medieval Village MegaKit[Standard]/Medieval Village MegaKit[Standard]/OBJ/Overhang_Side_UnevenBrick_Long_L.mtl,Medieval Village MegaKit[Standard],,
,18312,uncategorized,.obj,,,,,Overhang_Side_UnevenBrick_Long_L.obj,Medieval Village MegaKit[Standard]/Medieval Village MegaKit[Standard]/OBJ/Overhang_Side_UnevenBrick_Long_L.obj,Medieval Village MegaKit[Standard],,
,1527,uncategorized,.mtl,,,,,Overhang_Side_UnevenBrick_Long_R.mtl,Medieval Village MegaKit[Standard]/Medieval Village MegaKit[Standard]/OBJ/Overhang_Side_UnevenBrick_Long_R.mtl,Medieval Village MegaKit[Standard],,
,18087,uncategorized,.obj,,,,,Overhang_Side_UnevenBrick_Long_R.obj,Medieval Village MegaKit[Standard]/Medieval Village MegaKit[Standard]/OBJ/Overhang_Side_UnevenBrick_Long_R.obj,Medieval Village MegaKit[Standard],,
,1527,uncategorized,.mtl,,,,,Overhang_Side_UnevenBrick_Short_L.mtl,Medieval Village MegaKit[Standard]/Medieval Village MegaKit[Standard]/OBJ/Overhang_Side_UnevenBrick_Short_L.mtl,Medieval Village MegaKit[Standard],,
,17875,uncategorized,.obj,,,,,Overhang_Side_UnevenBrick_Short_L.obj,Medieval Village MegaKit[Standard]/Medieval Village MegaKit[Standard]/OBJ/Overhang_Side_UnevenBrick_Short_L.obj,Medieval Village MegaKit[Standard],,
,1527,uncategorized,.mtl,,,,,Overhang_Side_UnevenBrick_Short_R.mtl,Medieval Village MegaKit[Standard]/Medieval Village MegaKit[Standard]/OBJ/Overhang_Side_UnevenBrick_Short_R.mtl,Medieval Village MegaKit[Standard],,
,17658,uncategorized,.obj,,,,,Overhang_Side_UnevenBrick_Short_R.obj,Medieval Village MegaKit[Standard]/Medieval Village MegaKit[Standard]/OBJ/Overhang_Side_UnevenBrick_Short_R.obj,Medieval Village MegaKit[Standard],,
,1527,uncategorized,.mtl,,,,,Overhang_UnevenBrick_Corner.mtl,Medieval Village MegaKit[Standard]/Medieval Village MegaKit[Standard]/OBJ/Overhang_UnevenBrick_Corner.mtl,Medieval Village MegaKit[Standard],,
,25434,uncategorized,.obj,,,,,Overhang_UnevenBrick_Corner.obj,Medieval Village MegaKit[Standard]/Medieval Village MegaKit[Standard]/OBJ/Overhang_UnevenBrick_Corner.obj,Medieval Village MegaKit[Standard],,
,1527,uncategorized,.mtl,,,,,Overhang_UnevenBrick_Corner_Front.mtl,Medieval Village MegaKit[Standard]/Medieval Village MegaKit[Standard]/OBJ/Overhang_UnevenBrick_Corner_Front.mtl,Medieval Village MegaKit[Standard],,
,3520,uncategorized,.obj,,,,,Overhang_UnevenBrick_Corner_Front.obj,Medieval Village MegaKit[Standard]/Medieval Village MegaKit[Standard]/OBJ/Overhang_UnevenBrick_Corner_Front.obj,Medieval Village MegaKit[Standard],,
,1527,uncategorized,.mtl,,,,,Overhang_UnevenBrick_Long.mtl,Medieval Village MegaKit[Standard]/Medieval Village MegaKit[Standard]/OBJ/Overhang_UnevenBrick_Long.mtl,Medieval Village MegaKit[Standard],,
,13456,uncategorized,.obj,,,,,Overhang_UnevenBrick_Long.obj,Medieval Village MegaKit[Standard]/Medieval Village MegaKit[Standard]/OBJ/Overhang_UnevenBrick_Long.obj,Medieval Village MegaKit[Standard],,
,1527,uncategorized,.mtl,,,,,Overhang_UnevenBrick_Short.mtl,Medieval Village MegaKit[Standard]/Medieval Village MegaKit[Standard]/OBJ/Overhang_UnevenBrick_Short.mtl,Medieval Village MegaKit[Standard],,
,14363,uncategorized,.obj,,,,,Overhang_UnevenBrick_Short.obj,Medieval Village MegaKit[Standard]/Medieval Village MegaKit[Standard]/OBJ/Overhang_UnevenBrick_Short.obj,Medieval Village MegaKit[Standard],,
,492,uncategorized,.mtl,,,,,Prop_Brick1.mtl,Medieval Village MegaKit[Standard]/Medieval Village MegaKit[Standard]/OBJ/Prop_Brick1.mtl,Medieval Village MegaKit[Standard],,
,7014,uncategorized,.obj,,,,,Prop_Brick1.obj,Medieval Village MegaKit[Standard]/Medieval Village MegaKit[Standard]/OBJ/Prop_Brick1.obj,Medieval Village MegaKit[Standard],,
,492,uncategorized,.mtl,,,,,Prop_Brick2.mtl,Medieval Village MegaKit[Standard]/Medieval Village MegaKit[Standard]/OBJ/Prop_Brick2.mtl,Medieval Village MegaKit[Standard],,
,6236,uncategorized,.obj,,,,,Prop_Brick2.obj,Medieval Village MegaKit[Standard]/Medieval Village MegaKit[Standard]/OBJ/Prop_Brick2.obj,Medieval Village MegaKit[Standard],,
,492,uncategorized,.mtl,,,,,Prop_Brick3.mtl,Medieval Village MegaKit[Standard]/Medieval Village MegaKit[Standard]/OBJ/Prop_Brick3.mtl,Medieval Village MegaKit[Standard],,
,8317,uncategorized,.obj,,,,,Prop_Brick3.obj,Medieval Village MegaKit[Standard]/Medieval Village MegaKit[Standard]/OBJ/Prop_Brick3.obj,Medieval Village MegaKit[Standard],,
,492,uncategorized,.mtl,,,,,Prop_Brick4.mtl,Medieval Village MegaKit[Standard]/Medieval Village MegaKit[Standard]/OBJ/Prop_Brick4.mtl,Medieval Village MegaKit[Standard],,
,8317,uncategorized,.obj,,,,,Prop_Brick4.obj,Medieval Village MegaKit[Standard]/Medieval Village MegaKit[Standard]/OBJ/Prop_Brick4.obj,Medieval Village MegaKit[Standard],,
,993,uncategorized,.mtl,,,,,Prop_Chimney.mtl,Medieval Village MegaKit[Standard]/Medieval Village MegaKit[Standard]/OBJ/Prop_Chimney.mtl,Medieval Village MegaKit[Standard],,
,40053,uncategorized,.obj,,,,,Prop_Chimney.obj,Medieval Village MegaKit[Standard]/Medieval Village MegaKit[Standard]/OBJ/Prop_Chimney.obj,Medieval Village MegaKit[Standard],,
,610,uncategorized,.mtl,,,,,Prop_Chimney2.mtl,Medieval Village MegaKit[Standard]/Medieval Village MegaKit[Standard]/OBJ/Prop_Chimney2.mtl,Medieval Village MegaKit[Standard],,
,9027,uncategorized,.obj,,,,,Prop_Chimney2.obj,Medieval Village MegaKit[Standard]/Medieval Village MegaKit[Standard]/OBJ/Prop_Chimney2.obj,Medieval Village MegaKit[Standard],,
,598,props,.mtl,,,,,Prop_Crate.mtl,Medieval Village MegaKit[Standard]/Medieval Village MegaKit[Standard]/OBJ/Prop_Crate.mtl,Medieval Village MegaKit[Standard],,
,12483,props,.obj,,,,,Prop_Crate.obj,Medieval Village MegaKit[Standard]/Medieval Village MegaKit[Standard]/OBJ/Prop_Crate.obj,Medieval Village MegaKit[Standard],,
,492,uncategorized,.mtl,,,,,Prop_ExteriorBorder_Corner.mtl,Medieval Village MegaKit[Standard]/Medieval Village MegaKit[Standard]/OBJ/Prop_ExteriorBorder_Corner.mtl,Medieval Village MegaKit[Standard],,
,1605,uncategorized,.obj,,,,,Prop_ExteriorBorder_Corner.obj,Medieval Village MegaKit[Standard]/Medieval Village MegaKit[Standard]/OBJ/Prop_ExteriorBorder_Corner.obj,Medieval Village MegaKit[Standard],,
,492,uncategorized,.mtl,,,,,Prop_ExteriorBorder_Straight1.mtl,Medieval Village MegaKit[Standard]/Medieval Village MegaKit[Standard]/OBJ/Prop_ExteriorBorder_Straight1.mtl,Medieval Village MegaKit[Standard],,
,1352,uncategorized,.obj,,,,,Prop_ExteriorBorder_Straight1.obj,Medieval Village MegaKit[Standard]/Medieval Village MegaKit[Standard]/OBJ/Prop_ExteriorBorder_Straight1.obj,Medieval Village MegaKit[Standard],,
,492,uncategorized,.mtl,,,,,Prop_ExteriorBorder_Straight2.mtl,Medieval Village MegaKit[Standard]/Medieval Village MegaKit[Standard]/OBJ/Prop_ExteriorBorder_Straight2.mtl,Medieval Village MegaKit[Standard],,
,1352,uncategorized,.obj,,,,,Prop_ExteriorBorder_Straight2.obj,Medieval Village MegaKit[Standard]/Medieval Village MegaKit[Standard]/OBJ/Prop_ExteriorBorder_Straight2.obj,Medieval Village MegaKit[Standard],,
,484,uncategorized,.mtl,,,,,Prop_MetalFence_Ornament.mtl,Medieval Village MegaKit[Standard]/Medieval Village MegaKit[Standard]/OBJ/Prop_MetalFence_Ornament.mtl,Medieval Village MegaKit[Standard],,
,211679,uncategorized,.obj,,,,,Prop_MetalFence_Ornament.obj,Medieval Village MegaKit[Standard]/Medieval Village MegaKit[Standard]/OBJ/Prop_MetalFence_Ornament.obj,Medieval Village MegaKit[Standard],,
,484,uncategorized,.mtl,,,,,Prop_MetalFence_Simple.mtl,Medieval Village MegaKit[Standard]/Medieval Village MegaKit[Standard]/OBJ/Prop_MetalFence_Simple.mtl,Medieval Village MegaKit[Standard],,
,116444,uncategorized,.obj,,,,,Prop_MetalFence_Simple.obj,Medieval Village MegaKit[Standard]/Medieval Village MegaKit[Standard]/OBJ/Prop_MetalFence_Simple.obj,Medieval Village MegaKit[Standard],,
,598,uncategorized,.mtl,,,,,Prop_Support.mtl,Medieval Village MegaKit[Standard]/Medieval Village MegaKit[Standard]/OBJ/Prop_Support.mtl,Medieval Village MegaKit[Standard],,
,1624,uncategorized,.obj,,,,,Prop_Support.obj,Medieval Village MegaKit[Standard]/Medieval Village MegaKit[Standard]/OBJ/Prop_Support.obj,Medieval Village MegaKit[Standard],,
,364,vegetation,.mtl,,,,,Prop_Vine1.mtl,Medieval Village MegaKit[Standard]/Medieval Village MegaKit[Standard]/OBJ/Prop_Vine1.mtl,Medieval Village MegaKit[Standard],,
,9819,vegetation,.obj,,,,,Prop_Vine1.obj,Medieval Village MegaKit[Standard]/Medieval Village MegaKit[Standard]/OBJ/Prop_Vine1.obj,Medieval Village MegaKit[Standard],,
,364,vegetation,.mtl,,,,,Prop_Vine2.mtl,Medieval Village MegaKit[Standard]/Medieval Village MegaKit[Standard]/OBJ/Prop_Vine2.mtl,Medieval Village MegaKit[Standard],,
,5573,vegetation,.obj,,,,,Prop_Vine2.obj,Medieval Village MegaKit[Standard]/Medieval Village MegaKit[Standard]/OBJ/Prop_Vine2.obj,Medieval Village MegaKit[Standard],,
,364,vegetation,.mtl,,,,,Prop_Vine4.mtl,Medieval Village MegaKit[Standard]/Medieval Village MegaKit[Standard]/OBJ/Prop_Vine4.mtl,Medieval Village MegaKit[Standard],,
,3945,vegetation,.obj,,,,,Prop_Vine4.obj,Medieval Village MegaKit[Standard]/Medieval Village MegaKit[Standard]/OBJ/Prop_Vine4.obj,Medieval Village MegaKit[Standard],,
,364,vegetation,.mtl,,,,,Prop_Vine5.mtl,Medieval Village MegaKit[Standard]/Medieval Village MegaKit[Standard]/OBJ/Prop_Vine5.mtl,Medieval Village MegaKit[Standard],,
,13507,vegetation,.obj,,,,,Prop_Vine5.obj,Medieval Village MegaKit[Standard]/Medieval Village MegaKit[Standard]/OBJ/Prop_Vine5.obj,Medieval Village MegaKit[Standard],,
,364,vegetation,.mtl,,,,,Prop_Vine6.mtl,Medieval Village MegaKit[Standard]/Medieval Village MegaKit[Standard]/OBJ/Prop_Vine6.mtl,Medieval Village MegaKit[Standard],,
,12312,vegetation,.obj,,,,,Prop_Vine6.obj,Medieval Village MegaKit[Standard]/Medieval Village MegaKit[Standard]/OBJ/Prop_Vine6.obj,Medieval Village MegaKit[Standard],,
,364,vegetation,.mtl,,,,,Prop_Vine9.mtl,Medieval Village MegaKit[Standard]/Medieval Village MegaKit[Standard]/OBJ/Prop_Vine9.mtl,Medieval Village MegaKit[Standard],,
,4636,vegetation,.obj,,,,,Prop_Vine9.obj,Medieval Village MegaKit[Standard]/Medieval Village MegaKit[Standard]/OBJ/Prop_Vine9.obj,Medieval Village MegaKit[Standard],,
,603,uncategorized,.mtl,,,,,Prop_Wagon.mtl,Medieval Village MegaKit[Standard]/Medieval Village MegaKit[Standard]/OBJ/Prop_Wagon.mtl,Medieval Village MegaKit[Standard],,
,92930,uncategorized,.obj,,,,,Prop_Wagon.obj,Medieval Village MegaKit[Standard]/Medieval Village MegaKit[Standard]/OBJ/Prop_Wagon.obj,Medieval Village MegaKit[Standard],,
,598,uncategorized,.mtl,,,,,Prop_WoodenFence_Extension1.mtl,Medieval Village MegaKit[Standard]/Medieval Village MegaKit[Standard]/OBJ/Prop_WoodenFence_Extension1.mtl,Medieval Village MegaKit[Standard],,
,2443,uncategorized,.obj,,,,,Prop_WoodenFence_Extension1.obj,Medieval Village MegaKit[Standard]/Medieval Village MegaKit[Standard]/OBJ/Prop_WoodenFence_Extension1.obj,Medieval Village MegaKit[Standard],,
,598,uncategorized,.mtl,,,,,Prop_WoodenFence_Extension2.mtl,Medieval Village MegaKit[Standard]/Medieval Village MegaKit[Standard]/OBJ/Prop_WoodenFence_Extension2.mtl,Medieval Village MegaKit[Standard],,
,2232,uncategorized,.obj,,,,,Prop_WoodenFence_Extension2.obj,Medieval Village MegaKit[Standard]/Medieval Village MegaKit[Standard]/OBJ/Prop_WoodenFence_Extension2.obj,Medieval Village MegaKit[Standard],,
,598,uncategorized,.mtl,,,,,Prop_WoodenFence_Single.mtl,Medieval Village MegaKit[Standard]/Medieval Village MegaKit[Standard]/OBJ/Prop_WoodenFence_Single.mtl,Medieval Village MegaKit[Standard],,
,2817,uncategorized,.obj,,,,,Prop_WoodenFence_Single.obj,Medieval Village MegaKit[Standard]/Medieval Village MegaKit[Standard]/OBJ/Prop_WoodenFence_Single.obj,Medieval Village MegaKit[Standard],,
,1119,architecture,.mtl,,,,,Roof_2x4_RoundTile.mtl,Medieval Village MegaKit[Standard]/Medieval Village MegaKit[Standard]/OBJ/Roof_2x4_RoundTile.mtl,Medieval Village MegaKit[Standard],,
,60349,architecture,.obj,,,,,Roof_2x4_RoundTile.obj,Medieval Village MegaKit[Standard]/Medieval Village MegaKit[Standard]/OBJ/Roof_2x4_RoundTile.obj,Medieval Village MegaKit[Standard],,
,1711,architecture,.mtl,,,,,Roof_Dormer_RoundTile.mtl,Medieval Village MegaKit[Standard]/Medieval Village MegaKit[Standard]/OBJ/Roof_Dormer_RoundTile.mtl,Medieval Village MegaKit[Standard],,
,60510,architecture,.obj,,,,,Roof_Dormer_RoundTile.obj,Medieval Village MegaKit[Standard]/Medieval Village MegaKit[Standard]/OBJ/Roof_Dormer_RoundTile.obj,Medieval Village MegaKit[Standard],,
,1002,architecture,.mtl,,,,,Roof_Front_Brick2.mtl,Medieval Village MegaKit[Standard]/Medieval Village MegaKit[Standard]/OBJ/Roof_Front_Brick2.mtl,Medieval Village MegaKit[Standard],,
,5366,architecture,.obj,,,,,Roof_Front_Brick2.obj,Medieval Village MegaKit[Standard]/Medieval Village MegaKit[Standard]/OBJ/Roof_Front_Brick2.obj,Medieval Village MegaKit[Standard],,
,1002,architecture,.mtl,,,,,Roof_Front_Brick4.mtl,Medieval Village MegaKit[Standard]/Medieval Village MegaKit[Standard]/OBJ/Roof_Front_Brick4.mtl,Medieval Village MegaKit[Standard],,
,15837,architecture,.obj,,,,,Roof_Front_Brick4.obj,Medieval Village MegaKit[Standard]/Medieval Village MegaKit[Standard]/OBJ/Roof_Front_Brick4.obj,Medieval Village MegaKit[Standard],,
,1002,architecture,.mtl,,,,,Roof_Front_Brick4_Half_L.mtl,Medieval Village MegaKit[Standard]/Medieval Village MegaKit[Standard]/OBJ/Roof_Front_Brick4_Half_L.mtl,Medieval Village MegaKit[Standard],,
,10187,architecture,.obj,,,,,Roof_Front_Brick4_Half_L.obj,Medieval Village MegaKit[Standard]/Medieval Village MegaKit[Standard]/OBJ/Roof_Front_Brick4_Half_L.obj,Medieval Village MegaKit[Standard],,
,1002,architecture,.mtl,,,,,Roof_Front_Brick4_Half_R.mtl,Medieval Village MegaKit[Standard]/Medieval Village MegaKit[Standard]/OBJ/Roof_Front_Brick4_Half_R.mtl,Medieval Village MegaKit[Standard],,
,10503,architecture,.obj,,,,,Roof_Front_Brick4_Half_R.obj,Medieval Village MegaKit[Standard]/Medieval Village MegaKit[Standard]/OBJ/Roof_Front_Brick4_Half_R.obj,Medieval Village MegaKit[Standard],,
,1002,architecture,.mtl,,,,,Roof_Front_Brick6.mtl,Medieval Village MegaKit[Standard]/Medieval Village MegaKit[Standard]/OBJ/Roof_Front_Brick6.mtl,Medieval Village MegaKit[Standard],,
,19931,architecture,.obj,,,,,Roof_Front_Brick6.obj,Medieval Village MegaKit[Standard]/Medieval Village MegaKit[Standard]/OBJ/Roof_Front_Brick6.obj,Medieval Village MegaKit[Standard],,
,1002,architecture,.mtl,,,,,Roof_Front_Brick6_Half_L.mtl,Medieval Village MegaKit[Standard]/Medieval Village MegaKit[Standard]/OBJ/Roof_Front_Brick6_Half_L.mtl,Medieval Village MegaKit[Standard],,
,12664,architecture,.obj,,,,,Roof_Front_Brick6_Half_L.obj,Medieval Village MegaKit[Standard]/Medieval Village MegaKit[Standard]/OBJ/Roof_Front_Brick6_Half_L.obj,Medieval Village MegaKit[Standard],,
,1002,architecture,.mtl,,,,,Roof_Front_Brick6_Half_R.mtl,Medieval Village MegaKit[Standard]/Medieval Village MegaKit[Standard]/OBJ/Roof_Front_Brick6_Half_R.mtl,Medieval Village MegaKit[Standard],,
,12535,architecture,.obj,,,,,Roof_Front_Brick6_Half_R.obj,Medieval Village MegaKit[Standard]/Medieval Village MegaKit[Standard]/OBJ/Roof_Front_Brick6_Half_R.obj,Medieval Village MegaKit[Standard],,
,1002,architecture,.mtl,,,,,Roof_Front_Brick8.mtl,Medieval Village MegaKit[Standard]/Medieval Village MegaKit[Standard]/OBJ/Roof_Front_Brick8.mtl,Medieval Village MegaKit[Standard],,
,21231,architecture,.obj,,,,,Roof_Front_Brick8.obj,Medieval Village MegaKit[Standard]/Medieval Village MegaKit[Standard]/OBJ/Roof_Front_Brick8.obj,Medieval Village MegaKit[Standard],,
,1002,architecture,.mtl,,,,,Roof_Front_Brick8_Half_L.mtl,Medieval Village MegaKit[Standard]/Medieval Village MegaKit[Standard]/OBJ/Roof_Front_Brick8_Half_L.mtl,Medieval Village MegaKit[Standard],,
,13426,architecture,.obj,,,,,Roof_Front_Brick8_Half_L.obj,Medieval Village MegaKit[Standard]/Medieval Village MegaKit[Standard]/OBJ/Roof_Front_Brick8_Half_L.obj,Medieval Village MegaKit[Standard],,
,1002,architecture,.mtl,,,,,Roof_Front_Brick8_Half_R.mtl,Medieval Village MegaKit[Standard]/Medieval Village MegaKit[Standard]/OBJ/Roof_Front_Brick8_Half_R.mtl,Medieval Village MegaKit[Standard],,
,13280,architecture,.obj,,,,,Roof_Front_Brick8_Half_R.obj,Medieval Village MegaKit[Standard]/Medieval Village MegaKit[Standard]/OBJ/Roof_Front_Brick8_Half_R.obj,Medieval Village MegaKit[Standard],,
,598,architecture,.mtl,,,,,Roof_FrontSupports.mtl,Medieval Village MegaKit[Standard]/Medieval Village MegaKit[Standard]/OBJ/Roof_FrontSupports.mtl,Medieval Village MegaKit[Standard],,
,3867,architecture,.obj,,,,,Roof_FrontSupports.obj,Medieval Village MegaKit[Standard]/Medieval Village MegaKit[Standard]/OBJ/Roof_FrontSupports.obj,Medieval Village MegaKit[Standard],,
,598,vegetation,.mtl,,,,,Roof_Log.mtl,Medieval Village MegaKit[Standard]/Medieval Village MegaKit[Standard]/OBJ/Roof_Log.mtl,Medieval Village MegaKit[Standard],,
,10704,vegetation,.obj,,,,,Roof_Log.obj,Medieval Village MegaKit[Standard]/Medieval Village MegaKit[Standard]/OBJ/Roof_Log.obj,Medieval Village MegaKit[Standard],,
,606,architecture,.mtl,,,,,Roof_Modular_RoundTiles.mtl,Medieval Village MegaKit[Standard]/Medieval Village MegaKit[Standard]/OBJ/Roof_Modular_RoundTiles.mtl,Medieval Village MegaKit[Standard],,
,6938,architecture,.obj,,,,,Roof_Modular_RoundTiles.obj,Medieval Village MegaKit[Standard]/Medieval Village MegaKit[Standard]/OBJ/Roof_Modular_RoundTiles.obj,Medieval Village MegaKit[Standard],,
,1119,architecture,.mtl,,,,,Roof_RoundTile_2x1.mtl,Medieval Village MegaKit[Standard]/Medieval Village MegaKit[Standard]/OBJ/Roof_RoundTile_2x1.mtl,Medieval Village MegaKit[Standard],,
,37870,architecture,.obj,,,,,Roof_RoundTile_2x1.obj,Medieval Village MegaKit[Standard]/Medieval Village MegaKit[Standard]/OBJ/Roof_RoundTile_2x1.obj,Medieval Village MegaKit[Standard],,
,1119,architecture,.mtl,,,,,Roof_RoundTile_2x1_Long.mtl,Medieval Village MegaKit[Standard]/Medieval Village MegaKit[Standard]/OBJ/Roof_RoundTile_2x1_Long.mtl,Medieval Village MegaKit[Standard],,
,39238,architecture,.obj,,,,,Roof_RoundTile_2x1_Long.obj,Medieval Village MegaKit[Standard]/Medieval Village MegaKit[Standard]/OBJ/Roof_RoundTile_2x1_Long.obj,Medieval Village MegaKit[Standard],,
,1119,architecture,.mtl,,,,,Roof_RoundTiles_4x4.mtl,Medieval Village MegaKit[Standard]/Medieval Village MegaKit[Standard]/OBJ/Roof_RoundTiles_4x4.mtl,Medieval Village MegaKit[Standard],,
,103981,architecture,.obj,,,,,Roof_RoundTiles_4x4.obj,Medieval Village MegaKit[Standard]/Medieval Village MegaKit[Standard]/OBJ/Roof_RoundTiles_4x4.obj,Medieval Village MegaKit[Standard],,
,1119,architecture,.mtl,,,,,Roof_RoundTiles_4x6.mtl,Medieval Village MegaKit[Standard]/Medieval Village MegaKit[Standard]/OBJ/Roof_RoundTiles_4x6.mtl,Medieval Village MegaKit[Standard],,
,132201,architecture,.obj,,,,,Roof_RoundTiles_4x6.obj,Medieval Village MegaKit[Standard]/Medieval Village MegaKit[Standard]/OBJ/Roof_RoundTiles_4x6.obj,Medieval Village MegaKit[Standard],,
,1119,architecture,.mtl,,,,,Roof_RoundTiles_4x8.mtl,Medieval Village MegaKit[Standard]/Medieval Village MegaKit[Standard]/OBJ/Roof_RoundTiles_4x8.mtl,Medieval Village MegaKit[Standard],,
,161897,architecture,.obj,,,,,Roof_RoundTiles_4x8.obj,Medieval Village MegaKit[Standard]/Medieval Village MegaKit[Standard]/OBJ/Roof_RoundTiles_4x8.obj,Medieval Village MegaKit[Standard],,
,1119,architecture,.mtl,,,,,Roof_RoundTiles_6x10.mtl,Medieval Village MegaKit[Standard]/Medieval Village MegaKit[Standard]/OBJ/Roof_RoundTiles_6x10.mtl,Medieval Village MegaKit[Standard],,
,225663,architecture,.obj,,,,,Roof_RoundTiles_6x10.obj,Medieval Village MegaKit[Standard]/Medieval Village MegaKit[Standard]/OBJ/Roof_RoundTiles_6x10.obj,Medieval Village MegaKit[Standard],,
,1119,architecture,.mtl,,,,,Roof_RoundTiles_6x12.mtl,Medieval Village MegaKit[Standard]/Medieval Village MegaKit[Standard]/OBJ/Roof_RoundTiles_6x12.mtl,Medieval Village MegaKit[Standard],,
,258589,architecture,.obj,,,,,Roof_RoundTiles_6x12.obj,Medieval Village MegaKit[Standard]/Medieval Village MegaKit[Standard]/OBJ/Roof_RoundTiles_6x12.obj,Medieval Village MegaKit[Standard],,
,1119,architecture,.mtl,,,,,Roof_RoundTiles_6x14.mtl,Medieval Village MegaKit[Standard]/Medieval Village MegaKit[Standard]/OBJ/Roof_RoundTiles_6x14.mtl,Medieval Village MegaKit[Standard],,
,282581,architecture,.obj,,,,,Roof_RoundTiles_6x14.obj,Medieval Village MegaKit[Standard]/Medieval Village MegaKit[Standard]/OBJ/Roof_RoundTiles_6x14.obj,Medieval Village MegaKit[Standard],,
,1119,architecture,.mtl,,,,,Roof_RoundTiles_6x4.mtl,Medieval Village MegaKit[Standard]/Medieval Village MegaKit[Standard]/OBJ/Roof_RoundTiles_6x4.mtl,Medieval Village MegaKit[Standard],,
,113142,architecture,.obj,,,,,Roof_RoundTiles_6x4.obj,Medieval Village MegaKit[Standard]/Medieval Village MegaKit[Standard]/OBJ/Roof_RoundTiles_6x4.obj,Medieval Village MegaKit[Standard],,
,1119,architecture,.mtl,,,,,Roof_RoundTiles_6x6.mtl,Medieval Village MegaKit[Standard]/Medieval Village MegaKit[Standard]/OBJ/Roof_RoundTiles_6x6.mtl,Medieval Village MegaKit[Standard],,
,169929,architecture,.obj,,,,,Roof_RoundTiles_6x6.obj,Medieval Village MegaKit[Standard]/Medieval Village MegaKit[Standard]/OBJ/Roof_RoundTiles_6x6.obj,Medieval Village MegaKit[Standard],,
,1119,architecture,.mtl,,,,,Roof_RoundTiles_6x8.mtl,Medieval Village MegaKit[Standard]/Medieval Village MegaKit[Standard]/OBJ/Roof_RoundTiles_6x8.mtl,Medieval Village MegaKit[Standard],,
,195700,architecture,.obj,,,,,Roof_RoundTiles_6x8.obj,Medieval Village MegaKit[Standard]/Medieval Village MegaKit[Standard]/OBJ/Roof_RoundTiles_6x8.obj,Medieval Village MegaKit[Standard],,
,1119,architecture,.mtl,,,,,Roof_RoundTiles_8x10.mtl,Medieval Village MegaKit[Standard]/Medieval Village MegaKit[Standard]/OBJ/Roof_RoundTiles_8x10.mtl,Medieval Village MegaKit[Standard],,
,241491,architecture,.obj,,,,,Roof_RoundTiles_8x10.obj,Medieval Village MegaKit[Standard]/Medieval Village MegaKit[Standard]/OBJ/Roof_RoundTiles_8x10.obj,Medieval Village MegaKit[Standard],,
,1119,architecture,.mtl,,,,,Roof_RoundTiles_8x12.mtl,Medieval Village MegaKit[Standard]/Medieval Village MegaKit[Standard]/OBJ/Roof_RoundTiles_8x12.mtl,Medieval Village MegaKit[Standard],,
,331056,architecture,.obj,,,,,Roof_RoundTiles_8x12.obj,Medieval Village MegaKit[Standard]/Medieval Village MegaKit[Standard]/OBJ/Roof_RoundTiles_8x12.obj,Medieval Village MegaKit[Standard],,
,1119,architecture,.mtl,,,,,Roof_RoundTiles_8x14.mtl,Medieval Village MegaKit[Standard]/Medieval Village MegaKit[Standard]/OBJ/Roof_RoundTiles_8x14.mtl,Medieval Village MegaKit[Standard],,
,283760,architecture,.obj,,,,,Roof_RoundTiles_8x14.obj,Medieval Village MegaKit[Standard]/Medieval Village MegaKit[Standard]/OBJ/Roof_RoundTiles_8x14.obj,Medieval Village MegaKit[Standard],,
,1119,architecture,.mtl,,,,,Roof_RoundTiles_8x8.mtl,Medieval Village MegaKit[Standard]/Medieval Village MegaKit[Standard]/OBJ/Roof_RoundTiles_8x8.mtl,Medieval Village MegaKit[Standard],,
,205787,architecture,.obj,,,,,Roof_RoundTiles_8x8.obj,Medieval Village MegaKit[Standard]/Medieval Village MegaKit[Standard]/OBJ/Roof_RoundTiles_8x8.obj,Medieval Village MegaKit[Standard],,
,598,architecture,.mtl,,,,,Roof_Support2.mtl,Medieval Village MegaKit[Standard]/Medieval Village MegaKit[Standard]/OBJ/Roof_Support2.mtl,Medieval Village MegaKit[Standard],,
,5393,architecture,.obj,,,,,Roof_Support2.obj,Medieval Village MegaKit[Standard]/Medieval Village MegaKit[Standard]/OBJ/Roof_Support2.obj,Medieval Village MegaKit[Standard],,
,1925,architecture,.mtl,,,,,Roof_Tower_RoundTiles.mtl,Medieval Village MegaKit[Standard]/Medieval Village MegaKit[Standard]/OBJ/Roof_Tower_RoundTiles.mtl,Medieval Village MegaKit[Standard],,
,247159,architecture,.obj,,,,,Roof_Tower_RoundTiles.obj,Medieval Village MegaKit[Standard]/Medieval Village MegaKit[Standard]/OBJ/Roof_Tower_RoundTiles.obj,Medieval Village MegaKit[Standard],,
,1116,architecture,.mtl,,,,,Roof_Wooden_2x1.mtl,Medieval Village MegaKit[Standard]/Medieval Village MegaKit[Standard]/OBJ/Roof_Wooden_2x1.mtl,Medieval Village MegaKit[Standard],,
,15775,architecture,.obj,,,,,Roof_Wooden_2x1.obj,Medieval Village MegaKit[Standard]/Medieval Village MegaKit[Standard]/OBJ/Roof_Wooden_2x1.obj,Medieval Village MegaKit[Standard],,
,1116,architecture,.mtl,,,,,Roof_Wooden_2x1_Center.mtl,Medieval Village MegaKit[Standard]/Medieval Village MegaKit[Standard]/OBJ/Roof_Wooden_2x1_Center.mtl,Medieval Village MegaKit[Standard],,
,3625,architecture,.obj,,,,,Roof_Wooden_2x1_Center.obj,Medieval Village MegaKit[Standard]/Medieval Village MegaKit[Standard]/OBJ/Roof_Wooden_2x1_Center.obj,Medieval Village MegaKit[Standard],,
,1116,architecture,.mtl,,,,,Roof_Wooden_2x1_Center_Mirror.mtl,Medieval Village MegaKit[Standard]/Medieval Village MegaKit[Standard]/OBJ/Roof_Wooden_2x1_Center_Mirror.mtl,Medieval Village MegaKit[Standard],,
,3656,architecture,.obj,,,,,Roof_Wooden_2x1_Center_Mirror.obj,Medieval Village MegaKit[Standard]/Medieval Village MegaKit[Standard]/OBJ/Roof_Wooden_2x1_Center_Mirror.obj,Medieval Village MegaKit[Standard],,
,1116,architecture,.mtl,,,,,Roof_Wooden_2x1_Corner.mtl,Medieval Village MegaKit[Standard]/Medieval Village MegaKit[Standard]/OBJ/Roof_Wooden_2x1_Corner.mtl,Medieval Village MegaKit[Standard],,
,7425,architecture,.obj,,,,,Roof_Wooden_2x1_Corner.obj,Medieval Village MegaKit[Standard]/Medieval Village MegaKit[Standard]/OBJ/Roof_Wooden_2x1_Corner.obj,Medieval Village MegaKit[Standard],,
,1116,architecture,.mtl,,,,,Roof_Wooden_2x1_L.mtl,Medieval Village MegaKit[Standard]/Medieval Village MegaKit[Standard]/OBJ/Roof_Wooden_2x1_L.mtl,Medieval Village MegaKit[Standard],,
,11623,architecture,.obj,,,,,Roof_Wooden_2x1_L.obj,Medieval Village MegaKit[Standard]/Medieval Village MegaKit[Standard]/OBJ/Roof_Wooden_2x1_L.obj,Medieval Village MegaKit[Standard],,
,1116,architecture,.mtl,,,,,Roof_Wooden_2x1_Middle.mtl,Medieval Village MegaKit[Standard]/Medieval Village MegaKit[Standard]/OBJ/Roof_Wooden_2x1_Middle.mtl,Medieval Village MegaKit[Standard],,
,1880,architecture,.obj,,,,,Roof_Wooden_2x1_Middle.obj,Medieval Village MegaKit[Standard]/Medieval Village MegaKit[Standard]/OBJ/Roof_Wooden_2x1_Middle.obj,Medieval Village MegaKit[Standard],,
,1116,architecture,.mtl,,,,,Roof_Wooden_2x1_R.mtl,Medieval Village MegaKit[Standard]/Medieval Village MegaKit[Standard]/OBJ/Roof_Wooden_2x1_R.mtl,Medieval Village MegaKit[Standard],,
,11562,architecture,.obj,,,,,Roof_Wooden_2x1_R.obj,Medieval Village MegaKit[Standard]/Medieval Village MegaKit[Standard]/OBJ/Roof_Wooden_2x1_R.obj,Medieval Village MegaKit[Standard],,
,598,uncategorized,.mtl,,,,,Stair_Interior_Rails.mtl,Medieval Village MegaKit[Standard]/Medieval Village MegaKit[Standard]/OBJ/Stair_Interior_Rails.mtl,Medieval Village MegaKit[Standard],,
,125734,uncategorized,.obj,,,,,Stair_Interior_Rails.obj,Medieval Village MegaKit[Standard]/Medieval Village MegaKit[Standard]/OBJ/Stair_Interior_Rails.obj,Medieval Village MegaKit[Standard],,
,598,uncategorized,.mtl,,,,,Stair_Interior_Simple.mtl,Medieval Village MegaKit[Standard]/Medieval Village MegaKit[Standard]/OBJ/Stair_Interior_Simple.mtl,Medieval Village MegaKit[Standard],,
,10936,uncategorized,.obj,,,,,Stair_Interior_Simple.obj,Medieval Village MegaKit[Standard]/Medieval Village MegaKit[Standard]/OBJ/Stair_Interior_Simple.obj,Medieval Village MegaKit[Standard],,
,598,uncategorized,.mtl,,,,,Stair_Interior_Solid.mtl,Medieval Village MegaKit[Standard]/Medieval Village MegaKit[Standard]/OBJ/Stair_Interior_Solid.mtl,Medieval Village MegaKit[Standard],,
,22957,uncategorized,.obj,,,,,Stair_Interior_Solid.obj,Medieval Village MegaKit[Standard]/Medieval Village MegaKit[Standard]/OBJ/Stair_Interior_Solid.obj,Medieval Village MegaKit[Standard],,
,598,uncategorized,.mtl,,,,,Stair_Interior_SolidExtended.mtl,Medieval Village MegaKit[Standard]/Medieval Village MegaKit[Standard]/OBJ/Stair_Interior_SolidExtended.mtl,Medieval Village MegaKit[Standard],,
,26763,uncategorized,.obj,,,,,Stair_Interior_SolidExtended.obj,Medieval Village MegaKit[Standard]/Medieval Village MegaKit[Standard]/OBJ/Stair_Interior_SolidExtended.obj,Medieval Village MegaKit[Standard],,
,993,uncategorized,.mtl,,,,,Stairs_Exterior_NoFirstStep.mtl,Medieval Village MegaKit[Standard]/Medieval Village MegaKit[Standard]/OBJ/Stairs_Exterior_NoFirstStep.mtl,Medieval Village MegaKit[Standard],,
,4505,uncategorized,.obj,,,,,Stairs_Exterior_NoFirstStep.obj,Medieval Village MegaKit[Standard]/Medieval Village MegaKit[Standard]/OBJ/Stairs_Exterior_NoFirstStep.obj,Medieval Village MegaKit[Standard],,
,993,uncategorized,.mtl,,,,,Stairs_Exterior_Platform.mtl,Medieval Village MegaKit[Standard]/Medieval Village MegaKit[Standard]/OBJ/Stairs_Exterior_Platform.mtl,Medieval Village MegaKit[Standard],,
,2790,uncategorized,.obj,,,,,Stairs_Exterior_Platform.obj,Medieval Village MegaKit[Standard]/Medieval Village MegaKit[Standard]/OBJ/Stairs_Exterior_Platform.obj,Medieval Village MegaKit[Standard],,
,993,uncategorized,.mtl,,,,,Stairs_Exterior_Platform45.mtl,Medieval Village MegaKit[Standard]/Medieval Village MegaKit[Standard]/OBJ/Stairs_Exterior_Platform45.mtl,Medieval Village MegaKit[Standard],,
,3850,uncategorized,.obj,,,,,Stairs_Exterior_Platform45.obj,Medieval Village MegaKit[Standard]/Medieval Village MegaKit[Standard]/OBJ/Stairs_Exterior_Platform45.obj,Medieval Village MegaKit[Standard],,
,993,uncategorized,.mtl,,,,,Stairs_Exterior_Platform45Clean.mtl,Medieval Village MegaKit[Standard]/Medieval Village MegaKit[Standard]/OBJ/Stairs_Exterior_Platform45Clean.mtl,Medieval Village MegaKit[Standard],,
,3202,uncategorized,.obj,,,,,Stairs_Exterior_Platform45Clean.obj,Medieval Village MegaKit[Standard]/Medieval Village MegaKit[Standard]/OBJ/Stairs_Exterior_Platform45Clean.obj,Medieval Village MegaKit[Standard],,
,993,uncategorized,.mtl,,,,,Stairs_Exterior_PlatformU.mtl,Medieval Village MegaKit[Standard]/Medieval Village MegaKit[Standard]/OBJ/Stairs_Exterior_PlatformU.mtl,Medieval Village MegaKit[Standard],,
,4210,uncategorized,.obj,,,,,Stairs_Exterior_PlatformU.obj,Medieval Village MegaKit[Standard]/Medieval Village MegaKit[Standard]/OBJ/Stairs_Exterior_PlatformU.obj,Medieval Village MegaKit[Standard],,
,993,uncategorized,.mtl,,,,,Stairs_Exterior_SidePlatform.mtl,Medieval Village MegaKit[Standard]/Medieval Village MegaKit[Standard]/OBJ/Stairs_Exterior_SidePlatform.mtl,Medieval Village MegaKit[Standard],,
,2621,uncategorized,.obj,,,,,Stairs_Exterior_SidePlatform.obj,Medieval Village MegaKit[Standard]/Medieval Village MegaKit[Standard]/OBJ/Stairs_Exterior_SidePlatform.obj,Medieval Village MegaKit[Standard],,
,586,uncategorized,.mtl,,,,,Stairs_Exterior_Sides.mtl,Medieval Village MegaKit[Standard]/Medieval Village MegaKit[Standard]/OBJ/Stairs_Exterior_Sides.mtl,Medieval Village MegaKit[Standard],,
,1318,uncategorized,.obj,,,,,Stairs_Exterior_Sides.obj,Medieval Village MegaKit[Standard]/Medieval Village MegaKit[Standard]/OBJ/Stairs_Exterior_Sides.obj,Medieval Village MegaKit[Standard],,
,586,uncategorized,.mtl,,,,,Stairs_Exterior_Sides45.mtl,Medieval Village MegaKit[Standard]/Medieval Village MegaKit[Standard]/OBJ/Stairs_Exterior_Sides45.mtl,Medieval Village MegaKit[Standard],,
,1999,uncategorized,.obj,,,,,Stairs_Exterior_Sides45.obj,Medieval Village MegaKit[Standard]/Medieval Village MegaKit[Standard]/OBJ/Stairs_Exterior_Sides45.obj,Medieval Village MegaKit[Standard],,
,586,uncategorized,.mtl,,,,,Stairs_Exterior_SidesU.mtl,Medieval Village MegaKit[Standard]/Medieval Village MegaKit[Standard]/OBJ/Stairs_Exterior_SidesU.mtl,Medieval Village MegaKit[Standard],,
,3117,uncategorized,.obj,,,,,Stairs_Exterior_SidesU.obj,Medieval Village MegaKit[Standard]/Medieval Village MegaKit[Standard]/OBJ/Stairs_Exterior_SidesU.obj,Medieval Village MegaKit[Standard],,
,586,uncategorized,.mtl,,,,,Stairs_Exterior_SingleSide.mtl,Medieval Village MegaKit[Standard]/Medieval Village MegaKit[Standard]/OBJ/Stairs_Exterior_SingleSide.mtl,Medieval Village MegaKit[Standard],,
,1114,uncategorized,.obj,,,,,Stairs_Exterior_SingleSide.obj,Medieval Village MegaKit[Standard]/Medieval Village MegaKit[Standard]/OBJ/Stairs_Exterior_SingleSide.obj,Medieval Village MegaKit[Standard],,
,586,uncategorized,.mtl,,,,,Stairs_Exterior_SingleSideThick.mtl,Medieval Village MegaKit[Standard]/Medieval Village MegaKit[Standard]/OBJ/Stairs_Exterior_SingleSideThick.mtl,Medieval Village MegaKit[Standard],,
,1120,uncategorized,.obj,,,,,Stairs_Exterior_SingleSideThick.obj,Medieval Village MegaKit[Standard]/Medieval Village MegaKit[Standard]/OBJ/Stairs_Exterior_SingleSideThick.obj,Medieval Village MegaKit[Standard],,
,993,uncategorized,.mtl,,,,,Stairs_Exterior_Straight.mtl,Medieval Village MegaKit[Standard]/Medieval Village MegaKit[Standard]/OBJ/Stairs_Exterior_Straight.mtl,Medieval Village MegaKit[Standard],,
,5067,uncategorized,.obj,,,,,Stairs_Exterior_Straight.obj,Medieval Village MegaKit[Standard]/Medieval Village MegaKit[Standard]/OBJ/Stairs_Exterior_Straight.obj,Medieval Village MegaKit[Standard],,
,993,uncategorized,.mtl,,,,,Stairs_Exterior_Straight_Center.mtl,Medieval Village MegaKit[Standard]/Medieval Village MegaKit[Standard]/OBJ/Stairs_Exterior_Straight_Center.mtl,Medieval Village MegaKit[Standard],,
,4124,uncategorized,.obj,,,,,Stairs_Exterior_Straight_Center.obj,Medieval Village MegaKit[Standard]/Medieval Village MegaKit[Standard]/OBJ/Stairs_Exterior_Straight_Center.obj,Medieval Village MegaKit[Standard],,
,993,uncategorized,.mtl,,,,,Stairs_Exterior_Straight_L.mtl,Medieval Village MegaKit[Standard]/Medieval Village MegaKit[Standard]/OBJ/Stairs_Exterior_Straight_L.mtl,Medieval Village MegaKit[Standard],,
,4758,uncategorized,.obj,,,,,Stairs_Exterior_Straight_L.obj,Medieval Village MegaKit[Standard]/Medieval Village MegaKit[Standard]/OBJ/Stairs_Exterior_Straight_L.obj,Medieval Village MegaKit[Standard],,
,993,uncategorized,.mtl,,,,,Stairs_Exterior_Straight_R.mtl,Medieval Village MegaKit[Standard]/Medieval Village MegaKit[Standard]/OBJ/Stairs_Exterior_Straight_R.mtl,Medieval Village MegaKit[Standard],,
,4752,uncategorized,.obj,,,,,Stairs_Exterior_Straight_R.obj,Medieval Village MegaKit[Standard]/Medieval Village MegaKit[Standard]/OBJ/Stairs_Exterior_Straight_R.obj,Medieval Village MegaKit[Standard],,
,598,architecture,.mtl,,,,,Wall_Arch.mtl,Medieval Village MegaKit[Standard]/Medieval Village MegaKit[Standard]/OBJ/Wall_Arch.mtl,Medieval Village MegaKit[Standard],,
,10767,architecture,.obj,,,,,Wall_Arch.obj,Medieval Village MegaKit[Standard]/Medieval Village MegaKit[Standard]/OBJ/Wall_Arch.obj,Medieval Village MegaKit[Standard],,
,598,architecture,.mtl,,,,,Wall_BottomCover.mtl,Medieval Village MegaKit[Standard]/Medieval Village MegaKit[Standard]/OBJ/Wall_BottomCover.mtl,Medieval Village MegaKit[Standard],,
,2604,architecture,.obj,,,,,Wall_BottomCover.obj,Medieval Village MegaKit[Standard]/Medieval Village MegaKit[Standard]/OBJ/Wall_BottomCover.obj,Medieval Village MegaKit[Standard],,
,1409,architecture,.mtl,,,,,Wall_Plaster_Door_Flat.mtl,Medieval Village MegaKit[Standard]/Medieval Village MegaKit[Standard]/OBJ/Wall_Plaster_Door_Flat.mtl,Medieval Village MegaKit[Standard],,
,6514,architecture,.obj,,,,,Wall_Plaster_Door_Flat.obj,Medieval Village MegaKit[Standard]/Medieval Village MegaKit[Standard]/OBJ/Wall_Plaster_Door_Flat.obj,Medieval Village MegaKit[Standard],,
,1409,architecture,.mtl,,,,,Wall_Plaster_Door_Round.mtl,Medieval Village MegaKit[Standard]/Medieval Village MegaKit[Standard]/OBJ/Wall_Plaster_Door_Round.mtl,Medieval Village MegaKit[Standard],,
,9506,architecture,.obj,,,,,Wall_Plaster_Door_Round.obj,Medieval Village MegaKit[Standard]/Medieval Village MegaKit[Standard]/OBJ/Wall_Plaster_Door_Round.obj,Medieval Village MegaKit[Standard],,
,1409,architecture,.mtl,,,,,Wall_Plaster_Door_RoundInset.mtl,Medieval Village MegaKit[Standard]/Medieval Village MegaKit[Standard]/OBJ/Wall_Plaster_Door_RoundInset.mtl,Medieval Village MegaKit[Standard],,
,13310,architecture,.obj,,,,,Wall_Plaster_Door_RoundInset.obj,Medieval Village MegaKit[Standard]/Medieval Village MegaKit[Standard]/OBJ/Wall_Plaster_Door_RoundInset.obj,Medieval Village MegaKit[Standard],,
,1002,architecture,.mtl,,,,,Wall_Plaster_Straight.mtl,Medieval Village MegaKit[Standard]/Medieval Village MegaKit[Standard]/OBJ/Wall_Plaster_Straight.mtl,Medieval Village MegaKit[Standard],,
,6412,architecture,.obj,,,,,Wall_Plaster_Straight.obj,Medieval Village MegaKit[Standard]/Medieval Village MegaKit[Standard]/OBJ/Wall_Plaster_Straight.obj,Medieval Village MegaKit[Standard],,
,1503,architecture,.mtl,,,,,Wall_Plaster_Straight_Base.mtl,Medieval Village MegaKit[Standard]/Medieval Village MegaKit[Standard]/OBJ/Wall_Plaster_Straight_Base.mtl,Medieval Village MegaKit[Standard],,
,4417,architecture,.obj,,,,,Wall_Plaster_Straight_Base.obj,Medieval Village MegaKit[Standard]/Medieval Village MegaKit[Standard]/OBJ/Wall_Plaster_Straight_Base.obj,Medieval Village MegaKit[Standard],,
,1503,architecture,.mtl,,,,,Wall_Plaster_Straight_L.mtl,Medieval Village MegaKit[Standard]/Medieval Village MegaKit[Standard]/OBJ/Wall_Plaster_Straight_L.mtl,Medieval Village MegaKit[Standard],,
,5187,architecture,.obj,,,,,Wall_Plaster_Straight_L.obj,Medieval Village MegaKit[Standard]/Medieval Village MegaKit[Standard]/OBJ/Wall_Plaster_Straight_L.obj,Medieval Village MegaKit[Standard],,
,1503,architecture,.mtl,,,,,Wall_Plaster_Straight_R.mtl,Medieval Village MegaKit[Standard]/Medieval Village MegaKit[Standard]/OBJ/Wall_Plaster_Straight_R.mtl,Medieval Village MegaKit[Standard],,
,5187,architecture,.obj,,,,,Wall_Plaster_Straight_R.obj,Medieval Village MegaKit[Standard]/Medieval Village MegaKit[Standard]/OBJ/Wall_Plaster_Straight_R.obj,Medieval Village MegaKit[Standard],,
,1503,architecture,.mtl,,,,,Wall_Plaster_Window_Thin_Round.mtl,Medieval Village MegaKit[Standard]/Medieval Village MegaKit[Standard]/OBJ/Wall_Plaster_Window_Thin_Round.mtl,Medieval Village MegaKit[Standard],,
,11066,architecture,.obj,,,,,Wall_Plaster_Window_Thin_Round.obj,Medieval Village MegaKit[Standard]/Medieval Village MegaKit[Standard]/OBJ/Wall_Plaster_Window_Thin_Round.obj,Medieval Village MegaKit[Standard],,
,1503,architecture,.mtl,,,,,Wall_Plaster_Window_Wide_Flat.mtl,Medieval Village MegaKit[Standard]/Medieval Village MegaKit[Standard]/OBJ/Wall_Plaster_Window_Wide_Flat.mtl,Medieval Village MegaKit[Standard],,
,6368,architecture,.obj,,,,,Wall_Plaster_Window_Wide_Flat.obj,Medieval Village MegaKit[Standard]/Medieval Village MegaKit[Standard]/OBJ/Wall_Plaster_Window_Wide_Flat.obj,Medieval Village MegaKit[Standard],,
,1002,architecture,.mtl,,,,,Wall_Plaster_Window_Wide_Flat2.mtl,Medieval Village MegaKit[Standard]/Medieval Village MegaKit[Standard]/OBJ/Wall_Plaster_Window_Wide_Flat2.mtl,Medieval Village MegaKit[Standard],,
,8660,architecture,.obj,,,,,Wall_Plaster_Window_Wide_Flat2.obj,Medieval Village MegaKit[Standard]/Medieval Village MegaKit[Standard]/OBJ/Wall_Plaster_Window_Wide_Flat2.obj,Medieval Village MegaKit[Standard],,
,1503,architecture,.mtl,,,,,Wall_Plaster_Window_Wide_Round.mtl,Medieval Village MegaKit[Standard]/Medieval Village MegaKit[Standard]/OBJ/Wall_Plaster_Window_Wide_Round.mtl,Medieval Village MegaKit[Standard],,
,8378,architecture,.obj,,,,,Wall_Plaster_Window_Wide_Round.obj,Medieval Village MegaKit[Standard]/Medieval Village MegaKit[Standard]/OBJ/Wall_Plaster_Window_Wide_Round.obj,Medieval Village MegaKit[Standard],,
,1002,architecture,.mtl,,,,,Wall_Plaster_WoodGrid.mtl,Medieval Village MegaKit[Standard]/Medieval Village MegaKit[Standard]/OBJ/Wall_Plaster_WoodGrid.mtl,Medieval Village MegaKit[Standard],,
,14790,architecture,.obj,,,,,Wall_Plaster_WoodGrid.obj,Medieval Village MegaKit[Standard]/Medieval Village MegaKit[Standard]/OBJ/Wall_Plaster_WoodGrid.obj,Medieval Village MegaKit[Standard],,
,1527,architecture,.mtl,,,,,Wall_UnevenBrick_Door_Flat.mtl,Medieval Village MegaKit[Standard]/Medieval Village MegaKit[Standard]/OBJ/Wall_UnevenBrick_Door_Flat.mtl,Medieval Village MegaKit[Standard],,
,5352,architecture,.obj,,,,,Wall_UnevenBrick_Door_Flat.obj,Medieval Village MegaKit[Standard]/Medieval Village MegaKit[Standard]/OBJ/Wall_UnevenBrick_Door_Flat.obj,Medieval Village MegaKit[Standard],,
,1527,architecture,.mtl,,,,,Wall_UnevenBrick_Door_Round.mtl,Medieval Village MegaKit[Standard]/Medieval Village MegaKit[Standard]/OBJ/Wall_UnevenBrick_Door_Round.mtl,Medieval Village MegaKit[Standard],,
,8861,architecture,.obj,,,,,Wall_UnevenBrick_Door_Round.obj,Medieval Village MegaKit[Standard]/Medieval Village MegaKit[Standard]/OBJ/Wall_UnevenBrick_Door_Round.obj,Medieval Village MegaKit[Standard],,
,1527,architecture,.mtl,,,,,Wall_UnevenBrick_Straight.mtl,Medieval Village MegaKit[Standard]/Medieval Village MegaKit[Standard]/OBJ/Wall_UnevenBrick_Straight.mtl,Medieval Village MegaKit[Standard],,
,4080,architecture,.obj,,,,,Wall_UnevenBrick_Straight.obj,Medieval Village MegaKit[Standard]/Medieval Village MegaKit[Standard]/OBJ/Wall_UnevenBrick_Straight.obj,Medieval Village MegaKit[Standard],,
,1527,architecture,.mtl,,,,,Wall_UnevenBrick_Window_Thin_Round.mtl,Medieval Village MegaKit[Standard]/Medieval Village MegaKit[Standard]/OBJ/Wall_UnevenBrick_Window_Thin_Round.mtl,Medieval Village MegaKit[Standard],,
,10566,architecture,.obj,,,,,Wall_UnevenBrick_Window_Thin_Round.obj,Medieval Village MegaKit[Standard]/Medieval Village MegaKit[Standard]/OBJ/Wall_UnevenBrick_Window_Thin_Round.obj,Medieval Village MegaKit[Standard],,
,1527,architecture,.mtl,,,,,Wall_UnevenBrick_Window_Wide_Flat.mtl,Medieval Village MegaKit[Standard]/Medieval Village MegaKit[Standard]/OBJ/Wall_UnevenBrick_Window_Wide_Flat.mtl,Medieval Village MegaKit[Standard],,
,6002,architecture,.obj,,,,,Wall_UnevenBrick_Window_Wide_Flat.obj,Medieval Village MegaKit[Standard]/Medieval Village MegaKit[Standard]/OBJ/Wall_UnevenBrick_Window_Wide_Flat.obj,Medieval Village MegaKit[Standard],,
,1527,architecture,.mtl,,,,,Wall_UnevenBrick_Window_Wide_Round.mtl,Medieval Village MegaKit[Standard]/Medieval Village MegaKit[Standard]/OBJ/Wall_UnevenBrick_Window_Wide_Round.mtl,Medieval Village MegaKit[Standard],,
,7958,architecture,.obj,,,,,Wall_UnevenBrick_Window_Wide_Round.obj,Medieval Village MegaKit[Standard]/Medieval Village MegaKit[Standard]/OBJ/Wall_UnevenBrick_Window_Wide_Round.obj,Medieval Village MegaKit[Standard],,
,1116,architecture,.mtl,,,,,Window_Roof_Thin.mtl,Medieval Village MegaKit[Standard]/Medieval Village MegaKit[Standard]/OBJ/Window_Roof_Thin.mtl,Medieval Village MegaKit[Standard],,
,3726,architecture,.obj,,,,,Window_Roof_Thin.obj,Medieval Village MegaKit[Standard]/Medieval Village MegaKit[Standard]/OBJ/Window_Roof_Thin.obj,Medieval Village MegaKit[Standard],,
,1116,architecture,.mtl,,,,,Window_Roof_Wide.mtl,Medieval Village MegaKit[Standard]/Medieval Village MegaKit[Standard]/OBJ/Window_Roof_Wide.mtl,Medieval Village MegaKit[Standard],,
,5012,architecture,.obj,,,,,Window_Roof_Wide.obj,Medieval Village MegaKit[Standard]/Medieval Village MegaKit[Standard]/OBJ/Window_Roof_Wide.obj,Medieval Village MegaKit[Standard],,
,786,uncategorized,.mtl,,,,,Window_Thin_Flat1.mtl,Medieval Village MegaKit[Standard]/Medieval Village MegaKit[Standard]/OBJ/Window_Thin_Flat1.mtl,Medieval Village MegaKit[Standard],,
,6541,uncategorized,.obj,,,,,Window_Thin_Flat1.obj,Medieval Village MegaKit[Standard]/Medieval Village MegaKit[Standard]/OBJ/Window_Thin_Flat1.obj,Medieval Village MegaKit[Standard],,
,791,uncategorized,.mtl,,,,,Window_Thin_Round1.mtl,Medieval Village MegaKit[Standard]/Medieval Village MegaKit[Standard]/OBJ/Window_Thin_Round1.mtl,Medieval Village MegaKit[Standard],,
,26608,uncategorized,.obj,,,,,Window_Thin_Round1.obj,Medieval Village MegaKit[Standard]/Medieval Village MegaKit[Standard]/OBJ/Window_Thin_Round1.obj,Medieval Village MegaKit[Standard],,
,786,uncategorized,.mtl,,,,,Window_Wide_Flat1.mtl,Medieval Village MegaKit[Standard]/Medieval Village MegaKit[Standard]/OBJ/Window_Wide_Flat1.mtl,Medieval Village MegaKit[Standard],,
,8694,uncategorized,.obj,,,,,Window_Wide_Flat1.obj,Medieval Village MegaKit[Standard]/Medieval Village MegaKit[Standard]/OBJ/Window_Wide_Flat1.obj,Medieval Village MegaKit[Standard],,
,791,uncategorized,.mtl,,,,,Window_Wide_Round1.mtl,Medieval Village MegaKit[Standard]/Medieval Village MegaKit[Standard]/OBJ/Window_Wide_Round1.mtl,Medieval Village MegaKit[Standard],,
,23627,uncategorized,.obj,,,,,Window_Wide_Round1.obj,Medieval Village MegaKit[Standard]/Medieval Village MegaKit[Standard]/OBJ/Window_Wide_Round1.obj,Medieval Village MegaKit[Standard],,
,603,uncategorized,.mtl,,,,,WindowShutters_Thin_Flat_Closed.mtl,Medieval Village MegaKit[Standard]/Medieval Village MegaKit[Standard]/OBJ/WindowShutters_Thin_Flat_Closed.mtl,Medieval Village MegaKit[Standard],,
,6468,uncategorized,.obj,,,,,WindowShutters_Thin_Flat_Closed.obj,Medieval Village MegaKit[Standard]/Medieval Village MegaKit[Standard]/OBJ/WindowShutters_Thin_Flat_Closed.obj,Medieval Village MegaKit[Standard],,
,603,uncategorized,.mtl,,,,,WindowShutters_Thin_Flat_Open.mtl,Medieval Village MegaKit[Standard]/Medieval Village MegaKit[Standard]/OBJ/WindowShutters_Thin_Flat_Open.mtl,Medieval Village MegaKit[Standard],,
,6583,uncategorized,.obj,,,,,WindowShutters_Thin_Flat_Open.obj,Medieval Village MegaKit[Standard]/Medieval Village MegaKit[Standard]/OBJ/WindowShutters_Thin_Flat_Open.obj,Medieval Village MegaKit[Standard],,
,603,uncategorized,.mtl,,,,,WindowShutters_Thin_Round_Closed.mtl,Medieval Village MegaKit[Standard]/Medieval Village MegaKit[Standard]/OBJ/WindowShutters_Thin_Round_Closed.mtl,Medieval Village MegaKit[Standard],,
,7567,uncategorized,.obj,,,,,WindowShutters_Thin_Round_Closed.obj,Medieval Village MegaKit[Standard]/Medieval Village MegaKit[Standard]/OBJ/WindowShutters_Thin_Round_Closed.obj,Medieval Village MegaKit[Standard],,
,603,uncategorized,.mtl,,,,,WindowShutters_Thin_Round_Open.mtl,Medieval Village MegaKit[Standard]/Medieval Village MegaKit[Standard]/OBJ/WindowShutters_Thin_Round_Open.mtl,Medieval Village MegaKit[Standard],,
,7647,uncategorized,.obj,,,,,WindowShutters_Thin_Round_Open.obj,Medieval Village MegaKit[Standard]/Medieval Village MegaKit[Standard]/OBJ/WindowShutters_Thin_Round_Open.obj,Medieval Village MegaKit[Standard],,
,603,uncategorized,.mtl,,,,,WindowShutters_Wide_Flat_Closed.mtl,Medieval Village MegaKit[Standard]/Medieval Village MegaKit[Standard]/OBJ/WindowShutters_Wide_Flat_Closed.mtl,Medieval Village MegaKit[Standard],,
,6777,uncategorized,.obj,,,,,WindowShutters_Wide_Flat_Closed.obj,Medieval Village MegaKit[Standard]/Medieval Village MegaKit[Standard]/OBJ/WindowShutters_Wide_Flat_Closed.obj,Medieval Village MegaKit[Standard],,
,603,uncategorized,.mtl,,,,,WindowShutters_Wide_Flat_Open.mtl,Medieval Village MegaKit[Standard]/Medieval Village MegaKit[Standard]/OBJ/WindowShutters_Wide_Flat_Open.mtl,Medieval Village MegaKit[Standard],,
,6900,uncategorized,.obj,,,,,WindowShutters_Wide_Flat_Open.obj,Medieval Village MegaKit[Standard]/Medieval Village MegaKit[Standard]/OBJ/WindowShutters_Wide_Flat_Open.obj,Medieval Village MegaKit[Standard],,
,603,uncategorized,.mtl,,,,,WindowShutters_Wide_Round_Closed.mtl,Medieval Village MegaKit[Standard]/Medieval Village MegaKit[Standard]/OBJ/WindowShutters_Wide_Round_Closed.mtl,Medieval Village MegaKit[Standard],,
,8052,uncategorized,.obj,,,,,WindowShutters_Wide_Round_Closed.obj,Medieval Village MegaKit[Standard]/Medieval Village MegaKit[Standard]/OBJ/WindowShutters_Wide_Round_Closed.obj,Medieval Village MegaKit[Standard],,
,603,uncategorized,.mtl,,,,,WindowShutters_Wide_Round_Open.mtl,Medieval Village MegaKit[Standard]/Medieval Village MegaKit[Standard]/OBJ/WindowShutters_Wide_Round_Open.mtl,Medieval Village MegaKit[Standard],,
,8172,uncategorized,.obj,,,,,WindowShutters_Wide_Round_Open.obj,Medieval Village MegaKit[Standard]/Medieval Village MegaKit[Standard]/OBJ/WindowShutters_Wide_Round_Open.obj,Medieval Village MegaKit[Standard],,
False,258320,uncategorized,.jpg,1,False,1081,RGB,Preview.jpg,Medieval Village MegaKit[Standard]/Medieval Village MegaKit[Standard]/Preview.jpg,Medieval Village MegaKit[Standard],False,1921
False,5199854,uncategorized,.png,1,True,2048,RGBA,T_Brick_Normal.png,Medieval Village MegaKit[Standard]/Medieval Village MegaKit[Standard]/Textures/Normals Godot-Unity/T_Brick_Normal.png,Medieval Village MegaKit[Standard],False,2048
False,4575580,uncategorized,.png,1,False,2048,RGB,T_Plaster_Normal.png,Medieval Village MegaKit[Standard]/Medieval Village MegaKit[Standard]/Textures/Normals Godot-Unity/T_Plaster_Normal.png,Medieval Village MegaKit[Standard],False,2048
False,3921997,terrain,.png,1,False,2048,RGB,T_RockTrim_Normal.png,Medieval Village MegaKit[Standard]/Medieval Village MegaKit[Standard]/Textures/Normals Godot-Unity/T_RockTrim_Normal.png,Medieval Village MegaKit[Standard],False,2048
False,3256812,uncategorized,.png,1,False,2048,RGB,T_RoundTiles_Normal.png,Medieval Village MegaKit[Standard]/Medieval Village MegaKit[Standard]/Textures/Normals Godot-Unity/T_RoundTiles_Normal.png,Medieval Village MegaKit[Standard],False,2048
False,3868581,uncategorized,.png,1,False,2048,RGB,T_UnevenBrick_Normal.png,Medieval Village MegaKit[Standard]/Medieval Village MegaKit[Standard]/Textures/Normals Godot-Unity/T_UnevenBrick_Normal.png,Medieval Village MegaKit[Standard],False,2048
False,3613847,uncategorized,.png,1,False,2048,RGB,T_WoodTrim_Normal.png,Medieval Village MegaKit[Standard]/Medieval Village MegaKit[Standard]/Textures/Normals Godot-Unity/T_WoodTrim_Normal.png,Medieval Village MegaKit[Standard],False,2048
False,3463884,uncategorized,.png,1,False,4096,RGB,T_BottomWear.png,Medieval Village MegaKit[Standard]/Medieval Village MegaKit[Standard]/Textures/T_BottomWear.png,Medieval Village MegaKit[Standard],False,4096
False,2447169,uncategorized,.png,1,False,2048,RGB,T_Brick_BaseColor.png,Medieval Village MegaKit[Standard]/Medieval Village MegaKit[Standard]/Textures/T_Brick_BaseColor.png,Medieval Village MegaKit[Standard],False,2048
False,4474267,uncategorized,.png,1,False,2048,RGB,T_Brick_Normal.png,Medieval Village MegaKit[Standard]/Medieval Village MegaKit[Standard]/Textures/T_Brick_Normal.png,Medieval Village MegaKit[Standard],False,2048
False,350932,uncategorized,.png,1,False,2048,L,T_Brick_Roughness.png,Medieval Village MegaKit[Standard]/Medieval Village MegaKit[Standard]/Textures/T_Brick_Roughness.png,Medieval Village MegaKit[Standard],False,2048
False,13059210,uncategorized,.png,1,True,4096,RGBA,T_BrushedNoise.png,Medieval Village MegaKit[Standard]/Medieval Village MegaKit[Standard]/Textures/T_BrushedNoise.png,Medieval Village MegaKit[Standard],False,4096
False,213487,terrain,.png,1,True,512,RGBA,T_Noise_Terrain.png,Medieval Village MegaKit[Standard]/Medieval Village MegaKit[Standard]/Textures/T_Noise_Terrain.png,Medieval Village MegaKit[Standard],False,512
False,3316410,uncategorized,.png,1,False,2048,RGB,T_Plaster_BaseColor.png,Medieval Village MegaKit[Standard]/Medieval Village MegaKit[Standard]/Textures/T_Plaster_BaseColor.png,Medieval Village MegaKit[Standard],False,2048
False,4607606,uncategorized,.png,1,False,2048,RGB,T_Plaster_Normal.png,Medieval Village MegaKit[Standard]/Medieval Village MegaKit[Standard]/Textures/T_Plaster_Normal.png,Medieval Village MegaKit[Standard],False,2048
False,2381579,uncategorized,.png,1,False,2048,RGB,T_Plaster_ORM.png,Medieval Village MegaKit[Standard]/Medieval Village MegaKit[Standard]/Textures/T_Plaster_ORM.png,Medieval Village MegaKit[Standard],False,2048
False,2525865,uncategorized,.png,1,False,2048,RGB,T_RedBrick_BaseColor.png,Medieval Village MegaKit[Standard]/Medieval Village MegaKit[Standard]/Textures/T_RedBrick_BaseColor.png,Medieval Village MegaKit[Standard],False,2048
False,1908835,terrain,.png,1,False,2048,RGB,T_RockTrim_BaseColor.png,Medieval Village MegaKit[Standard]/Medieval Village MegaKit[Standard]/Textures/T_RockTrim_BaseColor.png,Medieval Village MegaKit[Standard],False,2048
False,3925938,terrain,.png,1,False,2048,RGB,T_RockTrim_Normal.png,Medieval Village MegaKit[Standard]/Medieval Village MegaKit[Standard]/Textures/T_RockTrim_Normal.png,Medieval Village MegaKit[Standard],False,2048
False,1625807,terrain,.png,1,False,2048,RGB,T_RockTrim_ORM.png,Medieval Village MegaKit[Standard]/Medieval Village MegaKit[Standard]/Textures/T_RockTrim_ORM.png,Medieval Village MegaKit[Standard],False,2048
False,4352034,uncategorized,.png,1,True,2048,RGBA,T_RoundTiles_BaseColor.png,Medieval Village MegaKit[Standard]/Medieval Village MegaKit[Standard]/Textures/T_RoundTiles_BaseColor.png,Medieval Village MegaKit[Standard],False,2048
False,3792369,uncategorized,.png,1,True,2048,RGBA,T_RoundTiles_Normal.png,Medieval Village MegaKit[Standard]/Medieval Village MegaKit[Standard]/Textures/T_RoundTiles_Normal.png,Medieval Village MegaKit[Standard],False,2048
False,1445880,uncategorized,.png,1,True,2048,RGBA,T_RoundTiles_Roughness.png,Medieval Village MegaKit[Standard]/Medieval Village MegaKit[Standard]/Textures/T_RoundTiles_Roughness.png,Medieval Village MegaKit[Standard],False,2048
False,3934516,uncategorized,.png,1,True,4096,RGBA,T_TopWear.png,Medieval Village MegaKit[Standard]/Medieval Village MegaKit[Standard]/Textures/T_TopWear.png,Medieval Village MegaKit[Standard],False,4096
False,2945342,uncategorized,.png,1,False,2048,RGB,T_UnevenBrick_BaseColor.png,Medieval Village MegaKit[Standard]/Medieval Village MegaKit[Standard]/Textures/T_UnevenBrick_BaseColor.png,Medieval Village MegaKit[Standard],False,2048
False,3866626,uncategorized,.png,1,False,2048,RGB,T_UnevenBrick_Normal.png,Medieval Village MegaKit[Standard]/Medieval Village MegaKit[Standard]/Textures/T_UnevenBrick_Normal.png,Medieval Village MegaKit[Standard],False,2048
False,707775,uncategorized,.png,1,False,2048,L,T_UnevenBrick_Roughness.png,Medieval Village MegaKit[Standard]/Medieval Village MegaKit[Standard]/Textures/T_UnevenBrick_Roughness.png,Medieval Village MegaKit[Standard],False,2048
False,162432,vegetation,.png,1,True,512,RGBA,T_VineLeaf.png,Medieval Village MegaKit[Standard]/Medieval Village MegaKit[Standard]/Textures/T_VineLeaf.png,Medieval Village MegaKit[Standard],True,512
False,21462,uncategorized,.png,1,True,512,RGBA,T_WindowGradient.png,Medieval Village MegaKit[Standard]/Medieval Village MegaKit[Standard]/Textures/T_WindowGradient.png,Medieval Village MegaKit[Standard],False,512
False,2082310,uncategorized,.png,1,False,2048,RGB,T_WoodTrim_BaseColor.png,Medieval Village MegaKit[Standard]/Medieval Village MegaKit[Standard]/Textures/T_WoodTrim_BaseColor.png,Medieval Village MegaKit[Standard],False,2048
False,3596501,uncategorized,.png,1,False,2048,RGB,T_WoodTrim_Normal.png,Medieval Village MegaKit[Standard]/Medieval Village MegaKit[Standard]/Textures/T_WoodTrim_Normal.png,Medieval Village MegaKit[Standard],False,2048
False,3030751,uncategorized,.png,1,False,2048,RGB,T_WoodTrim_ORM.png,Medieval Village MegaKit[Standard]/Medieval Village MegaKit[Standard]/Textures/T_WoodTrim_ORM.png,Medieval Village MegaKit[Standard],False,2048
False,911823,uncategorized,.png,1,False,2048,L,T_WoodTrim_Roughness.png,Medieval Village MegaKit[Standard]/Medieval Village MegaKit[Standard]/Textures/T_WoodTrim_Roughness.png,Medieval Village MegaKit[Standard],False,2048
,472160,architecture,.blend,,,,,Barrel.blend,Modular Dungeon Pack - Jan 2018-20260825T020759Z-1-001/Modular Dungeon Pack - Jan 2018/Blends/Barrel.blend,Modular Dungeon Pack - Jan 2018-20260825T020759Z-1-001,,
,465648,architecture,.blend,,,,,Bars.blend,Modular Dungeon Pack - Jan 2018-20260825T020759Z-1-001/Modular Dungeon Pack - Jan 2018/Blends/Bars.blend,Modular Dungeon Pack - Jan 2018-20260825T020759Z-1-001,,
,506548,architecture,.blend,,,,,Bones.blend,Modular Dungeon Pack - Jan 2018-20260825T020759Z-1-001/Modular Dungeon Pack - Jan 2018/Blends/Bones.blend,Modular Dungeon Pack - Jan 2018-20260825T020759Z-1-001,,
,489384,architecture,.blend,,,,,Bones2.blend,Modular Dungeon Pack - Jan 2018-20260825T020759Z-1-001/Modular Dungeon Pack - Jan 2018/Blends/Bones2.blend,Modular Dungeon Pack - Jan 2018-20260825T020759Z-1-001,,
,497640,architecture,.blend,,,,,Book2.blend,Modular Dungeon Pack - Jan 2018-20260825T020759Z-1-001/Modular Dungeon Pack - Jan 2018/Blends/Book2.blend,Modular Dungeon Pack - Jan 2018-20260825T020759Z-1-001,,
,481752,architecture,.blend,,,,,Book3.blend,Modular Dungeon Pack - Jan 2018-20260825T020759Z-1-001/Modular Dungeon Pack - Jan 2018/Blends/Book3.blend,Modular Dungeon Pack - Jan 2018-20260825T020759Z-1-001,,
,481752,architecture,.blend,,,,,Book_Open.blend,Modular Dungeon Pack - Jan 2018-20260825T020759Z-1-001/Modular Dungeon Pack - Jan 2018/Blends/Book_Open.blend,Modular Dungeon Pack - Jan 2018-20260825T020759Z-1-001,,
,482760,architecture,.blend,,,,,Candelabrum.blend,Modular Dungeon Pack - Jan 2018-20260825T020759Z-1-001/Modular Dungeon Pack - Jan 2018/Blends/Candelabrum.blend,Modular Dungeon Pack - Jan 2018-20260825T020759Z-1-001,,
,501512,architecture,.blend,,,,,Candelabrum_tall.blend,Modular Dungeon Pack - Jan 2018-20260825T020759Z-1-001/Modular Dungeon Pack - Jan 2018/Blends/Candelabrum_tall.blend,Modular Dungeon Pack - Jan 2018-20260825T020759Z-1-001,,
,472312,architecture,.blend,,,,,Candle.blend,Modular Dungeon Pack - Jan 2018-20260825T020759Z-1-001/Modular Dungeon Pack - Jan 2018/Blends/Candle.blend,Modular Dungeon Pack - Jan 2018-20260825T020759Z-1-001,,
,455944,architecture,.blend,,,,,Carpet.blend,Modular Dungeon Pack - Jan 2018-20260825T020759Z-1-001/Modular Dungeon Pack - Jan 2018/Blends/Carpet.blend,Modular Dungeon Pack - Jan 2018-20260825T020759Z-1-001,,
,475076,architecture,.blend,,,,,Chest.blend,Modular Dungeon Pack - Jan 2018-20260825T020759Z-1-001/Modular Dungeon Pack - Jan 2018/Blends/Chest.blend,Modular Dungeon Pack - Jan 2018-20260825T020759Z-1-001,,
,480408,architecture,.blend,,,,,Chest_gold.blend,Modular Dungeon Pack - Jan 2018-20260825T020759Z-1-001/Modular Dungeon Pack - Jan 2018/Blends/Chest_gold.blend,Modular Dungeon Pack - Jan 2018-20260825T020759Z-1-001,,
,457928,architecture,.blend,,,,,Column.blend,Modular Dungeon Pack - Jan 2018-20260825T020759Z-1-001/Modular Dungeon Pack - Jan 2018/Blends/Column.blend,Modular Dungeon Pack - Jan 2018-20260825T020759Z-1-001,,
,449480,architecture,.blend,,,,,Column_Broken.blend,Modular Dungeon Pack - Jan 2018-20260825T020759Z-1-001/Modular Dungeon Pack - Jan 2018/Blends/Column_Broken.blend,Modular Dungeon Pack - Jan 2018-20260825T020759Z-1-001,,
,450888,architecture,.blend,,,,,Column_Broken2.blend,Modular Dungeon Pack - Jan 2018-20260825T020759Z-1-001/Modular Dungeon Pack - Jan 2018/Blends/Column_Broken2.blend,Modular Dungeon Pack - Jan 2018-20260825T020759Z-1-001,,
,447108,architecture,.blend,,,,,Entrance.blend,Modular Dungeon Pack - Jan 2018-20260825T020759Z-1-001/Modular Dungeon Pack - Jan 2018/Blends/Entrance.blend,Modular Dungeon Pack - Jan 2018-20260825T020759Z-1-001,,
,476724,architecture,.blend,,,,,Entrance2.blend,Modular Dungeon Pack - Jan 2018-20260825T020759Z-1-001/Modular Dungeon Pack - Jan 2018/Blends/Entrance2.blend,Modular Dungeon Pack - Jan 2018-20260825T020759Z-1-001,,
,453848,architecture,.blend,,,,,ModularColumn_bottom.blend,Modular Dungeon Pack - Jan 2018-20260825T020759Z-1-001/Modular Dungeon Pack - Jan 2018/Blends/ModularColumn_bottom.blend,Modular Dungeon Pack - Jan 2018-20260825T020759Z-1-001,,
,453744,architecture,.blend,,,,,ModularColumn_middle.blend,Modular Dungeon Pack - Jan 2018-20260825T020759Z-1-001/Modular Dungeon Pack - Jan 2018/Blends/ModularColumn_middle.blend,Modular Dungeon Pack - Jan 2018-20260825T020759Z-1-001,,
,454144,architecture,.blend,,,,,ModularColumn_top.blend,Modular Dungeon Pack - Jan 2018-20260825T020759Z-1-001/Modular Dungeon Pack - Jan 2018/Blends/ModularColumn_top.blend,Modular Dungeon Pack - Jan 2018-20260825T020759Z-1-001,,
,446200,architecture,.blend,,,,,ModularFloor.blend,Modular Dungeon Pack - Jan 2018-20260825T020759Z-1-001/Modular Dungeon Pack - Jan 2018/Blends/ModularFloor.blend,Modular Dungeon Pack - Jan 2018-20260825T020759Z-1-001,,
,449968,architecture,.blend,,,,,ModularStoneWall.blend,Modular Dungeon Pack - Jan 2018-20260825T020759Z-1-001/Modular Dungeon Pack - Jan 2018/Blends/ModularStoneWall.blend,Modular Dungeon Pack - Jan 2018-20260825T020759Z-1-001,,
,447168,architecture,.blend,,,,,ModularStoneWall_EntranceTop.blend,Modular Dungeon Pack - Jan 2018-20260825T020759Z-1-001/Modular Dungeon Pack - Jan 2018/Blends/ModularStoneWall_EntranceTop.blend,Modular Dungeon Pack - Jan 2018-20260825T020759Z-1-001,,
,472896,architecture,.blend,,,,,ModularStoneWall_top.blend,Modular Dungeon Pack - Jan 2018-20260825T020759Z-1-001/Modular Dungeon Pack - Jan 2018/Blends/ModularStoneWall_top.blend,Modular Dungeon Pack - Jan 2018-20260825T020759Z-1-001,,
,476384,architecture,.blend,,,,,Potion.blend,Modular Dungeon Pack - Jan 2018-20260825T020759Z-1-001/Modular Dungeon Pack - Jan 2018/Blends/Potion.blend,Modular Dungeon Pack - Jan 2018-20260825T020759Z-1-001,,
,479072,architecture,.blend,,,,,Potion2.blend,Modular Dungeon Pack - Jan 2018-20260825T020759Z-1-001/Modular Dungeon Pack - Jan 2018/Blends/Potion2.blend,Modular Dungeon Pack - Jan 2018-20260825T020759Z-1-001,,
,469784,architecture,.blend,,,,,Potion3.blend,Modular Dungeon Pack - Jan 2018-20260825T020759Z-1-001/Modular Dungeon Pack - Jan 2018/Blends/Potion3.blend,Modular Dungeon Pack - Jan 2018-20260825T020759Z-1-001,,
,471552,architecture,.blend,,,,,Potion4.blend,Modular Dungeon Pack - Jan 2018-20260825T020759Z-1-001/Modular Dungeon Pack - Jan 2018/Blends/Potion4.blend,Modular Dungeon Pack - Jan 2018-20260825T020759Z-1-001,,
,468448,architecture,.blend,,,,,Potion5.blend,Modular Dungeon Pack - Jan 2018-20260825T020759Z-1-001/Modular Dungeon Pack - Jan 2018/Blends/Potion5.blend,Modular Dungeon Pack - Jan 2018-20260825T020759Z-1-001,,
,466600,architecture,.blend,,,,,Potion6.blend,Modular Dungeon Pack - Jan 2018-20260825T020759Z-1-001/Modular Dungeon Pack - Jan 2018/Blends/Potion6.blend,Modular Dungeon Pack - Jan 2018-20260825T020759Z-1-001,,
,445056,terrain,.blend,,,,,Rock1.blend,Modular Dungeon Pack - Jan 2018-20260825T020759Z-1-001/Modular Dungeon Pack - Jan 2018/Blends/Rock1.blend,Modular Dungeon Pack - Jan 2018-20260825T020759Z-1-001,,
,453212,terrain,.blend,,,,,Rock2.blend,Modular Dungeon Pack - Jan 2018-20260825T020759Z-1-001/Modular Dungeon Pack - Jan 2018/Blends/Rock2.blend,Modular Dungeon Pack - Jan 2018-20260825T020759Z-1-001,,
,453612,terrain,.blend,,,,,Rock3.blend,Modular Dungeon Pack - Jan 2018-20260825T020759Z-1-001/Modular Dungeon Pack - Jan 2018/Blends/Rock3.blend,Modular Dungeon Pack - Jan 2018-20260825T020759Z-1-001,,
,449012,terrain,.blend,,,,,Rock4.blend,Modular Dungeon Pack - Jan 2018-20260825T020759Z-1-001/Modular Dungeon Pack - Jan 2018/Blends/Rock4.blend,Modular Dungeon Pack - Jan 2018-20260825T020759Z-1-001,,
,452500,terrain,.blend,,,,,Rock5.blend,Modular Dungeon Pack - Jan 2018-20260825T020759Z-1-001/Modular Dungeon Pack - Jan 2018/Blends/Rock5.blend,Modular Dungeon Pack - Jan 2018-20260825T020759Z-1-001,,
,453048,architecture,.blend,,,,,Stairs.blend,Modular Dungeon Pack - Jan 2018-20260825T020759Z-1-001/Modular Dungeon Pack - Jan 2018/Blends/Stairs.blend,Modular Dungeon Pack - Jan 2018-20260825T020759Z-1-001,,
,491320,architecture,.blend,,,,,Torch.blend,Modular Dungeon Pack - Jan 2018-20260825T020759Z-1-001/Modular Dungeon Pack - Jan 2018/Blends/Torch.blend,Modular Dungeon Pack - Jan 2018-20260825T020759Z-1-001,,
,488604,architecture,.blend,,,,,Torch_wall.blend,Modular Dungeon Pack - Jan 2018-20260825T020759Z-1-001/Modular Dungeon Pack - Jan 2018/Blends/Torch_wall.blend,Modular Dungeon Pack - Jan 2018-20260825T020759Z-1-001,,
,436944,architecture,.blend,,,,,WallRocks.blend,Modular Dungeon Pack - Jan 2018-20260825T020759Z-1-001/Modular Dungeon Pack - Jan 2018/Blends/WallRocks.blend,Modular Dungeon Pack - Jan 2018-20260825T020759Z-1-001,,
,456488,architecture,.blend,,,,,Window.blend,Modular Dungeon Pack - Jan 2018-20260825T020759Z-1-001/Modular Dungeon Pack - Jan 2018/Blends/Window.blend,Modular Dungeon Pack - Jan 2018-20260825T020759Z-1-001,,
,21996,architecture,.fbx,,,,,Barrel.fbx,Modular Dungeon Pack - Jan 2018-20260825T020759Z-1-001/Modular Dungeon Pack - Jan 2018/FBX/Barrel.fbx,Modular Dungeon Pack - Jan 2018-20260825T020759Z-1-001,,
,18540,architecture,.fbx,,,,,Bars.fbx,Modular Dungeon Pack - Jan 2018-20260825T020759Z-1-001/Modular Dungeon Pack - Jan 2018/FBX/Bars.fbx,Modular Dungeon Pack - Jan 2018-20260825T020759Z-1-001,,
,30188,architecture,.fbx,,,,,Bones.fbx,Modular Dungeon Pack - Jan 2018-20260825T020759Z-1-001/Modular Dungeon Pack - Jan 2018/FBX/Bones.fbx,Modular Dungeon Pack - Jan 2018-20260825T020759Z-1-001,,
,25404,architecture,.fbx,,,,,Bones2.fbx,Modular Dungeon Pack - Jan 2018-20260825T020759Z-1-001/Modular Dungeon Pack - Jan 2018/FBX/Bones2.fbx,Modular Dungeon Pack - Jan 2018-20260825T020759Z-1-001,,
,26716,architecture,.fbx,,,,,Book2.fbx,Modular Dungeon Pack - Jan 2018-20260825T020759Z-1-001/Modular Dungeon Pack - Jan 2018/FBX/Book2.fbx,Modular Dungeon Pack - Jan 2018-20260825T020759Z-1-001,,
,27948,architecture,.fbx,,,,,Book3.fbx,Modular Dungeon Pack - Jan 2018-20260825T020759Z-1-001/Modular Dungeon Pack - Jan 2018/FBX/Book3.fbx,Modular Dungeon Pack - Jan 2018-20260825T020759Z-1-001,,
,25612,architecture,.fbx,,,,,Book_Open.fbx,Modular Dungeon Pack - Jan 2018-20260825T020759Z-1-001/Modular Dungeon Pack - Jan 2018/FBX/Book_Open.fbx,Modular Dungeon Pack - Jan 2018-20260825T020759Z-1-001,,
,27052,architecture,.fbx,,,,,Candelabrum.fbx,Modular Dungeon Pack - Jan 2018-20260825T020759Z-1-001/Modular Dungeon Pack - Jan 2018/FBX/Candelabrum.fbx,Modular Dungeon Pack - Jan 2018-20260825T020759Z-1-001,,
,32748,architecture,.fbx,,,,,Candelabrum_tall.fbx,Modular Dungeon Pack - Jan 2018-20260825T020759Z-1-001/Modular Dungeon Pack - Jan 2018/FBX/Candelabrum_tall.fbx,Modular Dungeon Pack - Jan 2018-20260825T020759Z-1-001,,
,21068,architecture,.fbx,,,,,Candle.fbx,Modular Dungeon Pack - Jan 2018-20260825T020759Z-1-001/Modular Dungeon Pack - Jan 2018/FBX/Candle.fbx,Modular Dungeon Pack - Jan 2018-20260825T020759Z-1-001,,
,17820,architecture,.fbx,,,,,Carpet.fbx,Modular Dungeon Pack - Jan 2018-20260825T020759Z-1-001/Modular Dungeon Pack - Jan 2018/FBX/Carpet.fbx,Modular Dungeon Pack - Jan 2018-20260825T020759Z-1-001,,
,23884,architecture,.fbx,,,,,Chest.fbx,Modular Dungeon Pack - Jan 2018-20260825T020759Z-1-001/Modular Dungeon Pack - Jan 2018/FBX/Chest.fbx,Modular Dungeon Pack - Jan 2018-20260825T020759Z-1-001,,
,27116,architecture,.fbx,,,,,Chest_gold.fbx,Modular Dungeon Pack - Jan 2018-20260825T020759Z-1-001/Modular Dungeon Pack - Jan 2018/FBX/Chest_gold.fbx,Modular Dungeon Pack - Jan 2018-20260825T020759Z-1-001,,
,18588,architecture,.fbx,,,,,Column.fbx,Modular Dungeon Pack - Jan 2018-20260825T020759Z-1-001/Modular Dungeon Pack - Jan 2018/FBX/Column.fbx,Modular Dungeon Pack - Jan 2018-20260825T020759Z-1-001,,
,17068,architecture,.fbx,,,,,Column_Broken.fbx,Modular Dungeon Pack - Jan 2018-20260825T020759Z-1-001/Modular Dungeon Pack - Jan 2018/FBX/Column_Broken.fbx,Modular Dungeon Pack - Jan 2018-20260825T020759Z-1-001,,
,16796,architecture,.fbx,,,,,Column_Broken2.fbx,Modular Dungeon Pack - Jan 2018-20260825T020759Z-1-001/Modular Dungeon Pack - Jan 2018/FBX/Column_Broken2.fbx,Modular Dungeon Pack - Jan 2018-20260825T020759Z-1-001,,
,15900,architecture,.fbx,,,,,Entrance.fbx,Modular Dungeon Pack - Jan 2018-20260825T020759Z-1-001/Modular Dungeon Pack - Jan 2018/FBX/Entrance.fbx,Modular Dungeon Pack - Jan 2018-20260825T020759Z-1-001,,
,20716,architecture,.fbx,,,,,Entrance2.fbx,Modular Dungeon Pack - Jan 2018-20260825T020759Z-1-001/Modular Dungeon Pack - Jan 2018/FBX/Entrance2.fbx,Modular Dungeon Pack - Jan 2018-20260825T020759Z-1-001,,
,16652,architecture,.fbx,,,,,ModularColumn_bottom.fbx,Modular Dungeon Pack - Jan 2018-20260825T020759Z-1-001/Modular Dungeon Pack - Jan 2018/FBX/ModularColumn_bottom.fbx,Modular Dungeon Pack - Jan 2018-20260825T020759Z-1-001,,
,16844,architecture,.fbx,,,,,ModularColumn_middle.fbx,Modular Dungeon Pack - Jan 2018-20260825T020759Z-1-001/Modular Dungeon Pack - Jan 2018/FBX/ModularColumn_middle.fbx,Modular Dungeon Pack - Jan 2018-20260825T020759Z-1-001,,
,16796,architecture,.fbx,,,,,ModularColumn_top.fbx,Modular Dungeon Pack - Jan 2018-20260825T020759Z-1-001/Modular Dungeon Pack - Jan 2018/FBX/ModularColumn_top.fbx,Modular Dungeon Pack - Jan 2018-20260825T020759Z-1-001,,
,22284,architecture,.fbx,,,,,ModularFloor.fbx,Modular Dungeon Pack - Jan 2018-20260825T020759Z-1-001/Modular Dungeon Pack - Jan 2018/FBX/ModularFloor.fbx,Modular Dungeon Pack - Jan 2018-20260825T020759Z-1-001,,
,22396,architecture,.fbx,,,,,ModularStoneWall.fbx,Modular Dungeon Pack - Jan 2018-20260825T020759Z-1-001/Modular Dungeon Pack - Jan 2018/FBX/ModularStoneWall.fbx,Modular Dungeon Pack - Jan 2018-20260825T020759Z-1-001,,
,19468,architecture,.fbx,,,,,ModularStoneWall_EntranceTop.fbx,Modular Dungeon Pack - Jan 2018-20260825T020759Z-1-001/Modular Dungeon Pack - Jan 2018/FBX/ModularStoneWall_EntranceTop.fbx,Modular Dungeon Pack - Jan 2018-20260825T020759Z-1-001,,
,23100,architecture,.fbx,,,,,ModularStoneWall_top.fbx,Modular Dungeon Pack - Jan 2018-20260825T020759Z-1-001/Modular Dungeon Pack - Jan 2018/FBX/ModularStoneWall_top.fbx,Modular Dungeon Pack - Jan 2018-20260825T020759Z-1-001,,
,22588,architecture,.fbx,,,,,Potion.fbx,Modular Dungeon Pack - Jan 2018-20260825T020759Z-1-001/Modular Dungeon Pack - Jan 2018/FBX/Potion.fbx,Modular Dungeon Pack - Jan 2018-20260825T020759Z-1-001,,
,19868,architecture,.fbx,,,,,Potion2.fbx,Modular Dungeon Pack - Jan 2018-20260825T020759Z-1-001/Modular Dungeon Pack - Jan 2018/FBX/Potion2.fbx,Modular Dungeon Pack - Jan 2018-20260825T020759Z-1-001,,
,23340,architecture,.fbx,,,,,Potion3.fbx,Modular Dungeon Pack - Jan 2018-20260825T020759Z-1-001/Modular Dungeon Pack - Jan 2018/FBX/Potion3.fbx,Modular Dungeon Pack - Jan 2018-20260825T020759Z-1-001,,
,18668,architecture,.fbx,,,,,Potion4.fbx,Modular Dungeon Pack - Jan 2018-20260825T020759Z-1-001/Modular Dungeon Pack - Jan 2018/FBX/Potion4.fbx,Modular Dungeon Pack - Jan 2018-20260825T020759Z-1-001,,
,18204,architecture,.fbx,,,,,Potion5.fbx,Modular Dungeon Pack - Jan 2018-20260825T020759Z-1-001/Modular Dungeon Pack - Jan 2018/FBX/Potion5.fbx,Modular Dungeon Pack - Jan 2018-20260825T020759Z-1-001,,
,20220,architecture,.fbx,,,,,Potion6.fbx,Modular Dungeon Pack - Jan 2018-20260825T020759Z-1-001/Modular Dungeon Pack - Jan 2018/FBX/Potion6.fbx,Modular Dungeon Pack - Jan 2018-20260825T020759Z-1-001,,
,15212,terrain,.fbx,,,,,Rock1.fbx,Modular Dungeon Pack - Jan 2018-20260825T020759Z-1-001/Modular Dungeon Pack - Jan 2018/FBX/Rock1.fbx,Modular Dungeon Pack - Jan 2018-20260825T020759Z-1-001,,
,15100,terrain,.fbx,,,,,Rock2.fbx,Modular Dungeon Pack - Jan 2018-20260825T020759Z-1-001/Modular Dungeon Pack - Jan 2018/FBX/Rock2.fbx,Modular Dungeon Pack - Jan 2018-20260825T020759Z-1-001,,
,15228,terrain,.fbx,,,,,Rock3.fbx,Modular Dungeon Pack - Jan 2018-20260825T020759Z-1-001/Modular Dungeon Pack - Jan 2018/FBX/Rock3.fbx,Modular Dungeon Pack - Jan 2018-20260825T020759Z-1-001,,
,15084,terrain,.fbx,,,,,Rock4.fbx,Modular Dungeon Pack - Jan 2018-20260825T020759Z-1-001/Modular Dungeon Pack - Jan 2018/FBX/Rock4.fbx,Modular Dungeon Pack - Jan 2018-20260825T020759Z-1-001,,
,14684,terrain,.fbx,,,,,Rock5.fbx,Modular Dungeon Pack - Jan 2018-20260825T020759Z-1-001/Modular Dungeon Pack - Jan 2018/FBX/Rock5.fbx,Modular Dungeon Pack - Jan 2018-20260825T020759Z-1-001,,
,16444,architecture,.fbx,,,,,Stairs.fbx,Modular Dungeon Pack - Jan 2018-20260825T020759Z-1-001/Modular Dungeon Pack - Jan 2018/FBX/Stairs.fbx,Modular Dungeon Pack - Jan 2018-20260825T020759Z-1-001,,
,27596,architecture,.fbx,,,,,Torch.fbx,Modular Dungeon Pack - Jan 2018-20260825T020759Z-1-001/Modular Dungeon Pack - Jan 2018/FBX/Torch.fbx,Modular Dungeon Pack - Jan 2018-20260825T020759Z-1-001,,
,28156,architecture,.fbx,,,,,Torch_wall.fbx,Modular Dungeon Pack - Jan 2018-20260825T020759Z-1-001/Modular Dungeon Pack - Jan 2018/FBX/Torch_wall.fbx,Modular Dungeon Pack - Jan 2018-20260825T020759Z-1-001,,
,21404,architecture,.fbx,,,,,WallRocks.fbx,Modular Dungeon Pack - Jan 2018-20260825T020759Z-1-001/Modular Dungeon Pack - Jan 2018/FBX/WallRocks.fbx,Modular Dungeon Pack - Jan 2018-20260825T020759Z-1-001,,
,20348,architecture,.fbx,,,,,Window.fbx,Modular Dungeon Pack - Jan 2018-20260825T020759Z-1-001/Modular Dungeon Pack - Jan 2018/FBX/Window.fbx,Modular Dungeon Pack - Jan 2018-20260825T020759Z-1-001,,
,410,architecture,.mtl,,,,,Barrel.mtl,Modular Dungeon Pack - Jan 2018-20260825T020759Z-1-001/Modular Dungeon Pack - Jan 2018/OBJ/Barrel.mtl,Modular Dungeon Pack - Jan 2018-20260825T020759Z-1-001,,
,22000,architecture,.obj,,,,,Barrel.obj,Modular Dungeon Pack - Jan 2018-20260825T020759Z-1-001/Modular Dungeon Pack - Jan 2018/OBJ/Barrel.obj,Modular Dungeon Pack - Jan 2018-20260825T020759Z-1-001,,
,231,architecture,.mtl,,,,,Bars.mtl,Modular Dungeon Pack - Jan 2018-20260825T020759Z-1-001/Modular Dungeon Pack - Jan 2018/OBJ/Bars.mtl,Modular Dungeon Pack - Jan 2018-20260825T020759Z-1-001,,
,14722,architecture,.obj,,,,,Bars.obj,Modular Dungeon Pack - Jan 2018-20260825T020759Z-1-001/Modular Dungeon Pack - Jan 2018/OBJ/Bars.obj,Modular Dungeon Pack - Jan 2018-20260825T020759Z-1-001,,
,232,architecture,.mtl,,,,,Bones.mtl,Modular Dungeon Pack - Jan 2018-20260825T020759Z-1-001/Modular Dungeon Pack - Jan 2018/OBJ/Bones.mtl,Modular Dungeon Pack - Jan 2018-20260825T020759Z-1-001,,
,39023,architecture,.obj,,,,,Bones.obj,Modular Dungeon Pack - Jan 2018-20260825T020759Z-1-001/Modular Dungeon Pack - Jan 2018/OBJ/Bones.obj,Modular Dungeon Pack - Jan 2018-20260825T020759Z-1-001,,
,233,architecture,.mtl,,,,,Bones2.mtl,Modular Dungeon Pack - Jan 2018-20260825T020759Z-1-001/Modular Dungeon Pack - Jan 2018/OBJ/Bones2.mtl,Modular Dungeon Pack - Jan 2018-20260825T020759Z-1-001,,
,27816,architecture,.obj,,,,,Bones2.obj,Modular Dungeon Pack - Jan 2018-20260825T020759Z-1-001/Modular Dungeon Pack - Jan 2018/OBJ/Bones2.obj,Modular Dungeon Pack - Jan 2018-20260825T020759Z-1-001,,
,598,architecture,.mtl,,,,,Book2.mtl,Modular Dungeon Pack - Jan 2018-20260825T020759Z-1-001/Modular Dungeon Pack - Jan 2018/OBJ/Book2.mtl,Modular Dungeon Pack - Jan 2018-20260825T020759Z-1-001,,
,28347,architecture,.obj,,,,,Book2.obj,Modular Dungeon Pack - Jan 2018-20260825T020759Z-1-001/Modular Dungeon Pack - Jan 2018/OBJ/Book2.obj,Modular Dungeon Pack - Jan 2018-20260825T020759Z-1-001,,
,586,architecture,.mtl,,,,,Book3.mtl,Modular Dungeon Pack - Jan 2018-20260825T020759Z-1-001/Modular Dungeon Pack - Jan 2018/OBJ/Book3.mtl,Modular Dungeon Pack - Jan 2018-20260825T020759Z-1-001,,
,28508,architecture,.obj,,,,,Book3.obj,Modular Dungeon Pack - Jan 2018-20260825T020759Z-1-001/Modular Dungeon Pack - Jan 2018/OBJ/Book3.obj,Modular Dungeon Pack - Jan 2018-20260825T020759Z-1-001,,
,590,architecture,.mtl,,,,,Book_Open.mtl,Modular Dungeon Pack - Jan 2018-20260825T020759Z-1-001/Modular Dungeon Pack - Jan 2018/OBJ/Book_Open.mtl,Modular Dungeon Pack - Jan 2018-20260825T020759Z-1-001,,
,27849,architecture,.obj,,,,,Book_Open.obj,Modular Dungeon Pack - Jan 2018-20260825T020759Z-1-001/Modular Dungeon Pack - Jan 2018/OBJ/Book_Open.obj,Modular Dungeon Pack - Jan 2018-20260825T020759Z-1-001,,
,594,architecture,.mtl,,,,,Candelabrum.mtl,Modular Dungeon Pack - Jan 2018-20260825T020759Z-1-001/Modular Dungeon Pack - Jan 2018/OBJ/Candelabrum.mtl,Modular Dungeon Pack - Jan 2018-20260825T020759Z-1-001,,
,28005,architecture,.obj,,,,,Candelabrum.obj,Modular Dungeon Pack - Jan 2018-20260825T020759Z-1-001/Modular Dungeon Pack - Jan 2018/OBJ/Candelabrum.obj,Modular Dungeon Pack - Jan 2018-20260825T020759Z-1-001,,
,599,architecture,.mtl,,,,,Candelabrum_tall.mtl,Modular Dungeon Pack - Jan 2018-20260825T020759Z-1-001/Modular Dungeon Pack - Jan 2018/OBJ/Candelabrum_tall.mtl,Modular Dungeon Pack - Jan 2018-20260825T020759Z-1-001,,
,44450,architecture,.obj,,,,,Candelabrum_tall.obj,Modular Dungeon Pack - Jan 2018-20260825T020759Z-1-001/Modular Dungeon Pack - Jan 2018/OBJ/Candelabrum_tall.obj,Modular Dungeon Pack - Jan 2018-20260825T020759Z-1-001,,
,597,architecture,.mtl,,,,,Candle.mtl,Modular Dungeon Pack - Jan 2018-20260825T020759Z-1-001/Modular Dungeon Pack - Jan 2018/OBJ/Candle.mtl,Modular Dungeon Pack - Jan 2018-20260825T020759Z-1-001,,
,12135,architecture,.obj,,,,,Candle.obj,Modular Dungeon Pack - Jan 2018-20260825T020759Z-1-001/Modular Dungeon Pack - Jan 2018/OBJ/Candle.obj,Modular Dungeon Pack - Jan 2018-20260825T020759Z-1-001,,
,408,architecture,.mtl,,,,,Carpet.mtl,Modular Dungeon Pack - Jan 2018-20260825T020759Z-1-001/Modular Dungeon Pack - Jan 2018/OBJ/Carpet.mtl,Modular Dungeon Pack - Jan 2018-20260825T020759Z-1-001,,
,6024,architecture,.obj,,,,,Carpet.obj,Modular Dungeon Pack - Jan 2018-20260825T020759Z-1-001/Modular Dungeon Pack - Jan 2018/OBJ/Carpet.obj,Modular Dungeon Pack - Jan 2018-20260825T020759Z-1-001,,
,591,architecture,.mtl,,,,,Chest.mtl,Modular Dungeon Pack - Jan 2018-20260825T020759Z-1-001/Modular Dungeon Pack - Jan 2018/OBJ/Chest.mtl,Modular Dungeon Pack - Jan 2018-20260825T020759Z-1-001,,
,13394,architecture,.obj,,,,,Chest.obj,Modular Dungeon Pack - Jan 2018-20260825T020759Z-1-001/Modular Dungeon Pack - Jan 2018/OBJ/Chest.obj,Modular Dungeon Pack - Jan 2018-20260825T020759Z-1-001,,
,773,architecture,.mtl,,,,,Chest_gold.mtl,Modular Dungeon Pack - Jan 2018-20260825T020759Z-1-001/Modular Dungeon Pack - Jan 2018/OBJ/Chest_gold.mtl,Modular Dungeon Pack - Jan 2018-20260825T020759Z-1-001,,
,19001,architecture,.obj,,,,,Chest_gold.obj,Modular Dungeon Pack - Jan 2018-20260825T020759Z-1-001/Modular Dungeon Pack - Jan 2018/OBJ/Chest_gold.obj,Modular Dungeon Pack - Jan 2018-20260825T020759Z-1-001,,
,232,architecture,.mtl,,,,,Column.mtl,Modular Dungeon Pack - Jan 2018-20260825T020759Z-1-001/Modular Dungeon Pack - Jan 2018/OBJ/Column.mtl,Modular Dungeon Pack - Jan 2018-20260825T020759Z-1-001,,
,11707,architecture,.obj,,,,,Column.obj,Modular Dungeon Pack - Jan 2018-20260825T020759Z-1-001/Modular Dungeon Pack - Jan 2018/OBJ/Column.obj,Modular Dungeon Pack - Jan 2018-20260825T020759Z-1-001,,
,239,architecture,.mtl,,,,,Column_Broken.mtl,Modular Dungeon Pack - Jan 2018-20260825T020759Z-1-001/Modular Dungeon Pack - Jan 2018/OBJ/Column_Broken.mtl,Modular Dungeon Pack - Jan 2018-20260825T020759Z-1-001,,
,5211,architecture,.obj,,,,,Column_Broken.obj,Modular Dungeon Pack - Jan 2018-20260825T020759Z-1-001/Modular Dungeon Pack - Jan 2018/OBJ/Column_Broken.obj,Modular Dungeon Pack - Jan 2018-20260825T020759Z-1-001,,
,240,architecture,.mtl,,,,,Column_Broken2.mtl,Modular Dungeon Pack - Jan 2018-20260825T020759Z-1-001/Modular Dungeon Pack - Jan 2018/OBJ/Column_Broken2.mtl,Modular Dungeon Pack - Jan 2018-20260825T020759Z-1-001,,
,6297,architecture,.obj,,,,,Column_Broken2.obj,Modular Dungeon Pack - Jan 2018-20260825T020759Z-1-001/Modular Dungeon Pack - Jan 2018/OBJ/Column_Broken2.obj,Modular Dungeon Pack - Jan 2018-20260825T020759Z-1-001,,
,234,architecture,.mtl,,,,,Entrance.mtl,Modular Dungeon Pack - Jan 2018-20260825T020759Z-1-001/Modular Dungeon Pack - Jan 2018/OBJ/Entrance.mtl,Modular Dungeon Pack - Jan 2018-20260825T020759Z-1-001,,
,4236,architecture,.obj,,,,,Entrance.obj,Modular Dungeon Pack - Jan 2018-20260825T020759Z-1-001/Modular Dungeon Pack - Jan 2018/OBJ/Entrance.obj,Modular Dungeon Pack - Jan 2018-20260825T020759Z-1-001,,
,235,architecture,.mtl,,,,,Entrance2.mtl,Modular Dungeon Pack - Jan 2018-20260825T020759Z-1-001/Modular Dungeon Pack - Jan 2018/OBJ/Entrance2.mtl,Modular Dungeon Pack - Jan 2018-20260825T020759Z-1-001,,
,18469,architecture,.obj,,,,,Entrance2.obj,Modular Dungeon Pack - Jan 2018-20260825T020759Z-1-001/Modular Dungeon Pack - Jan 2018/OBJ/Entrance2.obj,Modular Dungeon Pack - Jan 2018-20260825T020759Z-1-001,,
,428,architecture,.mtl,,,,,ModularColumn_bottom.mtl,Modular Dungeon Pack - Jan 2018-20260825T020759Z-1-001/Modular Dungeon Pack - Jan 2018/OBJ/ModularColumn_bottom.mtl,Modular Dungeon Pack - Jan 2018-20260825T020759Z-1-001,,
,3775,architecture,.obj,,,,,ModularColumn_bottom.obj,Modular Dungeon Pack - Jan 2018-20260825T020759Z-1-001/Modular Dungeon Pack - Jan 2018/OBJ/ModularColumn_bottom.obj,Modular Dungeon Pack - Jan 2018-20260825T020759Z-1-001,,
,428,architecture,.mtl,,,,,ModularColumn_middle.mtl,Modular Dungeon Pack - Jan 2018-20260825T020759Z-1-001/Modular Dungeon Pack - Jan 2018/OBJ/ModularColumn_middle.mtl,Modular Dungeon Pack - Jan 2018-20260825T020759Z-1-001,,
,4414,architecture,.obj,,,,,ModularColumn_middle.obj,Modular Dungeon Pack - Jan 2018-20260825T020759Z-1-001/Modular Dungeon Pack - Jan 2018/OBJ/ModularColumn_middle.obj,Modular Dungeon Pack - Jan 2018-20260825T020759Z-1-001,,
,425,architecture,.mtl,,,,,ModularColumn_top.mtl,Modular Dungeon Pack - Jan 2018-20260825T020759Z-1-001/Modular Dungeon Pack - Jan 2018/OBJ/ModularColumn_top.mtl,Modular Dungeon Pack - Jan 2018-20260825T020759Z-1-001,,
,3805,architecture,.obj,,,,,ModularColumn_top.obj,Modular Dungeon Pack - Jan 2018-20260825T020759Z-1-001/Modular Dungeon Pack - Jan 2018/OBJ/ModularColumn_top.obj,Modular Dungeon Pack - Jan 2018-20260825T020759Z-1-001,,
,420,architecture,.mtl,,,,,ModularFloor.mtl,Modular Dungeon Pack - Jan 2018-20260825T020759Z-1-001/Modular Dungeon Pack - Jan 2018/OBJ/ModularFloor.mtl,Modular Dungeon Pack - Jan 2018-20260825T020759Z-1-001,,
,14698,architecture,.obj,,,,,ModularFloor.obj,Modular Dungeon Pack - Jan 2018-20260825T020759Z-1-001/Modular Dungeon Pack - Jan 2018/OBJ/ModularFloor.obj,Modular Dungeon Pack - Jan 2018-20260825T020759Z-1-001,,
,424,architecture,.mtl,,,,,ModularStoneWall.mtl,Modular Dungeon Pack - Jan 2018-20260825T020759Z-1-001/Modular Dungeon Pack - Jan 2018/OBJ/ModularStoneWall.mtl,Modular Dungeon Pack - Jan 2018-20260825T020759Z-1-001,,
,21601,architecture,.obj,,,,,ModularStoneWall.obj,Modular Dungeon Pack - Jan 2018-20260825T020759Z-1-001/Modular Dungeon Pack - Jan 2018/OBJ/ModularStoneWall.obj,Modular Dungeon Pack - Jan 2018-20260825T020759Z-1-001,,
,428,architecture,.mtl,,,,,ModularStoneWall_top.mtl,Modular Dungeon Pack - Jan 2018-20260825T020759Z-1-001/Modular Dungeon Pack - Jan 2018/OBJ/ModularStoneWall_top.mtl,Modular Dungeon Pack - Jan 2018-20260825T020759Z-1-001,,
,23557,architecture,.obj,,,,,ModularStoneWall_top.obj,Modular Dungeon Pack - Jan 2018-20260825T020759Z-1-001/Modular Dungeon Pack - Jan 2018/OBJ/ModularStoneWall_top.obj,Modular Dungeon Pack - Jan 2018-20260825T020759Z-1-001,,
,586,architecture,.mtl,,,,,Potion.mtl,Modular Dungeon Pack - Jan 2018-20260825T020759Z-1-001/Modular Dungeon Pack - Jan 2018/OBJ/Potion.mtl,Modular Dungeon Pack - Jan 2018-20260825T020759Z-1-001,,
,15587,architecture,.obj,,,,,Potion.obj,Modular Dungeon Pack - Jan 2018-20260825T020759Z-1-001/Modular Dungeon Pack - Jan 2018/OBJ/Potion.obj,Modular Dungeon Pack - Jan 2018-20260825T020759Z-1-001,,
,590,architecture,.mtl,,,,,Potion2.mtl,Modular Dungeon Pack - Jan 2018-20260825T020759Z-1-001/Modular Dungeon Pack - Jan 2018/OBJ/Potion2.mtl,Modular Dungeon Pack - Jan 2018-20260825T020759Z-1-001,,
,12989,architecture,.obj,,,,,Potion2.obj,Modular Dungeon Pack - Jan 2018-20260825T020759Z-1-001/Modular Dungeon Pack - Jan 2018/OBJ/Potion2.obj,Modular Dungeon Pack - Jan 2018-20260825T020759Z-1-001,,
,409,architecture,.mtl,,,,,Potion3.mtl,Modular Dungeon Pack - Jan 2018-20260825T020759Z-1-001/Modular Dungeon Pack - Jan 2018/OBJ/Potion3.mtl,Modular Dungeon Pack - Jan 2018-20260825T020759Z-1-001,,
,20626,architecture,.obj,,,,,Potion3.obj,Modular Dungeon Pack - Jan 2018-20260825T020759Z-1-001/Modular Dungeon Pack - Jan 2018/OBJ/Potion3.obj,Modular Dungeon Pack - Jan 2018-20260825T020759Z-1-001,,
,590,architecture,.mtl,,,,,Potion4.mtl,Modular Dungeon Pack - Jan 2018-20260825T020759Z-1-001/Modular Dungeon Pack - Jan 2018/OBJ/Potion4.mtl,Modular Dungeon Pack - Jan 2018-20260825T020759Z-1-001,,
,8041,architecture,.obj,,,,,Potion4.obj,Modular Dungeon Pack - Jan 2018-20260825T020759Z-1-001/Modular Dungeon Pack - Jan 2018/OBJ/Potion4.obj,Modular Dungeon Pack - Jan 2018-20260825T020759Z-1-001,,
,590,architecture,.mtl,,,,,Potion5.mtl,Modular Dungeon Pack - Jan 2018-20260825T020759Z-1-001/Modular Dungeon Pack - Jan 2018/OBJ/Potion5.mtl,Modular Dungeon Pack - Jan 2018-20260825T020759Z-1-001,,
,6025,architecture,.obj,,,,,Potion5.obj,Modular Dungeon Pack - Jan 2018-20260825T020759Z-1-001/Modular Dungeon Pack - Jan 2018/OBJ/Potion5.obj,Modular Dungeon Pack - Jan 2018-20260825T020759Z-1-001,,
,412,architecture,.mtl,,,,,Potion6.mtl,Modular Dungeon Pack - Jan 2018-20260825T020759Z-1-001/Modular Dungeon Pack - Jan 2018/OBJ/Potion6.mtl,Modular Dungeon Pack - Jan 2018-20260825T020759Z-1-001,,
,12223,architecture,.obj,,,,,Potion6.obj,Modular Dungeon Pack - Jan 2018-20260825T020759Z-1-001/Modular Dungeon Pack - Jan 2018/OBJ/Potion6.obj,Modular Dungeon Pack - Jan 2018-20260825T020759Z-1-001,,
,231,terrain,.mtl,,,,,Rock1.mtl,Modular Dungeon Pack - Jan 2018-20260825T020759Z-1-001/Modular Dungeon Pack - Jan 2018/OBJ/Rock1.mtl,Modular Dungeon Pack - Jan 2018-20260825T020759Z-1-001,,
,1850,terrain,.obj,,,,,Rock1.obj,Modular Dungeon Pack - Jan 2018-20260825T020759Z-1-001/Modular Dungeon Pack - Jan 2018/OBJ/Rock1.obj,Modular Dungeon Pack - Jan 2018-20260825T020759Z-1-001,,
,235,terrain,.mtl,,,,,Rock2.mtl,Modular Dungeon Pack - Jan 2018-20260825T020759Z-1-001/Modular Dungeon Pack - Jan 2018/OBJ/Rock2.mtl,Modular Dungeon Pack - Jan 2018-20260825T020759Z-1-001,,
,1504,terrain,.obj,,,,,Rock2.obj,Modular Dungeon Pack - Jan 2018-20260825T020759Z-1-001/Modular Dungeon Pack - Jan 2018/OBJ/Rock2.obj,Modular Dungeon Pack - Jan 2018-20260825T020759Z-1-001,,
,235,terrain,.mtl,,,,,Rock3.mtl,Modular Dungeon Pack - Jan 2018-20260825T020759Z-1-001/Modular Dungeon Pack - Jan 2018/OBJ/Rock3.mtl,Modular Dungeon Pack - Jan 2018-20260825T020759Z-1-001,,
,1881,terrain,.obj,,,,,Rock3.obj,Modular Dungeon Pack - Jan 2018-20260825T020759Z-1-001/Modular Dungeon Pack - Jan 2018/OBJ/Rock3.obj,Modular Dungeon Pack - Jan 2018-20260825T020759Z-1-001,,
,235,terrain,.mtl,,,,,Rock4.mtl,Modular Dungeon Pack - Jan 2018-20260825T020759Z-1-001/Modular Dungeon Pack - Jan 2018/OBJ/Rock4.mtl,Modular Dungeon Pack - Jan 2018-20260825T020759Z-1-001,,
,1510,terrain,.obj,,,,,Rock4.obj,Modular Dungeon Pack - Jan 2018-20260825T020759Z-1-001/Modular Dungeon Pack - Jan 2018/OBJ/Rock4.obj,Modular Dungeon Pack - Jan 2018-20260825T020759Z-1-001,,
,235,terrain,.mtl,,,,,Rock5.mtl,Modular Dungeon Pack - Jan 2018-20260825T020759Z-1-001/Modular Dungeon Pack - Jan 2018/OBJ/Rock5.mtl,Modular Dungeon Pack - Jan 2018-20260825T020759Z-1-001,,
,698,terrain,.obj,,,,,Rock5.obj,Modular Dungeon Pack - Jan 2018-20260825T020759Z-1-001/Modular Dungeon Pack - Jan 2018/OBJ/Rock5.obj,Modular Dungeon Pack - Jan 2018-20260825T020759Z-1-001,,
,232,architecture,.mtl,,,,,Stairs.mtl,Modular Dungeon Pack - Jan 2018-20260825T020759Z-1-001/Modular Dungeon Pack - Jan 2018/OBJ/Stairs.mtl,Modular Dungeon Pack - Jan 2018-20260825T020759Z-1-001,,
,5784,architecture,.obj,,,,,Stairs.obj,Modular Dungeon Pack - Jan 2018-20260825T020759Z-1-001/Modular Dungeon Pack - Jan 2018/OBJ/Stairs.obj,Modular Dungeon Pack - Jan 2018-20260825T020759Z-1-001,,
,590,architecture,.mtl,,,,,Torch.mtl,Modular Dungeon Pack - Jan 2018-20260825T020759Z-1-001/Modular Dungeon Pack - Jan 2018/OBJ/Torch.mtl,Modular Dungeon Pack - Jan 2018-20260825T020759Z-1-001,,
,25582,architecture,.obj,,,,,Torch.obj,Modular Dungeon Pack - Jan 2018-20260825T020759Z-1-001/Modular Dungeon Pack - Jan 2018/OBJ/Torch.obj,Modular Dungeon Pack - Jan 2018-20260825T020759Z-1-001,,
,595,architecture,.mtl,,,,,Torch_wall.mtl,Modular Dungeon Pack - Jan 2018-20260825T020759Z-1-001/Modular Dungeon Pack - Jan 2018/OBJ/Torch_wall.mtl,Modular Dungeon Pack - Jan 2018-20260825T020759Z-1-001,,
,27019,architecture,.obj,,,,,Torch_wall.obj,Modular Dungeon Pack - Jan 2018-20260825T020759Z-1-001/Modular Dungeon Pack - Jan 2018/OBJ/Torch_wall.obj,Modular Dungeon Pack - Jan 2018-20260825T020759Z-1-001,,
,240,architecture,.mtl,,,,,WallRocks.mtl,Modular Dungeon Pack - Jan 2018-20260825T020759Z-1-001/Modular Dungeon Pack - Jan 2018/OBJ/WallRocks.mtl,Modular Dungeon Pack - Jan 2018-20260825T020759Z-1-001,,
,20805,architecture,.obj,,,,,WallRocks.obj,Modular Dungeon Pack - Jan 2018-20260825T020759Z-1-001/Modular Dungeon Pack - Jan 2018/OBJ/WallRocks.obj,Modular Dungeon Pack - Jan 2018-20260825T020759Z-1-001,,
,592,architecture,.mtl,,,,,Window.mtl,Modular Dungeon Pack - Jan 2018-20260825T020759Z-1-001/Modular Dungeon Pack - Jan 2018/OBJ/Window.mtl,Modular Dungeon Pack - Jan 2018-20260825T020759Z-1-001,,
,10931,architecture,.obj,,,,,Window.obj,Modular Dungeon Pack - Jan 2018-20260825T020759Z-1-001/Modular Dungeon Pack - Jan 2018/OBJ/Window.obj,Modular Dungeon Pack - Jan 2018-20260825T020759Z-1-001,,
False,8309190,architecture,.png,1,True,1080,RGBA,Preview.png,Modular Dungeon Pack - Jan 2018-20260825T020759Z-1-001/Modular Dungeon Pack - Jan 2018/Preview.png,Modular Dungeon Pack - Jan 2018-20260825T020759Z-1-001,False,1920
False,728763,architecture,.png,1,True,1080,RGBA,Preview2.png,Modular Dungeon Pack - Jan 2018-20260825T020759Z-1-001/Modular Dungeon Pack - Jan 2018/Preview2.png,Modular Dungeon Pack - Jan 2018-20260825T020759Z-1-001,False,1920
,459752,architecture,.blend,,,,,Banner.blend,Modular Medieval Buildings - Jul 2017-20260825T020822Z-1-001/Modular Medieval Buildings - Jul 2017/Blends/Banner.blend,Modular Medieval Buildings - Jul 2017-20260825T020822Z-1-001,,
,483800,water,.blend,,,,,Bridge.blend,Modular Medieval Buildings - Jul 2017-20260825T020822Z-1-001/Modular Medieval Buildings - Jul 2017/Blends/Bridge.blend,Modular Medieval Buildings - Jul 2017-20260825T020822Z-1-001,,
,446300,architecture,.blend,,,,,Door.blend,Modular Medieval Buildings - Jul 2017-20260825T020822Z-1-001/Modular Medieval Buildings - Jul 2017/Blends/Door.blend,Modular Medieval Buildings - Jul 2017-20260825T020822Z-1-001,,
,466748,architecture,.blend,,,,,Dummy.blend,Modular Medieval Buildings - Jul 2017-20260825T020822Z-1-001/Modular Medieval Buildings - Jul 2017/Blends/Dummy.blend,Modular Medieval Buildings - Jul 2017-20260825T020822Z-1-001,,
,501284,architecture,.blend,,,,,LargeSimpleTower.blend,Modular Medieval Buildings - Jul 2017-20260825T020822Z-1-001/Modular Medieval Buildings - Jul 2017/Blends/LargeSimpleTower.blend,Modular Medieval Buildings - Jul 2017-20260825T020822Z-1-001,,
,485904,architecture,.blend,,,,,LargeSquareTower.blend,Modular Medieval Buildings - Jul 2017-20260825T020822Z-1-001/Modular Medieval Buildings - Jul 2017/Blends/LargeSquareTower.blend,Modular Medieval Buildings - Jul 2017-20260825T020822Z-1-001,,
,509908,architecture,.blend,,,,,LargeSquareTowerBricks.blend,Modular Medieval Buildings - Jul 2017-20260825T020822Z-1-001/Modular Medieval Buildings - Jul 2017/Blends/LargeSquareTowerBricks.blend,Modular Medieval Buildings - Jul 2017-20260825T020822Z-1-001,,
,483340,architecture,.blend,,,,,LargeTower.blend,Modular Medieval Buildings - Jul 2017-20260825T020822Z-1-001/Modular Medieval Buildings - Jul 2017/Blends/LargeTower.blend,Modular Medieval Buildings - Jul 2017-20260825T020822Z-1-001,,
,511748,architecture,.blend,,,,,PointyTower.blend,Modular Medieval Buildings - Jul 2017-20260825T020822Z-1-001/Modular Medieval Buildings - Jul 2017/Blends/PointyTower.blend,Modular Medieval Buildings - Jul 2017-20260825T020822Z-1-001,,
,484280,architecture,.blend,,,,,Simpletower.blend,Modular Medieval Buildings - Jul 2017-20260825T020822Z-1-001/Modular Medieval Buildings - Jul 2017/Blends/Simpletower.blend,Modular Medieval Buildings - Jul 2017-20260825T020822Z-1-001,,
,498964,architecture,.blend,,,,,SimpleTowerBricks.blend,Modular Medieval Buildings - Jul 2017-20260825T020822Z-1-001/Modular Medieval Buildings - Jul 2017/Blends/SimpleTowerBricks.blend,Modular Medieval Buildings - Jul 2017-20260825T020822Z-1-001,,
,477312,architecture,.blend,,,,,SmallSquareTower.blend,Modular Medieval Buildings - Jul 2017-20260825T020822Z-1-001/Modular Medieval Buildings - Jul 2017/Blends/SmallSquareTower.blend,Modular Medieval Buildings - Jul 2017-20260825T020822Z-1-001,,
,491992,architecture,.blend,,,,,SmallSquareTowerBricks.blend,Modular Medieval Buildings - Jul 2017-20260825T020822Z-1-001/Modular Medieval Buildings - Jul 2017/Blends/SmallSquareTowerBricks.blend,Modular Medieval Buildings - Jul 2017-20260825T020822Z-1-001,,
,466784,architecture,.blend,,,,,SmallTower.blend,Modular Medieval Buildings - Jul 2017-20260825T020822Z-1-001/Modular Medieval Buildings - Jul 2017/Blends/SmallTower.blend,Modular Medieval Buildings - Jul 2017-20260825T020822Z-1-001,,
,452984,architecture,.blend,,,,,TallWall.blend,Modular Medieval Buildings - Jul 2017-20260825T020822Z-1-001/Modular Medieval Buildings - Jul 2017/Blends/TallWall.blend,Modular Medieval Buildings - Jul 2017-20260825T020822Z-1-001,,
,467760,architecture,.blend,,,,,TallWallBricks.blend,Modular Medieval Buildings - Jul 2017-20260825T020822Z-1-001/Modular Medieval Buildings - Jul 2017/Blends/TallWallBricks.blend,Modular Medieval Buildings - Jul 2017-20260825T020822Z-1-001,,
,467968,architecture,.blend,,,,,TallWallEntrance.blend,Modular Medieval Buildings - Jul 2017-20260825T020822Z-1-001/Modular Medieval Buildings - Jul 2017/Blends/TallWallEntrance.blend,Modular Medieval Buildings - Jul 2017-20260825T020822Z-1-001,,
,475016,architecture,.blend,,,,,Target.blend,Modular Medieval Buildings - Jul 2017-20260825T020822Z-1-001/Modular Medieval Buildings - Jul 2017/Blends/Target.blend,Modular Medieval Buildings - Jul 2017-20260825T020822Z-1-001,,
,457052,architecture,.blend,,,,,TargetWithArrows.blend,Modular Medieval Buildings - Jul 2017-20260825T020822Z-1-001/Modular Medieval Buildings - Jul 2017/Blends/TargetWithArrows.blend,Modular Medieval Buildings - Jul 2017-20260825T020822Z-1-001,,
,509632,architecture,.blend,,,,,Tower.blend,Modular Medieval Buildings - Jul 2017-20260825T020822Z-1-001/Modular Medieval Buildings - Jul 2017/Blends/Tower.blend,Modular Medieval Buildings - Jul 2017-20260825T020822Z-1-001,,
,459772,architecture,.blend,,,,,Tunnel.blend,Modular Medieval Buildings - Jul 2017-20260825T020822Z-1-001/Modular Medieval Buildings - Jul 2017/Blends/Tunnel.blend,Modular Medieval Buildings - Jul 2017-20260825T020822Z-1-001,,
,452800,architecture,.blend,,,,,Wall.blend,Modular Medieval Buildings - Jul 2017-20260825T020822Z-1-001/Modular Medieval Buildings - Jul 2017/Blends/Wall.blend,Modular Medieval Buildings - Jul 2017-20260825T020822Z-1-001,,
,467408,architecture,.blend,,,,,WallBricks.blend,Modular Medieval Buildings - Jul 2017-20260825T020822Z-1-001/Modular Medieval Buildings - Jul 2017/Blends/WallBricks.blend,Modular Medieval Buildings - Jul 2017-20260825T020822Z-1-001,,
,454468,architecture,.blend,,,,,WallEntrance.blend,Modular Medieval Buildings - Jul 2017-20260825T020822Z-1-001/Modular Medieval Buildings - Jul 2017/Blends/WallEntrance.blend,Modular Medieval Buildings - Jul 2017-20260825T020822Z-1-001,,
,466776,architecture,.blend,,,,,WallEntranceBricks.blend,Modular Medieval Buildings - Jul 2017-20260825T020822Z-1-001/Modular Medieval Buildings - Jul 2017/Blends/WallEntranceBricks.blend,Modular Medieval Buildings - Jul 2017-20260825T020822Z-1-001,,
,463400,architecture,.blend,,,,,Watchtower.blend,Modular Medieval Buildings - Jul 2017-20260825T020822Z-1-001/Modular Medieval Buildings - Jul 2017/Blends/Watchtower.blend,Modular Medieval Buildings - Jul 2017-20260825T020822Z-1-001,,
,476000,architecture,.blend,,,,,WatchTowerWRoof.blend,Modular Medieval Buildings - Jul 2017-20260825T020822Z-1-001/Modular Medieval Buildings - Jul 2017/Blends/WatchTowerWRoof.blend,Modular Medieval Buildings - Jul 2017-20260825T020822Z-1-001,,
,473952,architecture,.blend,,,,,Well.blend,Modular Medieval Buildings - Jul 2017-20260825T020822Z-1-001/Modular Medieval Buildings - Jul 2017/Blends/Well.blend,Modular Medieval Buildings - Jul 2017-20260825T020822Z-1-001,,
,468348,architecture,.blend,,,,,WindowGothic.blend,Modular Medieval Buildings - Jul 2017-20260825T020822Z-1-001/Modular Medieval Buildings - Jul 2017/Blends/WindowGothic.blend,Modular Medieval Buildings - Jul 2017-20260825T020822Z-1-001,,
,463484,architecture,.blend,,,,,WindowSquare.blend,Modular Medieval Buildings - Jul 2017-20260825T020822Z-1-001/Modular Medieval Buildings - Jul 2017/Blends/WindowSquare.blend,Modular Medieval Buildings - Jul 2017-20260825T020822Z-1-001,,
,14492,architecture,.fbx,,,,,Banner.fbx,Modular Medieval Buildings - Jul 2017-20260825T020822Z-1-001/Modular Medieval Buildings - Jul 2017/FBX/Banner.fbx,Modular Medieval Buildings - Jul 2017-20260825T020822Z-1-001,,
,19500,water,.fbx,,,,,Bridge.fbx,Modular Medieval Buildings - Jul 2017-20260825T020822Z-1-001/Modular Medieval Buildings - Jul 2017/FBX/Bridge.fbx,Modular Medieval Buildings - Jul 2017-20260825T020822Z-1-001,,
,22988,architecture,.fbx,,,,,Door.fbx,Modular Medieval Buildings - Jul 2017-20260825T020822Z-1-001/Modular Medieval Buildings - Jul 2017/FBX/Door.fbx,Modular Medieval Buildings - Jul 2017-20260825T020822Z-1-001,,
,15292,architecture,.fbx,,,,,Dummy.fbx,Modular Medieval Buildings - Jul 2017-20260825T020822Z-1-001/Modular Medieval Buildings - Jul 2017/FBX/Dummy.fbx,Modular Medieval Buildings - Jul 2017-20260825T020822Z-1-001,,
,19788,architecture,.fbx,,,,,LargeSimpleTower.fbx,Modular Medieval Buildings - Jul 2017-20260825T020822Z-1-001/Modular Medieval Buildings - Jul 2017/FBX/LargeSimpleTower.fbx,Modular Medieval Buildings - Jul 2017-20260825T020822Z-1-001,,
,20236,architecture,.fbx,,,,,LargeSquareTower.fbx,Modular Medieval Buildings - Jul 2017-20260825T020822Z-1-001/Modular Medieval Buildings - Jul 2017/FBX/LargeSquareTower.fbx,Modular Medieval Buildings - Jul 2017-20260825T020822Z-1-001,,
,22860,architecture,.fbx,,,,,LargeSquareTowerBricks.fbx,Modular Medieval Buildings - Jul 2017-20260825T020822Z-1-001/Modular Medieval Buildings - Jul 2017/FBX/LargeSquareTowerBricks.fbx,Modular Medieval Buildings - Jul 2017-20260825T020822Z-1-001,,
,20876,architecture,.fbx,,,,,LargeTower.fbx,Modular Medieval Buildings - Jul 2017-20260825T020822Z-1-001/Modular Medieval Buildings - Jul 2017/FBX/LargeTower.fbx,Modular Medieval Buildings - Jul 2017-20260825T020822Z-1-001,,
,23212,architecture,.fbx,,,,,PointyTower.fbx,Modular Medieval Buildings - Jul 2017-20260825T020822Z-1-001/Modular Medieval Buildings - Jul 2017/FBX/PointyTower.fbx,Modular Medieval Buildings - Jul 2017-20260825T020822Z-1-001,,
,16332,architecture,.fbx,,,,,Simpletower.fbx,Modular Medieval Buildings - Jul 2017-20260825T020822Z-1-001/Modular Medieval Buildings - Jul 2017/FBX/Simpletower.fbx,Modular Medieval Buildings - Jul 2017-20260825T020822Z-1-001,,
,17852,architecture,.fbx,,,,,SimpleTowerBricks.fbx,Modular Medieval Buildings - Jul 2017-20260825T020822Z-1-001/Modular Medieval Buildings - Jul 2017/FBX/SimpleTowerBricks.fbx,Modular Medieval Buildings - Jul 2017-20260825T020822Z-1-001,,
,18604,architecture,.fbx,,,,,SmallSquareTower.fbx,Modular Medieval Buildings - Jul 2017-20260825T020822Z-1-001/Modular Medieval Buildings - Jul 2017/FBX/SmallSquareTower.fbx,Modular Medieval Buildings - Jul 2017-20260825T020822Z-1-001,,
,20524,architecture,.fbx,,,,,SmallSquareTowerBricks.fbx,Modular Medieval Buildings - Jul 2017-20260825T020822Z-1-001/Modular Medieval Buildings - Jul 2017/FBX/SmallSquareTowerBricks.fbx,Modular Medieval Buildings - Jul 2017-20260825T020822Z-1-001,,
,18556,architecture,.fbx,,,,,SmallTower.fbx,Modular Medieval Buildings - Jul 2017-20260825T020822Z-1-001/Modular Medieval Buildings - Jul 2017/FBX/SmallTower.fbx,Modular Medieval Buildings - Jul 2017-20260825T020822Z-1-001,,
,14540,architecture,.fbx,,,,,TallWall.fbx,Modular Medieval Buildings - Jul 2017-20260825T020822Z-1-001/Modular Medieval Buildings - Jul 2017/FBX/TallWall.fbx,Modular Medieval Buildings - Jul 2017-20260825T020822Z-1-001,,
,16268,architecture,.fbx,,,,,TallWallBricks.fbx,Modular Medieval Buildings - Jul 2017-20260825T020822Z-1-001/Modular Medieval Buildings - Jul 2017/FBX/TallWallBricks.fbx,Modular Medieval Buildings - Jul 2017-20260825T020822Z-1-001,,
,16188,architecture,.fbx,,,,,TallWallEntrance.fbx,Modular Medieval Buildings - Jul 2017-20260825T020822Z-1-001/Modular Medieval Buildings - Jul 2017/FBX/TallWallEntrance.fbx,Modular Medieval Buildings - Jul 2017-20260825T020822Z-1-001,,
,16460,architecture,.fbx,,,,,Target.fbx,Modular Medieval Buildings - Jul 2017-20260825T020822Z-1-001/Modular Medieval Buildings - Jul 2017/FBX/Target.fbx,Modular Medieval Buildings - Jul 2017-20260825T020822Z-1-001,,
,19692,architecture,.fbx,,,,,TargetWithArrows.fbx,Modular Medieval Buildings - Jul 2017-20260825T020822Z-1-001/Modular Medieval Buildings - Jul 2017/FBX/TargetWithArrows.fbx,Modular Medieval Buildings - Jul 2017-20260825T020822Z-1-001,,
,23916,architecture,.fbx,,,,,Tower.fbx,Modular Medieval Buildings - Jul 2017-20260825T020822Z-1-001/Modular Medieval Buildings - Jul 2017/FBX/Tower.fbx,Modular Medieval Buildings - Jul 2017-20260825T020822Z-1-001,,
,14588,architecture,.fbx,,,,,Tunnel.fbx,Modular Medieval Buildings - Jul 2017-20260825T020822Z-1-001/Modular Medieval Buildings - Jul 2017/FBX/Tunnel.fbx,Modular Medieval Buildings - Jul 2017-20260825T020822Z-1-001,,
,14572,architecture,.fbx,,,,,Wall.fbx,Modular Medieval Buildings - Jul 2017-20260825T020822Z-1-001/Modular Medieval Buildings - Jul 2017/FBX/Wall.fbx,Modular Medieval Buildings - Jul 2017-20260825T020822Z-1-001,,
,15852,architecture,.fbx,,,,,WallBricks.fbx,Modular Medieval Buildings - Jul 2017-20260825T020822Z-1-001/Modular Medieval Buildings - Jul 2017/FBX/WallBricks.fbx,Modular Medieval Buildings - Jul 2017-20260825T020822Z-1-001,,
,15020,architecture,.fbx,,,,,WallEntrance.fbx,Modular Medieval Buildings - Jul 2017-20260825T020822Z-1-001/Modular Medieval Buildings - Jul 2017/FBX/WallEntrance.fbx,Modular Medieval Buildings - Jul 2017-20260825T020822Z-1-001,,
,16076,architecture,.fbx,,,,,WallEntranceBricks.fbx,Modular Medieval Buildings - Jul 2017-20260825T020822Z-1-001/Modular Medieval Buildings - Jul 2017/FBX/WallEntranceBricks.fbx,Modular Medieval Buildings - Jul 2017-20260825T020822Z-1-001,,
,17532,architecture,.fbx,,,,,Watchtower.fbx,Modular Medieval Buildings - Jul 2017-20260825T020822Z-1-001/Modular Medieval Buildings - Jul 2017/FBX/Watchtower.fbx,Modular Medieval Buildings - Jul 2017-20260825T020822Z-1-001,,
,18860,architecture,.fbx,,,,,WatchTowerWRoof.fbx,Modular Medieval Buildings - Jul 2017-20260825T020822Z-1-001/Modular Medieval Buildings - Jul 2017/FBX/WatchTowerWRoof.fbx,Modular Medieval Buildings - Jul 2017-20260825T020822Z-1-001,,
,15532,architecture,.fbx,,,,,Well.fbx,Modular Medieval Buildings - Jul 2017-20260825T020822Z-1-001/Modular Medieval Buildings - Jul 2017/FBX/Well.fbx,Modular Medieval Buildings - Jul 2017-20260825T020822Z-1-001,,
,14684,architecture,.fbx,,,,,WindowGothic.fbx,Modular Medieval Buildings - Jul 2017-20260825T020822Z-1-001/Modular Medieval Buildings - Jul 2017/FBX/WindowGothic.fbx,Modular Medieval Buildings - Jul 2017-20260825T020822Z-1-001,,
,14092,architecture,.fbx,,,,,WindowSquare.fbx,Modular Medieval Buildings - Jul 2017-20260825T020822Z-1-001/Modular Medieval Buildings - Jul 2017/FBX/WindowSquare.fbx,Modular Medieval Buildings - Jul 2017-20260825T020822Z-1-001,,
,416,architecture,.mtl,,,,,Banner.mtl,Modular Medieval Buildings - Jul 2017-20260825T020822Z-1-001/Modular Medieval Buildings - Jul 2017/OBJ/Banner.mtl,Modular Medieval Buildings - Jul 2017-20260825T020822Z-1-001,,
,2104,architecture,.obj,,,,,Banner.obj,Modular Medieval Buildings - Jul 2017-20260825T020822Z-1-001/Modular Medieval Buildings - Jul 2017/OBJ/Banner.obj,Modular Medieval Buildings - Jul 2017-20260825T020822Z-1-001,,
,422,water,.mtl,,,,,Bridge.mtl,Modular Medieval Buildings - Jul 2017-20260825T020822Z-1-001/Modular Medieval Buildings - Jul 2017/OBJ/Bridge.mtl,Modular Medieval Buildings - Jul 2017-20260825T020822Z-1-001,,
,17224,water,.obj,,,,,Bridge.obj,Modular Medieval Buildings - Jul 2017-20260825T020822Z-1-001/Modular Medieval Buildings - Jul 2017/OBJ/Bridge.obj,Modular Medieval Buildings - Jul 2017-20260825T020822Z-1-001,,
,416,architecture,.mtl,,,,,Door.mtl,Modular Medieval Buildings - Jul 2017-20260825T020822Z-1-001/Modular Medieval Buildings - Jul 2017/OBJ/Door.mtl,Modular Medieval Buildings - Jul 2017-20260825T020822Z-1-001,,
,12904,architecture,.obj,,,,,Door.obj,Modular Medieval Buildings - Jul 2017-20260825T020822Z-1-001/Modular Medieval Buildings - Jul 2017/OBJ/Door.obj,Modular Medieval Buildings - Jul 2017-20260825T020822Z-1-001,,
,415,architecture,.mtl,,,,,Dummy.mtl,Modular Medieval Buildings - Jul 2017-20260825T020822Z-1-001/Modular Medieval Buildings - Jul 2017/OBJ/Dummy.mtl,Modular Medieval Buildings - Jul 2017-20260825T020822Z-1-001,,
,4602,architecture,.obj,,,,,Dummy.obj,Modular Medieval Buildings - Jul 2017-20260825T020822Z-1-001/Modular Medieval Buildings - Jul 2017/OBJ/Dummy.obj,Modular Medieval Buildings - Jul 2017-20260825T020822Z-1-001,,
,785,architecture,.mtl,,,,,LargeSimpleTower.mtl,Modular Medieval Buildings - Jul 2017-20260825T020822Z-1-001/Modular Medieval Buildings - Jul 2017/OBJ/LargeSimpleTower.mtl,Modular Medieval Buildings - Jul 2017-20260825T020822Z-1-001,,
,15150,architecture,.obj,,,,,LargeSimpleTower.obj,Modular Medieval Buildings - Jul 2017-20260825T020822Z-1-001/Modular Medieval Buildings - Jul 2017/OBJ/LargeSimpleTower.obj,Modular Medieval Buildings - Jul 2017-20260825T020822Z-1-001,,
,425,architecture,.mtl,,,,,LargeSquareTower.mtl,Modular Medieval Buildings - Jul 2017-20260825T020822Z-1-001/Modular Medieval Buildings - Jul 2017/OBJ/LargeSquareTower.mtl,Modular Medieval Buildings - Jul 2017-20260825T020822Z-1-001,,
,19573,architecture,.obj,,,,,LargeSquareTower.obj,Modular Medieval Buildings - Jul 2017-20260825T020822Z-1-001/Modular Medieval Buildings - Jul 2017/OBJ/LargeSquareTower.obj,Modular Medieval Buildings - Jul 2017-20260825T020822Z-1-001,,
,620,architecture,.mtl,,,,,LargeSquareTowerBricks.mtl,Modular Medieval Buildings - Jul 2017-20260825T020822Z-1-001/Modular Medieval Buildings - Jul 2017/OBJ/LargeSquareTowerBricks.mtl,Modular Medieval Buildings - Jul 2017-20260825T020822Z-1-001,,
,25627,architecture,.obj,,,,,LargeSquareTowerBricks.obj,Modular Medieval Buildings - Jul 2017-20260825T020822Z-1-001/Modular Medieval Buildings - Jul 2017/OBJ/LargeSquareTowerBricks.obj,Modular Medieval Buildings - Jul 2017-20260825T020822Z-1-001,,
,245,architecture,.mtl,,,,,LargeTower.mtl,Modular Medieval Buildings - Jul 2017-20260825T020822Z-1-001/Modular Medieval Buildings - Jul 2017/OBJ/LargeTower.mtl,Modular Medieval Buildings - Jul 2017-20260825T020822Z-1-001,,
,20810,architecture,.obj,,,,,LargeTower.obj,Modular Medieval Buildings - Jul 2017-20260825T020822Z-1-001/Modular Medieval Buildings - Jul 2017/OBJ/LargeTower.obj,Modular Medieval Buildings - Jul 2017-20260825T020822Z-1-001,,
,796,architecture,.mtl,,,,,PointyTower.mtl,Modular Medieval Buildings - Jul 2017-20260825T020822Z-1-001/Modular Medieval Buildings - Jul 2017/OBJ/PointyTower.mtl,Modular Medieval Buildings - Jul 2017-20260825T020822Z-1-001,,
,22848,architecture,.obj,,,,,PointyTower.obj,Modular Medieval Buildings - Jul 2017-20260825T020822Z-1-001/Modular Medieval Buildings - Jul 2017/OBJ/PointyTower.obj,Modular Medieval Buildings - Jul 2017-20260825T020822Z-1-001,,
,780,architecture,.mtl,,,,,Simpletower.mtl,Modular Medieval Buildings - Jul 2017-20260825T020822Z-1-001/Modular Medieval Buildings - Jul 2017/OBJ/Simpletower.mtl,Modular Medieval Buildings - Jul 2017-20260825T020822Z-1-001,,
,5613,architecture,.obj,,,,,Simpletower.obj,Modular Medieval Buildings - Jul 2017-20260825T020822Z-1-001/Modular Medieval Buildings - Jul 2017/OBJ/Simpletower.obj,Modular Medieval Buildings - Jul 2017-20260825T020822Z-1-001,,
,798,architecture,.mtl,,,,,SimpleTowerBricks.mtl,Modular Medieval Buildings - Jul 2017-20260825T020822Z-1-001/Modular Medieval Buildings - Jul 2017/OBJ/SimpleTowerBricks.mtl,Modular Medieval Buildings - Jul 2017-20260825T020822Z-1-001,,
,9491,architecture,.obj,,,,,SimpleTowerBricks.obj,Modular Medieval Buildings - Jul 2017-20260825T020822Z-1-001/Modular Medieval Buildings - Jul 2017/OBJ/SimpleTowerBricks.obj,Modular Medieval Buildings - Jul 2017-20260825T020822Z-1-001,,
,425,architecture,.mtl,,,,,SmallSquareTower.mtl,Modular Medieval Buildings - Jul 2017-20260825T020822Z-1-001/Modular Medieval Buildings - Jul 2017/OBJ/SmallSquareTower.mtl,Modular Medieval Buildings - Jul 2017-20260825T020822Z-1-001,,
,15109,architecture,.obj,,,,,SmallSquareTower.obj,Modular Medieval Buildings - Jul 2017-20260825T020822Z-1-001/Modular Medieval Buildings - Jul 2017/OBJ/SmallSquareTower.obj,Modular Medieval Buildings - Jul 2017-20260825T020822Z-1-001,,
,612,architecture,.mtl,,,,,SmallSquareTowerBricks.mtl,Modular Medieval Buildings - Jul 2017-20260825T020822Z-1-001/Modular Medieval Buildings - Jul 2017/OBJ/SmallSquareTowerBricks.mtl,Modular Medieval Buildings - Jul 2017-20260825T020822Z-1-001,,
,18968,architecture,.obj,,,,,SmallSquareTowerBricks.obj,Modular Medieval Buildings - Jul 2017-20260825T020822Z-1-001/Modular Medieval Buildings - Jul 2017/OBJ/SmallSquareTowerBricks.obj,Modular Medieval Buildings - Jul 2017-20260825T020822Z-1-001,,
,241,architecture,.mtl,,,,,SmallTower.mtl,Modular Medieval Buildings - Jul 2017-20260825T020822Z-1-001/Modular Medieval Buildings - Jul 2017/OBJ/SmallTower.mtl,Modular Medieval Buildings - Jul 2017-20260825T020822Z-1-001,,
,14858,architecture,.obj,,,,,SmallTower.obj,Modular Medieval Buildings - Jul 2017-20260825T020822Z-1-001/Modular Medieval Buildings - Jul 2017/OBJ/SmallTower.obj,Modular Medieval Buildings - Jul 2017-20260825T020822Z-1-001,,
,239,architecture,.mtl,,,,,TallWall.mtl,Modular Medieval Buildings - Jul 2017-20260825T020822Z-1-001/Modular Medieval Buildings - Jul 2017/OBJ/TallWall.mtl,Modular Medieval Buildings - Jul 2017-20260825T020822Z-1-001,,
,3313,architecture,.obj,,,,,TallWall.obj,Modular Medieval Buildings - Jul 2017-20260825T020822Z-1-001/Modular Medieval Buildings - Jul 2017/OBJ/TallWall.obj,Modular Medieval Buildings - Jul 2017-20260825T020822Z-1-001,,
,426,architecture,.mtl,,,,,TallWallBricks.mtl,Modular Medieval Buildings - Jul 2017-20260825T020822Z-1-001/Modular Medieval Buildings - Jul 2017/OBJ/TallWallBricks.mtl,Modular Medieval Buildings - Jul 2017-20260825T020822Z-1-001,,
,5581,architecture,.obj,,,,,TallWallBricks.obj,Modular Medieval Buildings - Jul 2017-20260825T020822Z-1-001/Modular Medieval Buildings - Jul 2017/OBJ/TallWallBricks.obj,Modular Medieval Buildings - Jul 2017-20260825T020822Z-1-001,,
,428,architecture,.mtl,,,,,TallWallEntrance.mtl,Modular Medieval Buildings - Jul 2017-20260825T020822Z-1-001/Modular Medieval Buildings - Jul 2017/OBJ/TallWallEntrance.mtl,Modular Medieval Buildings - Jul 2017-20260825T020822Z-1-001,,
,7208,architecture,.obj,,,,,TallWallEntrance.obj,Modular Medieval Buildings - Jul 2017-20260825T020822Z-1-001/Modular Medieval Buildings - Jul 2017/OBJ/TallWallEntrance.obj,Modular Medieval Buildings - Jul 2017-20260825T020822Z-1-001,,
,590,architecture,.mtl,,,,,Target.mtl,Modular Medieval Buildings - Jul 2017-20260825T020822Z-1-001/Modular Medieval Buildings - Jul 2017/OBJ/Target.mtl,Modular Medieval Buildings - Jul 2017-20260825T020822Z-1-001,,
,4930,architecture,.obj,,,,,Target.obj,Modular Medieval Buildings - Jul 2017-20260825T020822Z-1-001/Modular Medieval Buildings - Jul 2017/OBJ/Target.obj,Modular Medieval Buildings - Jul 2017-20260825T020822Z-1-001,,
,600,architecture,.mtl,,,,,TargetWithArrows.mtl,Modular Medieval Buildings - Jul 2017-20260825T020822Z-1-001/Modular Medieval Buildings - Jul 2017/OBJ/TargetWithArrows.mtl,Modular Medieval Buildings - Jul 2017-20260825T020822Z-1-001,,
,11377,architecture,.obj,,,,,TargetWithArrows.obj,Modular Medieval Buildings - Jul 2017-20260825T020822Z-1-001/Modular Medieval Buildings - Jul 2017/OBJ/TargetWithArrows.obj,Modular Medieval Buildings - Jul 2017-20260825T020822Z-1-001,,
,595,architecture,.mtl,,,,,Tower.mtl,Modular Medieval Buildings - Jul 2017-20260825T020822Z-1-001/Modular Medieval Buildings - Jul 2017/OBJ/Tower.mtl,Modular Medieval Buildings - Jul 2017-20260825T020822Z-1-001,,
,24965,architecture,.obj,,,,,Tower.obj,Modular Medieval Buildings - Jul 2017-20260825T020822Z-1-001/Modular Medieval Buildings - Jul 2017/OBJ/Tower.obj,Modular Medieval Buildings - Jul 2017-20260825T020822Z-1-001,,
,241,architecture,.mtl,,,,,Tunnel.mtl,Modular Medieval Buildings - Jul 2017-20260825T020822Z-1-001/Modular Medieval Buildings - Jul 2017/OBJ/Tunnel.mtl,Modular Medieval Buildings - Jul 2017-20260825T020822Z-1-001,,
,3343,architecture,.obj,,,,,Tunnel.obj,Modular Medieval Buildings - Jul 2017-20260825T020822Z-1-001/Modular Medieval Buildings - Jul 2017/OBJ/Tunnel.obj,Modular Medieval Buildings - Jul 2017-20260825T020822Z-1-001,,
,235,architecture,.mtl,,,,,Wall.mtl,Modular Medieval Buildings - Jul 2017-20260825T020822Z-1-001/Modular Medieval Buildings - Jul 2017/OBJ/Wall.mtl,Modular Medieval Buildings - Jul 2017-20260825T020822Z-1-001,,
,3301,architecture,.obj,,,,,Wall.obj,Modular Medieval Buildings - Jul 2017-20260825T020822Z-1-001/Modular Medieval Buildings - Jul 2017/OBJ/Wall.obj,Modular Medieval Buildings - Jul 2017-20260825T020822Z-1-001,,
,422,architecture,.mtl,,,,,WallBricks.mtl,Modular Medieval Buildings - Jul 2017-20260825T020822Z-1-001/Modular Medieval Buildings - Jul 2017/OBJ/WallBricks.mtl,Modular Medieval Buildings - Jul 2017-20260825T020822Z-1-001,,
,5600,architecture,.obj,,,,,WallBricks.obj,Modular Medieval Buildings - Jul 2017-20260825T020822Z-1-001/Modular Medieval Buildings - Jul 2017/OBJ/WallBricks.obj,Modular Medieval Buildings - Jul 2017-20260825T020822Z-1-001,,
,243,architecture,.mtl,,,,,WallEntrance.mtl,Modular Medieval Buildings - Jul 2017-20260825T020822Z-1-001/Modular Medieval Buildings - Jul 2017/OBJ/WallEntrance.mtl,Modular Medieval Buildings - Jul 2017-20260825T020822Z-1-001,,
,4880,architecture,.obj,,,,,WallEntrance.obj,Modular Medieval Buildings - Jul 2017-20260825T020822Z-1-001/Modular Medieval Buildings - Jul 2017/OBJ/WallEntrance.obj,Modular Medieval Buildings - Jul 2017-20260825T020822Z-1-001,,
,430,architecture,.mtl,,,,,WallEntranceBricks.mtl,Modular Medieval Buildings - Jul 2017-20260825T020822Z-1-001/Modular Medieval Buildings - Jul 2017/OBJ/WallEntranceBricks.mtl,Modular Medieval Buildings - Jul 2017-20260825T020822Z-1-001,,
,6830,architecture,.obj,,,,,WallEntranceBricks.obj,Modular Medieval Buildings - Jul 2017-20260825T020822Z-1-001/Modular Medieval Buildings - Jul 2017/OBJ/WallEntranceBricks.obj,Modular Medieval Buildings - Jul 2017-20260825T020822Z-1-001,,
,241,architecture,.mtl,,,,,Watchtower.mtl,Modular Medieval Buildings - Jul 2017-20260825T020822Z-1-001/Modular Medieval Buildings - Jul 2017/OBJ/Watchtower.mtl,Modular Medieval Buildings - Jul 2017-20260825T020822Z-1-001,,
,11991,architecture,.obj,,,,,Watchtower.obj,Modular Medieval Buildings - Jul 2017-20260825T020822Z-1-001/Modular Medieval Buildings - Jul 2017/OBJ/Watchtower.obj,Modular Medieval Buildings - Jul 2017-20260825T020822Z-1-001,,
,425,architecture,.mtl,,,,,WatchTowerWRoof.mtl,Modular Medieval Buildings - Jul 2017-20260825T020822Z-1-001/Modular Medieval Buildings - Jul 2017/OBJ/WatchTowerWRoof.mtl,Modular Medieval Buildings - Jul 2017-20260825T020822Z-1-001,,
,14026,architecture,.obj,,,,,WatchTowerWRoof.obj,Modular Medieval Buildings - Jul 2017-20260825T020822Z-1-001/Modular Medieval Buildings - Jul 2017/OBJ/WatchTowerWRoof.obj,Modular Medieval Buildings - Jul 2017-20260825T020822Z-1-001,,
,596,architecture,.mtl,,,,,Well.mtl,Modular Medieval Buildings - Jul 2017-20260825T020822Z-1-001/Modular Medieval Buildings - Jul 2017/OBJ/Well.mtl,Modular Medieval Buildings - Jul 2017-20260825T020822Z-1-001,,
,4701,architecture,.obj,,,,,Well.obj,Modular Medieval Buildings - Jul 2017-20260825T020822Z-1-001/Modular Medieval Buildings - Jul 2017/OBJ/Well.obj,Modular Medieval Buildings - Jul 2017-20260825T020822Z-1-001,,
,428,architecture,.mtl,,,,,WindowGothic.mtl,Modular Medieval Buildings - Jul 2017-20260825T020822Z-1-001/Modular Medieval Buildings - Jul 2017/OBJ/WindowGothic.mtl,Modular Medieval Buildings - Jul 2017-20260825T020822Z-1-001,,
,2763,architecture,.obj,,,,,WindowGothic.obj,Modular Medieval Buildings - Jul 2017-20260825T020822Z-1-001/Modular Medieval Buildings - Jul 2017/OBJ/WindowGothic.obj,Modular Medieval Buildings - Jul 2017-20260825T020822Z-1-001,,
,420,architecture,.mtl,,,,,WindowSquare.mtl,Modular Medieval Buildings - Jul 2017-20260825T020822Z-1-001/Modular Medieval Buildings - Jul 2017/OBJ/WindowSquare.mtl,Modular Medieval Buildings - Jul 2017-20260825T020822Z-1-001,,
,1156,architecture,.obj,,,,,WindowSquare.obj,Modular Medieval Buildings - Jul 2017-20260825T020822Z-1-001/Modular Medieval Buildings - Jul 2017/OBJ/WindowSquare.obj,Modular Medieval Buildings - Jul 2017-20260825T020822Z-1-001,,
False,168387,architecture,.jpg,1,False,1080,RGB,Preview.jpg,Modular Medieval Buildings - Jul 2017-20260825T020822Z-1-001/Modular Medieval Buildings - Jul 2017/Preview.jpg,Modular Medieval Buildings - Jul 2017-20260825T020822Z-1-001,False,1920
,603364,props,.blend,,,,,AnimatedChest.blend,RPG Asset Pack - May 2017-20260825T020849Z-1-001/RPG Asset Pack - May 2017/Blends/AnimatedChest.blend,RPG Asset Pack - May 2017-20260825T020849Z-1-001,,
,478372,props,.blend,,,,,Barrel.blend,RPG Asset Pack - May 2017-20260825T020849Z-1-001/RPG Asset Pack - May 2017/Blends/Barrel.blend,RPG Asset Pack - May 2017-20260825T020849Z-1-001,,
,518188,props,.blend,,,,,Book.blend,RPG Asset Pack - May 2017-20260825T020849Z-1-001/RPG Asset Pack - May 2017/Blends/Book.blend,RPG Asset Pack - May 2017-20260825T020849Z-1-001,,
,765348,uncategorized,.blend,,,,,Dagger.blend,RPG Asset Pack - May 2017-20260825T020849Z-1-001/RPG Asset Pack - May 2017/Blends/Dagger.blend,RPG Asset Pack - May 2017-20260825T020849Z-1-001,,
,144,uncategorized,.ini,,,,,desktop.ini,RPG Asset Pack - May 2017-20260825T020849Z-1-001/RPG Asset Pack - May 2017/Blends/desktop.ini,RPG Asset Pack - May 2017-20260825T020849Z-1-001,,
,596480,uncategorized,.blend,,,,,Gems.blend,RPG Asset Pack - May 2017-20260825T020849Z-1-001/RPG Asset Pack - May 2017/Blends/Gems.blend,RPG Asset Pack - May 2017-20260825T020849Z-1-001,,
,451208,equipment,.blend,,,,,IceStaff.blend,RPG Asset Pack - May 2017-20260825T020849Z-1-001/RPG Asset Pack - May 2017/Blends/IceStaff.blend,RPG Asset Pack - May 2017-20260825T020849Z-1-001,,
,529732,equipment,.blend,,,,,KnightHelmet.blend,RPG Asset Pack - May 2017-20260825T020849Z-1-001/RPG Asset Pack - May 2017/Blends/KnightHelmet.blend,RPG Asset Pack - May 2017-20260825T020849Z-1-001,,
,508372,uncategorized,.blend,,,,,Rollofpaper.blend,RPG Asset Pack - May 2017-20260825T020849Z-1-001/RPG Asset Pack - May 2017/Blends/Rollofpaper.blend,RPG Asset Pack - May 2017-20260825T020849Z-1-001,,
,599548,uncategorized,.blend,,,,,Scroll.blend,RPG Asset Pack - May 2017-20260825T020849Z-1-001/RPG Asset Pack - May 2017/Blends/Scroll.blend,RPG Asset Pack - May 2017-20260825T020849Z-1-001,,
,468260,equipment,.blend,,,,,Shield.blend,RPG Asset Pack - May 2017-20260825T020849Z-1-001/RPG Asset Pack - May 2017/Blends/Shield.blend,RPG Asset Pack - May 2017-20260825T020849Z-1-001,,
,435296,equipment,.blend,,,,,Staff.blend,RPG Asset Pack - May 2017-20260825T020849Z-1-001/RPG Asset Pack - May 2017/Blends/Staff.blend,RPG Asset Pack - May 2017-20260825T020849Z-1-001,,
,726052,equipment,.blend,,,,,Sword.blend,RPG Asset Pack - May 2017-20260825T020849Z-1-001/RPG Asset Pack - May 2017/Blends/Sword.blend,RPG Asset Pack - May 2017-20260825T020849Z-1-001,,
False,245071,props,.png,1,True,1024,RGBA,Book.png,RPG Asset Pack - May 2017-20260825T020849Z-1-001/RPG Asset Pack - May 2017/Blends/Textures/Book.png,RPG Asset Pack - May 2017-20260825T020849Z-1-001,False,1024
False,172,props,.png,1,True,32,RGBA,ChestTexture.png,RPG Asset Pack - May 2017-20260825T020849Z-1-001/RPG Asset Pack - May 2017/Blends/Textures/ChestTexture.png,RPG Asset Pack - May 2017-20260825T020849Z-1-001,False,32
False,207028,uncategorized,.png,1,True,512,RGBA,Dagger.png,RPG Asset Pack - May 2017-20260825T020849Z-1-001/RPG Asset Pack - May 2017/Blends/Textures/Dagger.png,RPG Asset Pack - May 2017-20260825T020849Z-1-001,False,512
,144,uncategorized,.ini,,,,,desktop.ini,RPG Asset Pack - May 2017-20260825T020849Z-1-001/RPG Asset Pack - May 2017/Blends/Textures/desktop.ini,RPG Asset Pack - May 2017-20260825T020849Z-1-001,,
False,9379,uncategorized,.png,1,False,128,RGB,Gem1.png,RPG Asset Pack - May 2017-20260825T020849Z-1-001/RPG Asset Pack - May 2017/Blends/Textures/Gem1.png,RPG Asset Pack - May 2017-20260825T020849Z-1-001,False,128
False,7717,uncategorized,.png,1,False,128,RGB,Roll.png,RPG Asset Pack - May 2017-20260825T020849Z-1-001/RPG Asset Pack - May 2017/Blends/Textures/Roll.png,RPG Asset Pack - May 2017-20260825T020849Z-1-001,False,128
False,84446,uncategorized,.png,1,True,512,RGBA,Scroll.png,RPG Asset Pack - May 2017-20260825T020849Z-1-001/RPG Asset Pack - May 2017/Blends/Textures/Scroll.png,RPG Asset Pack - May 2017-20260825T020849Z-1-001,False,512
False,207028,equipment,.png,1,True,512,RGBA,Sword.png,RPG Asset Pack - May 2017-20260825T020849Z-1-001/RPG Asset Pack - May 2017/Blends/Textures/Sword.png,RPG Asset Pack - May 2017-20260825T020849Z-1-001,False,512
,427400,equipment,.blend,,,,,WoodenStaff.blend,RPG Asset Pack - May 2017-20260825T020849Z-1-001/RPG Asset Pack - May 2017/Blends/WoodenStaff.blend,RPG Asset Pack - May 2017-20260825T020849Z-1-001,,
,144,uncategorized,.ini,,,,,desktop.ini,RPG Asset Pack - May 2017-20260825T020849Z-1-001/RPG Asset Pack - May 2017/desktop.ini,RPG Asset Pack - May 2017-20260825T020849Z-1-001,,
,59132,props,.fbx,,,,,AnimatedChest.fbx,RPG Asset Pack - May 2017-20260825T020849Z-1-001/RPG Asset Pack - May 2017/FBX/AnimatedChest.fbx,RPG Asset Pack - May 2017-20260825T020849Z-1-001,,
,28044,props,.fbx,,,,,Barrel.fbx,RPG Asset Pack - May 2017-20260825T020849Z-1-001/RPG Asset Pack - May 2017/FBX/Barrel.fbx,RPG Asset Pack - May 2017-20260825T020849Z-1-001,,
,18796,props,.fbx,,,,,Book.fbx,RPG Asset Pack - May 2017-20260825T020849Z-1-001/RPG Asset Pack - May 2017/FBX/Book.fbx,RPG Asset Pack - May 2017-20260825T020849Z-1-001,,
,27884,uncategorized,.fbx,,,,,Dagger.fbx,RPG Asset Pack - May 2017-20260825T020849Z-1-001/RPG Asset Pack - May 2017/FBX/Dagger.fbx,RPG Asset Pack - May 2017-20260825T020849Z-1-001,,
,144,uncategorized,.ini,,,,,desktop.ini,RPG Asset Pack - May 2017-20260825T020849Z-1-001/RPG Asset Pack - May 2017/FBX/desktop.ini,RPG Asset Pack - May 2017-20260825T020849Z-1-001,,
,35436,uncategorized,.fbx,,,,,Gems.fbx,RPG Asset Pack - May 2017-20260825T020849Z-1-001/RPG Asset Pack - May 2017/FBX/Gems.fbx,RPG Asset Pack - May 2017-20260825T020849Z-1-001,,
,21996,equipment,.fbx,,,,,IceStaff.fbx,RPG Asset Pack - May 2017-20260825T020849Z-1-001/RPG Asset Pack - May 2017/FBX/IceStaff.fbx,RPG Asset Pack - May 2017-20260825T020849Z-1-001,,
,32700,equipment,.fbx,,,,,KnightHelmet.fbx,RPG Asset Pack - May 2017-20260825T020849Z-1-001/RPG Asset Pack - May 2017/FBX/KnightHelmet.fbx,RPG Asset Pack - May 2017-20260825T020849Z-1-001,,
,23948,uncategorized,.fbx,,,,,Rollofpaper.fbx,RPG Asset Pack - May 2017-20260825T020849Z-1-001/RPG Asset Pack - May 2017/FBX/Rollofpaper.fbx,RPG Asset Pack - May 2017-20260825T020849Z-1-001,,
,30124,uncategorized,.fbx,,,,,Scroll.fbx,RPG Asset Pack - May 2017-20260825T020849Z-1-001/RPG Asset Pack - May 2017/FBX/Scroll.fbx,RPG Asset Pack - May 2017-20260825T020849Z-1-001,,
,20252,equipment,.fbx,,,,,Shield.fbx,RPG Asset Pack - May 2017-20260825T020849Z-1-001/RPG Asset Pack - May 2017/FBX/Shield.fbx,RPG Asset Pack - May 2017-20260825T020849Z-1-001,,
,19420,equipment,.fbx,,,,,Staff.fbx,RPG Asset Pack - May 2017-20260825T020849Z-1-001/RPG Asset Pack - May 2017/FBX/Staff.fbx,RPG Asset Pack - May 2017-20260825T020849Z-1-001,,
,27884,equipment,.fbx,,,,,Sword.fbx,RPG Asset Pack - May 2017-20260825T020849Z-1-001/RPG Asset Pack - May 2017/FBX/Sword.fbx,RPG Asset Pack - May 2017-20260825T020849Z-1-001,,
,17244,equipment,.fbx,,,,,WoodenStaff.fbx,RPG Asset Pack - May 2017-20260825T020849Z-1-001/RPG Asset Pack - May 2017/FBX/WoodenStaff.fbx,RPG Asset Pack - May 2017-20260825T020849Z-1-001,,
,613,props,.mtl,,,,,AnimatedChest.mtl,RPG Asset Pack - May 2017-20260825T020849Z-1-001/RPG Asset Pack - May 2017/OBJ/AnimatedChest.mtl,RPG Asset Pack - May 2017-20260825T020849Z-1-001,,
,19399,props,.obj,,,,,AnimatedChest.obj,RPG Asset Pack - May 2017-20260825T020849Z-1-001/RPG Asset Pack - May 2017/OBJ/AnimatedChest.obj,RPG Asset Pack - May 2017-20260825T020849Z-1-001,,
,591,props,.mtl,,,,,Barrel.mtl,RPG Asset Pack - May 2017-20260825T020849Z-1-001/RPG Asset Pack - May 2017/OBJ/Barrel.mtl,RPG Asset Pack - May 2017-20260825T020849Z-1-001,,
,35789,props,.obj,,,,,Barrel.obj,RPG Asset Pack - May 2017-20260825T020849Z-1-001/RPG Asset Pack - May 2017/OBJ/Barrel.obj,RPG Asset Pack - May 2017-20260825T020849Z-1-001,,
,238,props,.mtl,,,,,Book.mtl,RPG Asset Pack - May 2017-20260825T020849Z-1-001/RPG Asset Pack - May 2017/OBJ/Book.mtl,RPG Asset Pack - May 2017-20260825T020849Z-1-001,,
,12677,props,.obj,,,,,Book.obj,RPG Asset Pack - May 2017-20260825T020849Z-1-001/RPG Asset Pack - May 2017/OBJ/Book.obj,RPG Asset Pack - May 2017-20260825T020849Z-1-001,,
,239,uncategorized,.mtl,,,,,Dagger.mtl,RPG Asset Pack - May 2017-20260825T020849Z-1-001/RPG Asset Pack - May 2017/OBJ/Dagger.mtl,RPG Asset Pack - May 2017-20260825T020849Z-1-001,,
,34791,uncategorized,.obj,,,,,Dagger.obj,RPG Asset Pack - May 2017-20260825T020849Z-1-001/RPG Asset Pack - May 2017/OBJ/Dagger.obj,RPG Asset Pack - May 2017-20260825T020849Z-1-001,,
,144,uncategorized,.ini,,,,,desktop.ini,RPG Asset Pack - May 2017-20260825T020849Z-1-001/RPG Asset Pack - May 2017/OBJ/desktop.ini,RPG Asset Pack - May 2017-20260825T020849Z-1-001,,
,1348,uncategorized,.mtl,,,,,Gems.mtl,RPG Asset Pack - May 2017-20260825T020849Z-1-001/RPG Asset Pack - May 2017/OBJ/Gems.mtl,RPG Asset Pack - May 2017-20260825T020849Z-1-001,,
,24793,uncategorized,.obj,,,,,Gems.obj,RPG Asset Pack - May 2017-20260825T020849Z-1-001/RPG Asset Pack - May 2017/OBJ/Gems.obj,RPG Asset Pack - May 2017-20260825T020849Z-1-001,,
,411,equipment,.mtl,,,,,IceStaff.mtl,RPG Asset Pack - May 2017-20260825T020849Z-1-001/RPG Asset Pack - May 2017/OBJ/IceStaff.mtl,RPG Asset Pack - May 2017-20260825T020849Z-1-001,,
,20323,equipment,.obj,,,,,IceStaff.obj,RPG Asset Pack - May 2017-20260825T020849Z-1-001/RPG Asset Pack - May 2017/OBJ/IceStaff.obj,RPG Asset Pack - May 2017-20260825T020849Z-1-001,,
,782,equipment,.mtl,,,,,KnightHelmet.mtl,RPG Asset Pack - May 2017-20260825T020849Z-1-001/RPG Asset Pack - May 2017/OBJ/KnightHelmet.mtl,RPG Asset Pack - May 2017-20260825T020849Z-1-001,,
,47803,equipment,.obj,,,,,KnightHelmet.obj,RPG Asset Pack - May 2017-20260825T020849Z-1-001/RPG Asset Pack - May 2017/OBJ/KnightHelmet.obj,RPG Asset Pack - May 2017-20260825T020849Z-1-001,,
,245,uncategorized,.mtl,,,,,Rollofpaper.mtl,RPG Asset Pack - May 2017-20260825T020849Z-1-001/RPG Asset Pack - May 2017/OBJ/Rollofpaper.mtl,RPG Asset Pack - May 2017-20260825T020849Z-1-001,,
,25954,uncategorized,.obj,,,,,Rollofpaper.obj,RPG Asset Pack - May 2017-20260825T020849Z-1-001/RPG Asset Pack - May 2017/OBJ/Rollofpaper.obj,RPG Asset Pack - May 2017-20260825T020849Z-1-001,,
,240,uncategorized,.mtl,,,,,Scroll.mtl,RPG Asset Pack - May 2017-20260825T020849Z-1-001/RPG Asset Pack - May 2017/OBJ/Scroll.mtl,RPG Asset Pack - May 2017-20260825T020849Z-1-001,,
,44407,uncategorized,.obj,,,,,Scroll.obj,RPG Asset Pack - May 2017-20260825T020849Z-1-001/RPG Asset Pack - May 2017/OBJ/Scroll.obj,RPG Asset Pack - May 2017-20260825T020849Z-1-001,,
,594,equipment,.mtl,,,,,Shield.mtl,RPG Asset Pack - May 2017-20260825T020849Z-1-001/RPG Asset Pack - May 2017/OBJ/Shield.mtl,RPG Asset Pack - May 2017-20260825T020849Z-1-001,,
,15347,equipment,.obj,,,,,Shield.obj,RPG Asset Pack - May 2017-20260825T020849Z-1-001/RPG Asset Pack - May 2017/OBJ/Shield.obj,RPG Asset Pack - May 2017-20260825T020849Z-1-001,,
,407,equipment,.mtl,,,,,Staff.mtl,RPG Asset Pack - May 2017-20260825T020849Z-1-001/RPG Asset Pack - May 2017/OBJ/Staff.mtl,RPG Asset Pack - May 2017-20260825T020849Z-1-001,,
,14247,equipment,.obj,,,,,Staff.obj,RPG Asset Pack - May 2017-20260825T020849Z-1-001/RPG Asset Pack - May 2017/OBJ/Staff.obj,RPG Asset Pack - May 2017-20260825T020849Z-1-001,,
,239,equipment,.mtl,,,,,Sword.mtl,RPG Asset Pack - May 2017-20260825T020849Z-1-001/RPG Asset Pack - May 2017/OBJ/Sword.mtl,RPG Asset Pack - May 2017-20260825T020849Z-1-001,,
,34790,equipment,.obj,,,,,Sword.obj,RPG Asset Pack - May 2017-20260825T020849Z-1-001/RPG Asset Pack - May 2017/OBJ/Sword.obj,RPG Asset Pack - May 2017-20260825T020849Z-1-001,,
,237,equipment,.mtl,,,,,WoodenStaff.mtl,RPG Asset Pack - May 2017-20260825T020849Z-1-001/RPG Asset Pack - May 2017/OBJ/WoodenStaff.mtl,RPG Asset Pack - May 2017-20260825T020849Z-1-001,,
,10118,equipment,.obj,,,,,WoodenStaff.obj,RPG Asset Pack - May 2017-20260825T020849Z-1-001/RPG Asset Pack - May 2017/OBJ/WoodenStaff.obj,RPG Asset Pack - May 2017-20260825T020849Z-1-001,,
False,165741,uncategorized,.png,1,True,540,RGBA,Preview.png,RPG Asset Pack - May 2017-20260825T020849Z-1-001/RPG Asset Pack - May 2017/Preview.png,RPG Asset Pack - May 2017-20260825T020849Z-1-001,False,960
,453500,water,.blend,,,,,Boat.blend,Ships by @Quaternius-20260825T021555Z-1-001/Ships by @Quaternius/Blends/Boat.blend,Ships by @Quaternius-20260825T021555Z-1-001,,
,509932,water,.blend,,,,,BoatWSail.blend,Ships by @Quaternius-20260825T021555Z-1-001/Ships by @Quaternius/Blends/BoatWSail.blend,Ships by @Quaternius-20260825T021555Z-1-001,,
,559700,water,.blend,,,,,CruiseShip.blend,Ships by @Quaternius-20260825T021555Z-1-001/Ships by @Quaternius/Blends/CruiseShip.blend,Ships by @Quaternius-20260825T021555Z-1-001,,
,455992,water,.blend,,,,,Lifeboat.blend,Ships by @Quaternius-20260825T021555Z-1-001/Ships by @Quaternius/Blends/Lifeboat.blend,Ships by @Quaternius-20260825T021555Z-1-001,,
,645876,water,.blend,,,,,Sail ship.blend,Ships by @Quaternius-20260825T021555Z-1-001/Ships by @Quaternius/Blends/Sail ship.blend,Ships by @Quaternius-20260825T021555Z-1-001,,
,574468,water,.blend,,,,,Viking boat.blend,Ships by @Quaternius-20260825T021555Z-1-001/Ships by @Quaternius/Blends/Viking boat.blend,Ships by @Quaternius-20260825T021555Z-1-001,,
False,2423,water,.png,1,True,516,RGBA,Windows.png,Ships by @Quaternius-20260825T021555Z-1-001/Ships by @Quaternius/Blends/Windows.png,Ships by @Quaternius-20260825T021555Z-1-001,False,500
,18188,water,.fbx,,,,,Boat.fbx,Ships by @Quaternius-20260825T021555Z-1-001/Ships by @Quaternius/FBX/Boat.fbx,Ships by @Quaternius-20260825T021555Z-1-001,,
,33516,water,.fbx,,,,,BoatWSail.fbx,Ships by @Quaternius-20260825T021555Z-1-001/Ships by @Quaternius/FBX/BoatWSail.fbx,Ships by @Quaternius-20260825T021555Z-1-001,,
,29468,water,.fbx,,,,,CruiseShip.fbx,Ships by @Quaternius-20260825T021555Z-1-001/Ships by @Quaternius/FBX/CruiseShip.fbx,Ships by @Quaternius-20260825T021555Z-1-001,,
,26604,water,.fbx,,,,,Lifeboat.fbx,Ships by @Quaternius-20260825T021555Z-1-001/Ships by @Quaternius/FBX/Lifeboat.fbx,Ships by @Quaternius-20260825T021555Z-1-001,,
,81276,water,.fbx,,,,,Sail ship.fbx,Ships by @Quaternius-20260825T021555Z-1-001/Ships by @Quaternius/FBX/Sail ship.fbx,Ships by @Quaternius-20260825T021555Z-1-001,,
,46508,water,.fbx,,,,,Viking boat.fbx,Ships by @Quaternius-20260825T021555Z-1-001/Ships by @Quaternius/FBX/Viking boat.fbx,Ships by @Quaternius-20260825T021555Z-1-001,,
,348,water,.txt,,,,,License.txt,Ships by @Quaternius-20260825T021555Z-1-001/Ships by @Quaternius/License.txt,Ships by @Quaternius-20260825T021555Z-1-001,,
,411,water,.mtl,,,,,Boat.mtl,Ships by @Quaternius-20260825T021555Z-1-001/Ships by @Quaternius/OBJ/Boat.mtl,Ships by @Quaternius-20260825T021555Z-1-001,,
,7498,water,.obj,,,,,Boat.obj,Ships by @Quaternius-20260825T021555Z-1-001/Ships by @Quaternius/OBJ/Boat.obj,Ships by @Quaternius-20260825T021555Z-1-001,,
,776,water,.mtl,,,,,BoatWSail.mtl,Ships by @Quaternius-20260825T021555Z-1-001/Ships by @Quaternius/OBJ/BoatWSail.mtl,Ships by @Quaternius-20260825T021555Z-1-001,,
,44808,water,.obj,,,,,BoatWSail.obj,Ships by @Quaternius-20260825T021555Z-1-001/Ships by @Quaternius/OBJ/BoatWSail.obj,Ships by @Quaternius-20260825T021555Z-1-001,,
,772,water,.mtl,,,,,CruiseShip.mtl,Ships by @Quaternius-20260825T021555Z-1-001/Ships by @Quaternius/OBJ/CruiseShip.mtl,Ships by @Quaternius-20260825T021555Z-1-001,,
,35605,water,.obj,,,,,CruiseShip.obj,Ships by @Quaternius-20260825T021555Z-1-001/Ships by @Quaternius/OBJ/CruiseShip.obj,Ships by @Quaternius-20260825T021555Z-1-001,,
,769,water,.mtl,,,,,Lifeboat.mtl,Ships by @Quaternius-20260825T021555Z-1-001/Ships by @Quaternius/OBJ/Lifeboat.mtl,Ships by @Quaternius-20260825T021555Z-1-001,,
,23871,water,.obj,,,,,Lifeboat.obj,Ships by @Quaternius-20260825T021555Z-1-001/Ships by @Quaternius/OBJ/Lifeboat.obj,Ships by @Quaternius-20260825T021555Z-1-001,,
,957,water,.mtl,,,,,Sail ship.mtl,Ships by @Quaternius-20260825T021555Z-1-001/Ships by @Quaternius/OBJ/Sail ship.mtl,Ships by @Quaternius-20260825T021555Z-1-001,,
,153857,water,.obj,,,,,Sail ship.obj,Ships by @Quaternius-20260825T021555Z-1-001/Ships by @Quaternius/OBJ/Sail ship.obj,Ships by @Quaternius-20260825T021555Z-1-001,,
,954,water,.mtl,,,,,Viking boat.mtl,Ships by @Quaternius-20260825T021555Z-1-001/Ships by @Quaternius/OBJ/Viking boat.mtl,Ships by @Quaternius-20260825T021555Z-1-001,,
,71029,water,.obj,,,,,Viking boat.obj,Ships by @Quaternius-20260825T021555Z-1-001/Ships by @Quaternius/OBJ/Viking boat.obj,Ships by @Quaternius-20260825T021555Z-1-001,,
False,3131685,water,.png,1,True,1080,RGBA,Preview.png,Ships by @Quaternius-20260825T021555Z-1-001/Ships by @Quaternius/Preview.png,Ships by @Quaternius-20260825T021555Z-1-001,False,1920
,752292,vegetation,.blend,,,,,Birch_1.blend,Textured Stylized Trees - May 2020-20260825T020944Z-1-001/Textured Stylized Trees - May 2020/Blends/Birch_1.blend,Textured Stylized Trees - May 2020-20260825T020944Z-1-001,,
,747816,vegetation,.blend,,,,,Birch_10.blend,Textured Stylized Trees - May 2020-20260825T020944Z-1-001/Textured Stylized Trees - May 2020/Blends/Birch_10.blend,Textured Stylized Trees - May 2020-20260825T020944Z-1-001,,
,645768,vegetation,.blend,,,,,Birch_2.blend,Textured Stylized Trees - May 2020-20260825T020944Z-1-001/Textured Stylized Trees - May 2020/Blends/Birch_2.blend,Textured Stylized Trees - May 2020-20260825T020944Z-1-001,,
,766496,vegetation,.blend,,,,,Birch_3.blend,Textured Stylized Trees - May 2020-20260825T020944Z-1-001/Textured Stylized Trees - May 2020/Blends/Birch_3.blend,Textured Stylized Trees - May 2020-20260825T020944Z-1-001,,
,680556,vegetation,.blend,,,,,Birch_4.blend,Textured Stylized Trees - May 2020-20260825T020944Z-1-001/Textured Stylized Trees - May 2020/Blends/Birch_4.blend,Textured Stylized Trees - May 2020-20260825T020944Z-1-001,,
,694096,vegetation,.blend,,,,,Birch_5.blend,Textured Stylized Trees - May 2020-20260825T020944Z-1-001/Textured Stylized Trees - May 2020/Blends/Birch_5.blend,Textured Stylized Trees - May 2020-20260825T020944Z-1-001,,
,729608,vegetation,.blend,,,,,Birch_6.blend,Textured Stylized Trees - May 2020-20260825T020944Z-1-001/Textured Stylized Trees - May 2020/Blends/Birch_6.blend,Textured Stylized Trees - May 2020-20260825T020944Z-1-001,,
,688988,vegetation,.blend,,,,,Birch_7.blend,Textured Stylized Trees - May 2020-20260825T020944Z-1-001/Textured Stylized Trees - May 2020/Blends/Birch_7.blend,Textured Stylized Trees - May 2020-20260825T020944Z-1-001,,
,768848,vegetation,.blend,,,,,Birch_8.blend,Textured Stylized Trees - May 2020-20260825T020944Z-1-001/Textured Stylized Trees - May 2020/Blends/Birch_8.blend,Textured Stylized Trees - May 2020-20260825T020944Z-1-001,,
,676528,vegetation,.blend,,,,,Birch_9.blend,Textured Stylized Trees - May 2020-20260825T020944Z-1-001/Textured Stylized Trees - May 2020/Blends/Birch_9.blend,Textured Stylized Trees - May 2020-20260825T020944Z-1-001,,
,620828,vegetation,.blend,,,,,DeadBirch_1.blend,Textured Stylized Trees - May 2020-20260825T020944Z-1-001/Textured Stylized Trees - May 2020/Blends/DeadBirch_1.blend,Textured Stylized Trees - May 2020-20260825T020944Z-1-001,,
,618628,vegetation,.blend,,,,,DeadBirch_10.blend,Textured Stylized Trees - May 2020-20260825T020944Z-1-001/Textured Stylized Trees - May 2020/Blends/DeadBirch_10.blend,Textured Stylized Trees - May 2020-20260825T020944Z-1-001,,
,564376,vegetation,.blend,,,,,DeadBirch_2.blend,Textured Stylized Trees - May 2020-20260825T020944Z-1-001/Textured Stylized Trees - May 2020/Blends/DeadBirch_2.blend,Textured Stylized Trees - May 2020-20260825T020944Z-1-001,,
,641860,vegetation,.blend,,,,,DeadBirch_3.blend,Textured Stylized Trees - May 2020-20260825T020944Z-1-001/Textured Stylized Trees - May 2020/Blends/DeadBirch_3.blend,Textured Stylized Trees - May 2020-20260825T020944Z-1-001,,
,603716,vegetation,.blend,,,,,DeadBirch_4.blend,Textured Stylized Trees - May 2020-20260825T020944Z-1-001/Textured Stylized Trees - May 2020/Blends/DeadBirch_4.blend,Textured Stylized Trees - May 2020-20260825T020944Z-1-001,,
,592220,vegetation,.blend,,,,,DeadBirch_5.blend,Textured Stylized Trees - May 2020-20260825T020944Z-1-001/Textured Stylized Trees - May 2020/Blends/DeadBirch_5.blend,Textured Stylized Trees - May 2020-20260825T020944Z-1-001,,
,618628,vegetation,.blend,,,,,DeadBirch_6.blend,Textured Stylized Trees - May 2020-20260825T020944Z-1-001/Textured Stylized Trees - May 2020/Blends/DeadBirch_6.blend,Textured Stylized Trees - May 2020-20260825T020944Z-1-001,,
,582560,vegetation,.blend,,,,,DeadBirch_7.blend,Textured Stylized Trees - May 2020-20260825T020944Z-1-001/Textured Stylized Trees - May 2020/Blends/DeadBirch_7.blend,Textured Stylized Trees - May 2020-20260825T020944Z-1-001,,
,635108,vegetation,.blend,,,,,DeadBirch_8.blend,Textured Stylized Trees - May 2020-20260825T020944Z-1-001/Textured Stylized Trees - May 2020/Blends/DeadBirch_8.blend,Textured Stylized Trees - May 2020-20260825T020944Z-1-001,,
,588308,vegetation,.blend,,,,,DeadBirch_9.blend,Textured Stylized Trees - May 2020-20260825T020944Z-1-001/Textured Stylized Trees - May 2020/Blends/DeadBirch_9.blend,Textured Stylized Trees - May 2020-20260825T020944Z-1-001,,
,556576,vegetation,.blend,,,,,DeadTree_1.blend,Textured Stylized Trees - May 2020-20260825T020944Z-1-001/Textured Stylized Trees - May 2020/Blends/DeadTree_1.blend,Textured Stylized Trees - May 2020-20260825T020944Z-1-001,,
,575436,vegetation,.blend,,,,,DeadTree_10.blend,Textured Stylized Trees - May 2020-20260825T020944Z-1-001/Textured Stylized Trees - May 2020/Blends/DeadTree_10.blend,Textured Stylized Trees - May 2020-20260825T020944Z-1-001,,
,580748,vegetation,.blend,,,,,DeadTree_2.blend,Textured Stylized Trees - May 2020-20260825T020944Z-1-001/Textured Stylized Trees - May 2020/Blends/DeadTree_2.blend,Textured Stylized Trees - May 2020-20260825T020944Z-1-001,,
,636104,vegetation,.blend,,,,,DeadTree_3.blend,Textured Stylized Trees - May 2020-20260825T020944Z-1-001/Textured Stylized Trees - May 2020/Blends/DeadTree_3.blend,Textured Stylized Trees - May 2020-20260825T020944Z-1-001,,
,593800,vegetation,.blend,,,,,DeadTree_4.blend,Textured Stylized Trees - May 2020-20260825T020944Z-1-001/Textured Stylized Trees - May 2020/Blends/DeadTree_4.blend,Textured Stylized Trees - May 2020-20260825T020944Z-1-001,,
,584132,vegetation,.blend,,,,,DeadTree_5.blend,Textured Stylized Trees - May 2020-20260825T020944Z-1-001/Textured Stylized Trees - May 2020/Blends/DeadTree_5.blend,Textured Stylized Trees - May 2020-20260825T020944Z-1-001,,
,596840,vegetation,.blend,,,,,DeadTree_6.blend,Textured Stylized Trees - May 2020-20260825T020944Z-1-001/Textured Stylized Trees - May 2020/Blends/DeadTree_6.blend,Textured Stylized Trees - May 2020-20260825T020944Z-1-001,,
,557196,vegetation,.blend,,,,,DeadTree_7.blend,Textured Stylized Trees - May 2020-20260825T020944Z-1-001/Textured Stylized Trees - May 2020/Blends/DeadTree_7.blend,Textured Stylized Trees - May 2020-20260825T020944Z-1-001,,
,565344,vegetation,.blend,,,,,DeadTree_8.blend,Textured Stylized Trees - May 2020-20260825T020944Z-1-001/Textured Stylized Trees - May 2020/Blends/DeadTree_8.blend,Textured Stylized Trees - May 2020-20260825T020944Z-1-001,,
,569356,vegetation,.blend,,,,,DeadTree_9.blend,Textured Stylized Trees - May 2020-20260825T020944Z-1-001/Textured Stylized Trees - May 2020/Blends/DeadTree_9.blend,Textured Stylized Trees - May 2020-20260825T020944Z-1-001,,
,613120,vegetation,.blend,,,,,Pine_1.blend,Textured Stylized Trees - May 2020-20260825T020944Z-1-001/Textured Stylized Trees - May 2020/Blends/Pine_1.blend,Textured Stylized Trees - May 2020-20260825T020944Z-1-001,,
,606208,vegetation,.blend,,,,,Pine_2.blend,Textured Stylized Trees - May 2020-20260825T020944Z-1-001/Textured Stylized Trees - May 2020/Blends/Pine_2.blend,Textured Stylized Trees - May 2020-20260825T020944Z-1-001,,
,598996,vegetation,.blend,,,,,Pine_3.blend,Textured Stylized Trees - May 2020-20260825T020944Z-1-001/Textured Stylized Trees - May 2020/Blends/Pine_3.blend,Textured Stylized Trees - May 2020-20260825T020944Z-1-001,,
,583084,vegetation,.blend,,,,,Pine_4.blend,Textured Stylized Trees - May 2020-20260825T020944Z-1-001/Textured Stylized Trees - May 2020/Blends/Pine_4.blend,Textured Stylized Trees - May 2020-20260825T020944Z-1-001,,
,613152,vegetation,.blend,,,,,Pine_5.blend,Textured Stylized Trees - May 2020-20260825T020944Z-1-001/Textured Stylized Trees - May 2020/Blends/Pine_5.blend,Textured Stylized Trees - May 2020-20260825T020944Z-1-001,,
,617484,vegetation,.blend,,,,,Tree_1.blend,Textured Stylized Trees - May 2020-20260825T020944Z-1-001/Textured Stylized Trees - May 2020/Blends/Tree_1.blend,Textured Stylized Trees - May 2020-20260825T020944Z-1-001,,
,652440,vegetation,.blend,,,,,Tree_10.blend,Textured Stylized Trees - May 2020-20260825T020944Z-1-001/Textured Stylized Trees - May 2020/Blends/Tree_10.blend,Textured Stylized Trees - May 2020-20260825T020944Z-1-001,,
,671244,vegetation,.blend,,,,,Tree_2.blend,Textured Stylized Trees - May 2020-20260825T020944Z-1-001/Textured Stylized Trees - May 2020/Blends/Tree_2.blend,Textured Stylized Trees - May 2020-20260825T020944Z-1-001,,
,728876,vegetation,.blend,,,,,Tree_3.blend,Textured Stylized Trees - May 2020-20260825T020944Z-1-001/Textured Stylized Trees - May 2020/Blends/Tree_3.blend,Textured Stylized Trees - May 2020-20260825T020944Z-1-001,,
,693528,vegetation,.blend,,,,,Tree_4.blend,Textured Stylized Trees - May 2020-20260825T020944Z-1-001/Textured Stylized Trees - May 2020/Blends/Tree_4.blend,Textured Stylized Trees - May 2020-20260825T020944Z-1-001,,
,712328,vegetation,.blend,,,,,Tree_5.blend,Textured Stylized Trees - May 2020-20260825T020944Z-1-001/Textured Stylized Trees - May 2020/Blends/Tree_5.blend,Textured Stylized Trees - May 2020-20260825T020944Z-1-001,,
,676436,vegetation,.blend,,,,,Tree_6.blend,Textured Stylized Trees - May 2020-20260825T020944Z-1-001/Textured Stylized Trees - May 2020/Blends/Tree_6.blend,Textured Stylized Trees - May 2020-20260825T020944Z-1-001,,
,666420,vegetation,.blend,,,,,Tree_7.blend,Textured Stylized Trees - May 2020-20260825T020944Z-1-001/Textured Stylized Trees - May 2020/Blends/Tree_7.blend,Textured Stylized Trees - May 2020-20260825T020944Z-1-001,,
,677804,vegetation,.blend,,,,,Tree_8.blend,Textured Stylized Trees - May 2020-20260825T020944Z-1-001/Textured Stylized Trees - May 2020/Blends/Tree_8.blend,Textured Stylized Trees - May 2020-20260825T020944Z-1-001,,
,659376,vegetation,.blend,,,,,Tree_9.blend,Textured Stylized Trees - May 2020-20260825T020944Z-1-001/Textured Stylized Trees - May 2020/Blends/Tree_9.blend,Textured Stylized Trees - May 2020-20260825T020944Z-1-001,,
,84252,vegetation,.fbx,,,,,Birch_1.fbx,Textured Stylized Trees - May 2020-20260825T020944Z-1-001/Textured Stylized Trees - May 2020/FBX/Birch_1.fbx,Textured Stylized Trees - May 2020-20260825T020944Z-1-001,,
,79612,vegetation,.fbx,,,,,Birch_10.fbx,Textured Stylized Trees - May 2020-20260825T020944Z-1-001/Textured Stylized Trees - May 2020/FBX/Birch_10.fbx,Textured Stylized Trees - May 2020-20260825T020944Z-1-001,,
,49036,vegetation,.fbx,,,,,Birch_2.fbx,Textured Stylized Trees - May 2020-20260825T020944Z-1-001/Textured Stylized Trees - May 2020/FBX/Birch_2.fbx,Textured Stylized Trees - May 2020-20260825T020944Z-1-001,,
,84556,vegetation,.fbx,,,,,Birch_3.fbx,Textured Stylized Trees - May 2020-20260825T020944Z-1-001/Textured Stylized Trees - May 2020/FBX/Birch_3.fbx,Textured Stylized Trees - May 2020-20260825T020944Z-1-001,,
,58476,vegetation,.fbx,,,,,Birch_4.fbx,Textured Stylized Trees - May 2020-20260825T020944Z-1-001/Textured Stylized Trees - May 2020/FBX/Birch_4.fbx,Textured Stylized Trees - May 2020-20260825T020944Z-1-001,,
,61596,vegetation,.fbx,,,,,Birch_5.fbx,Textured Stylized Trees - May 2020-20260825T020944Z-1-001/Textured Stylized Trees - May 2020/FBX/Birch_5.fbx,Textured Stylized Trees - May 2020-20260825T020944Z-1-001,,
,74876,vegetation,.fbx,,,,,Birch_6.fbx,Textured Stylized Trees - May 2020-20260825T020944Z-1-001/Textured Stylized Trees - May 2020/FBX/Birch_6.fbx,Textured Stylized Trees - May 2020-20260825T020944Z-1-001,,
,61324,vegetation,.fbx,,,,,Birch_7.fbx,Textured Stylized Trees - May 2020-20260825T020944Z-1-001/Textured Stylized Trees - May 2020/FBX/Birch_7.fbx,Textured Stylized Trees - May 2020-20260825T020944Z-1-001,,
,85852,vegetation,.fbx,,,,,Birch_8.fbx,Textured Stylized Trees - May 2020-20260825T020944Z-1-001/Textured Stylized Trees - May 2020/FBX/Birch_8.fbx,Textured Stylized Trees - May 2020-20260825T020944Z-1-001,,
,58060,vegetation,.fbx,,,,,Birch_9.fbx,Textured Stylized Trees - May 2020-20260825T020944Z-1-001/Textured Stylized Trees - May 2020/FBX/Birch_9.fbx,Textured Stylized Trees - May 2020-20260825T020944Z-1-001,,
,52540,vegetation,.fbx,,,,,DeadBirch_1.fbx,Textured Stylized Trees - May 2020-20260825T020944Z-1-001/Textured Stylized Trees - May 2020/FBX/DeadBirch_1.fbx,Textured Stylized Trees - May 2020-20260825T020944Z-1-001,,
,48876,vegetation,.fbx,,,,,DeadBirch_10.fbx,Textured Stylized Trees - May 2020-20260825T020944Z-1-001/Textured Stylized Trees - May 2020/FBX/DeadBirch_10.fbx,Textured Stylized Trees - May 2020-20260825T020944Z-1-001,,
,32252,vegetation,.fbx,,,,,DeadBirch_2.fbx,Textured Stylized Trees - May 2020-20260825T020944Z-1-001/Textured Stylized Trees - May 2020/FBX/DeadBirch_2.fbx,Textured Stylized Trees - May 2020-20260825T020944Z-1-001,,
,55676,vegetation,.fbx,,,,,DeadBirch_3.fbx,Textured Stylized Trees - May 2020-20260825T020944Z-1-001/Textured Stylized Trees - May 2020/FBX/DeadBirch_3.fbx,Textured Stylized Trees - May 2020-20260825T020944Z-1-001,,
,43084,vegetation,.fbx,,,,,DeadBirch_4.fbx,Textured Stylized Trees - May 2020-20260825T020944Z-1-001/Textured Stylized Trees - May 2020/FBX/DeadBirch_4.fbx,Textured Stylized Trees - May 2020-20260825T020944Z-1-001,,
,39148,vegetation,.fbx,,,,,DeadBirch_5.fbx,Textured Stylized Trees - May 2020-20260825T020944Z-1-001/Textured Stylized Trees - May 2020/FBX/DeadBirch_5.fbx,Textured Stylized Trees - May 2020-20260825T020944Z-1-001,,
,49564,vegetation,.fbx,,,,,DeadBirch_6.fbx,Textured Stylized Trees - May 2020-20260825T020944Z-1-001/Textured Stylized Trees - May 2020/FBX/DeadBirch_6.fbx,Textured Stylized Trees - May 2020-20260825T020944Z-1-001,,
,37372,vegetation,.fbx,,,,,DeadBirch_7.fbx,Textured Stylized Trees - May 2020-20260825T020944Z-1-001/Textured Stylized Trees - May 2020/FBX/DeadBirch_7.fbx,Textured Stylized Trees - May 2020-20260825T020944Z-1-001,,
,53900,vegetation,.fbx,,,,,DeadBirch_8.fbx,Textured Stylized Trees - May 2020-20260825T020944Z-1-001/Textured Stylized Trees - May 2020/FBX/DeadBirch_8.fbx,Textured Stylized Trees - May 2020-20260825T020944Z-1-001,,
,39388,vegetation,.fbx,,,,,DeadBirch_9.fbx,Textured Stylized Trees - May 2020-20260825T020944Z-1-001/Textured Stylized Trees - May 2020/FBX/DeadBirch_9.fbx,Textured Stylized Trees - May 2020-20260825T020944Z-1-001,,
,29468,vegetation,.fbx,,,,,DeadTree_1.fbx,Textured Stylized Trees - May 2020-20260825T020944Z-1-001/Textured Stylized Trees - May 2020/FBX/DeadTree_1.fbx,Textured Stylized Trees - May 2020-20260825T020944Z-1-001,,
,38924,vegetation,.fbx,,,,,DeadTree_10.fbx,Textured Stylized Trees - May 2020-20260825T020944Z-1-001/Textured Stylized Trees - May 2020/FBX/DeadTree_10.fbx,Textured Stylized Trees - May 2020-20260825T020944Z-1-001,,
,37724,vegetation,.fbx,,,,,DeadTree_2.fbx,Textured Stylized Trees - May 2020-20260825T020944Z-1-001/Textured Stylized Trees - May 2020/FBX/DeadTree_2.fbx,Textured Stylized Trees - May 2020-20260825T020944Z-1-001,,
,59420,vegetation,.fbx,,,,,DeadTree_3.fbx,Textured Stylized Trees - May 2020-20260825T020944Z-1-001/Textured Stylized Trees - May 2020/FBX/DeadTree_3.fbx,Textured Stylized Trees - May 2020-20260825T020944Z-1-001,,
,46572,vegetation,.fbx,,,,,DeadTree_4.fbx,Textured Stylized Trees - May 2020-20260825T020944Z-1-001/Textured Stylized Trees - May 2020/FBX/DeadTree_4.fbx,Textured Stylized Trees - May 2020-20260825T020944Z-1-001,,
,42460,vegetation,.fbx,,,,,DeadTree_5.fbx,Textured Stylized Trees - May 2020-20260825T020944Z-1-001/Textured Stylized Trees - May 2020/FBX/DeadTree_5.fbx,Textured Stylized Trees - May 2020-20260825T020944Z-1-001,,
,47772,vegetation,.fbx,,,,,DeadTree_6.fbx,Textured Stylized Trees - May 2020-20260825T020944Z-1-001/Textured Stylized Trees - May 2020/FBX/DeadTree_6.fbx,Textured Stylized Trees - May 2020-20260825T020944Z-1-001,,
,31084,vegetation,.fbx,,,,,DeadTree_7.fbx,Textured Stylized Trees - May 2020-20260825T020944Z-1-001/Textured Stylized Trees - May 2020/FBX/DeadTree_7.fbx,Textured Stylized Trees - May 2020-20260825T020944Z-1-001,,
,34572,vegetation,.fbx,,,,,DeadTree_8.fbx,Textured Stylized Trees - May 2020-20260825T020944Z-1-001/Textured Stylized Trees - May 2020/FBX/DeadTree_8.fbx,Textured Stylized Trees - May 2020-20260825T020944Z-1-001,,
,35980,vegetation,.fbx,,,,,DeadTree_9.fbx,Textured Stylized Trees - May 2020-20260825T020944Z-1-001/Textured Stylized Trees - May 2020/FBX/DeadTree_9.fbx,Textured Stylized Trees - May 2020-20260825T020944Z-1-001,,
,37596,vegetation,.fbx,,,,,Pine_1.fbx,Textured Stylized Trees - May 2020-20260825T020944Z-1-001/Textured Stylized Trees - May 2020/FBX/Pine_1.fbx,Textured Stylized Trees - May 2020-20260825T020944Z-1-001,,
,35468,vegetation,.fbx,,,,,Pine_2.fbx,Textured Stylized Trees - May 2020-20260825T020944Z-1-001/Textured Stylized Trees - May 2020/FBX/Pine_2.fbx,Textured Stylized Trees - May 2020-20260825T020944Z-1-001,,
,33004,vegetation,.fbx,,,,,Pine_3.fbx,Textured Stylized Trees - May 2020-20260825T020944Z-1-001/Textured Stylized Trees - May 2020/FBX/Pine_3.fbx,Textured Stylized Trees - May 2020-20260825T020944Z-1-001,,
,30476,vegetation,.fbx,,,,,Pine_4.fbx,Textured Stylized Trees - May 2020-20260825T020944Z-1-001/Textured Stylized Trees - May 2020/FBX/Pine_4.fbx,Textured Stylized Trees - May 2020-20260825T020944Z-1-001,,
,37900,vegetation,.fbx,,,,,Pine_5.fbx,Textured Stylized Trees - May 2020-20260825T020944Z-1-001/Textured Stylized Trees - May 2020/FBX/Pine_5.fbx,Textured Stylized Trees - May 2020-20260825T020944Z-1-001,,
,40012,vegetation,.fbx,,,,,Tree_1.fbx,Textured Stylized Trees - May 2020-20260825T020944Z-1-001/Textured Stylized Trees - May 2020/FBX/Tree_1.fbx,Textured Stylized Trees - May 2020-20260825T020944Z-1-001,,
,52220,vegetation,.fbx,,,,,Tree_10.fbx,Textured Stylized Trees - May 2020-20260825T020944Z-1-001/Textured Stylized Trees - May 2020/FBX/Tree_10.fbx,Textured Stylized Trees - May 2020-20260825T020944Z-1-001,,
,57148,vegetation,.fbx,,,,,Tree_2.fbx,Textured Stylized Trees - May 2020-20260825T020944Z-1-001/Textured Stylized Trees - May 2020/FBX/Tree_2.fbx,Textured Stylized Trees - May 2020-20260825T020944Z-1-001,,
,79372,vegetation,.fbx,,,,,Tree_3.fbx,Textured Stylized Trees - May 2020-20260825T020944Z-1-001/Textured Stylized Trees - May 2020/FBX/Tree_3.fbx,Textured Stylized Trees - May 2020-20260825T020944Z-1-001,,
,65788,vegetation,.fbx,,,,,Tree_4.fbx,Textured Stylized Trees - May 2020-20260825T020944Z-1-001/Textured Stylized Trees - May 2020/FBX/Tree_4.fbx,Textured Stylized Trees - May 2020-20260825T020944Z-1-001,,
,70300,vegetation,.fbx,,,,,Tree_5.fbx,Textured Stylized Trees - May 2020-20260825T020944Z-1-001/Textured Stylized Trees - May 2020/FBX/Tree_5.fbx,Textured Stylized Trees - May 2020-20260825T020944Z-1-001,,
,61116,vegetation,.fbx,,,,,Tree_6.fbx,Textured Stylized Trees - May 2020-20260825T020944Z-1-001/Textured Stylized Trees - May 2020/FBX/Tree_6.fbx,Textured Stylized Trees - May 2020-20260825T020944Z-1-001,,
,54172,vegetation,.fbx,,,,,Tree_7.fbx,Textured Stylized Trees - May 2020-20260825T020944Z-1-001/Textured Stylized Trees - May 2020/FBX/Tree_7.fbx,Textured Stylized Trees - May 2020-20260825T020944Z-1-001,,
,58588,vegetation,.fbx,,,,,Tree_8.fbx,Textured Stylized Trees - May 2020-20260825T020944Z-1-001/Textured Stylized Trees - May 2020/FBX/Tree_8.fbx,Textured Stylized Trees - May 2020-20260825T020944Z-1-001,,
,53324,vegetation,.fbx,,,,,Tree_9.fbx,Textured Stylized Trees - May 2020-20260825T020944Z-1-001/Textured Stylized Trees - May 2020/FBX/Tree_9.fbx,Textured Stylized Trees - May 2020-20260825T020944Z-1-001,,
,364,vegetation,.txt,,,,,License.txt,Textured Stylized Trees - May 2020-20260825T020944Z-1-001/Textured Stylized Trees - May 2020/License.txt,Textured Stylized Trees - May 2020-20260825T020944Z-1-001,,
,424,vegetation,.mtl,,,,,Birch_1.mtl,Textured Stylized Trees - May 2020-20260825T020944Z-1-001/Textured Stylized Trees - May 2020/OBJ/Birch_1.mtl,Textured Stylized Trees - May 2020-20260825T020944Z-1-001,,
,174535,vegetation,.obj,,,,,Birch_1.obj,Textured Stylized Trees - May 2020-20260825T020944Z-1-001/Textured Stylized Trees - May 2020/OBJ/Birch_1.obj,Textured Stylized Trees - May 2020-20260825T020944Z-1-001,,
,425,vegetation,.mtl,,,,,Birch_10.mtl,Textured Stylized Trees - May 2020-20260825T020944Z-1-001/Textured Stylized Trees - May 2020/OBJ/Birch_10.mtl,Textured Stylized Trees - May 2020-20260825T020944Z-1-001,,
,171035,vegetation,.obj,,,,,Birch_10.obj,Textured Stylized Trees - May 2020-20260825T020944Z-1-001/Textured Stylized Trees - May 2020/OBJ/Birch_10.obj,Textured Stylized Trees - May 2020-20260825T020944Z-1-001,,
,424,vegetation,.mtl,,,,,Birch_2.mtl,Textured Stylized Trees - May 2020-20260825T020944Z-1-001/Textured Stylized Trees - May 2020/OBJ/Birch_2.mtl,Textured Stylized Trees - May 2020-20260825T020944Z-1-001,,
,83408,vegetation,.obj,,,,,Birch_2.obj,Textured Stylized Trees - May 2020-20260825T020944Z-1-001/Textured Stylized Trees - May 2020/OBJ/Birch_2.obj,Textured Stylized Trees - May 2020-20260825T020944Z-1-001,,
,424,vegetation,.mtl,,,,,Birch_3.mtl,Textured Stylized Trees - May 2020-20260825T020944Z-1-001/Textured Stylized Trees - May 2020/OBJ/Birch_3.mtl,Textured Stylized Trees - May 2020-20260825T020944Z-1-001,,
,182465,vegetation,.obj,,,,,Birch_3.obj,Textured Stylized Trees - May 2020-20260825T020944Z-1-001/Textured Stylized Trees - May 2020/OBJ/Birch_3.obj,Textured Stylized Trees - May 2020-20260825T020944Z-1-001,,
,424,vegetation,.mtl,,,,,Birch_4.mtl,Textured Stylized Trees - May 2020-20260825T020944Z-1-001/Textured Stylized Trees - May 2020/OBJ/Birch_4.mtl,Textured Stylized Trees - May 2020-20260825T020944Z-1-001,,
,112985,vegetation,.obj,,,,,Birch_4.obj,Textured Stylized Trees - May 2020-20260825T020944Z-1-001/Textured Stylized Trees - May 2020/OBJ/Birch_4.obj,Textured Stylized Trees - May 2020-20260825T020944Z-1-001,,
,424,vegetation,.mtl,,,,,Birch_5.mtl,Textured Stylized Trees - May 2020-20260825T020944Z-1-001/Textured Stylized Trees - May 2020/OBJ/Birch_5.mtl,Textured Stylized Trees - May 2020-20260825T020944Z-1-001,,
,123074,vegetation,.obj,,,,,Birch_5.obj,Textured Stylized Trees - May 2020-20260825T020944Z-1-001/Textured Stylized Trees - May 2020/OBJ/Birch_5.obj,Textured Stylized Trees - May 2020-20260825T020944Z-1-001,,
,424,vegetation,.mtl,,,,,Birch_6.mtl,Textured Stylized Trees - May 2020-20260825T020944Z-1-001/Textured Stylized Trees - May 2020/OBJ/Birch_6.mtl,Textured Stylized Trees - May 2020-20260825T020944Z-1-001,,
,152390,vegetation,.obj,,,,,Birch_6.obj,Textured Stylized Trees - May 2020-20260825T020944Z-1-001/Textured Stylized Trees - May 2020/OBJ/Birch_6.obj,Textured Stylized Trees - May 2020-20260825T020944Z-1-001,,
,424,vegetation,.mtl,,,,,Birch_7.mtl,Textured Stylized Trees - May 2020-20260825T020944Z-1-001/Textured Stylized Trees - May 2020/OBJ/Birch_7.mtl,Textured Stylized Trees - May 2020-20260825T020944Z-1-001,,
,119238,vegetation,.obj,,,,,Birch_7.obj,Textured Stylized Trees - May 2020-20260825T020944Z-1-001/Textured Stylized Trees - May 2020/OBJ/Birch_7.obj,Textured Stylized Trees - May 2020-20260825T020944Z-1-001,,
,424,vegetation,.mtl,,,,,Birch_8.mtl,Textured Stylized Trees - May 2020-20260825T020944Z-1-001/Textured Stylized Trees - May 2020/OBJ/Birch_8.mtl,Textured Stylized Trees - May 2020-20260825T020944Z-1-001,,
,188078,vegetation,.obj,,,,,Birch_8.obj,Textured Stylized Trees - May 2020-20260825T020944Z-1-001/Textured Stylized Trees - May 2020/OBJ/Birch_8.obj,Textured Stylized Trees - May 2020-20260825T020944Z-1-001,,
,424,vegetation,.mtl,,,,,Birch_9.mtl,Textured Stylized Trees - May 2020-20260825T020944Z-1-001/Textured Stylized Trees - May 2020/OBJ/Birch_9.mtl,Textured Stylized Trees - May 2020-20260825T020944Z-1-001,,
,107708,vegetation,.obj,,,,,Birch_9.obj,Textured Stylized Trees - May 2020-20260825T020944Z-1-001/Textured Stylized Trees - May 2020/OBJ/Birch_9.obj,Textured Stylized Trees - May 2020-20260825T020944Z-1-001,,
,243,vegetation,.mtl,,,,,DeadBirch_1.mtl,Textured Stylized Trees - May 2020-20260825T020944Z-1-001/Textured Stylized Trees - May 2020/OBJ/DeadBirch_1.mtl,Textured Stylized Trees - May 2020-20260825T020944Z-1-001,,
,85429,vegetation,.obj,,,,,DeadBirch_1.obj,Textured Stylized Trees - May 2020-20260825T020944Z-1-001/Textured Stylized Trees - May 2020/OBJ/DeadBirch_1.obj,Textured Stylized Trees - May 2020-20260825T020944Z-1-001,,
,244,vegetation,.mtl,,,,,DeadBirch_10.mtl,Textured Stylized Trees - May 2020-20260825T020944Z-1-001/Textured Stylized Trees - May 2020/OBJ/DeadBirch_10.mtl,Textured Stylized Trees - May 2020-20260825T020944Z-1-001,,
,83602,vegetation,.obj,,,,,DeadBirch_10.obj,Textured Stylized Trees - May 2020-20260825T020944Z-1-001/Textured Stylized Trees - May 2020/OBJ/DeadBirch_10.obj,Textured Stylized Trees - May 2020-20260825T020944Z-1-001,,
,243,vegetation,.mtl,,,,,DeadBirch_2.mtl,Textured Stylized Trees - May 2020-20260825T020944Z-1-001/Textured Stylized Trees - May 2020/OBJ/DeadBirch_2.mtl,Textured Stylized Trees - May 2020-20260825T020944Z-1-001,,
,38067,vegetation,.obj,,,,,DeadBirch_2.obj,Textured Stylized Trees - May 2020-20260825T020944Z-1-001/Textured Stylized Trees - May 2020/OBJ/DeadBirch_2.obj,Textured Stylized Trees - May 2020-20260825T020944Z-1-001,,
,243,vegetation,.mtl,,,,,DeadBirch_3.mtl,Textured Stylized Trees - May 2020-20260825T020944Z-1-001/Textured Stylized Trees - May 2020/OBJ/DeadBirch_3.mtl,Textured Stylized Trees - May 2020-20260825T020944Z-1-001,,
,102922,vegetation,.obj,,,,,DeadBirch_3.obj,Textured Stylized Trees - May 2020-20260825T020944Z-1-001/Textured Stylized Trees - May 2020/OBJ/DeadBirch_3.obj,Textured Stylized Trees - May 2020-20260825T020944Z-1-001,,
,243,vegetation,.mtl,,,,,DeadBirch_4.mtl,Textured Stylized Trees - May 2020-20260825T020944Z-1-001/Textured Stylized Trees - May 2020/OBJ/DeadBirch_4.mtl,Textured Stylized Trees - May 2020-20260825T020944Z-1-001,,
,71047,vegetation,.obj,,,,,DeadBirch_4.obj,Textured Stylized Trees - May 2020-20260825T020944Z-1-001/Textured Stylized Trees - May 2020/OBJ/DeadBirch_4.obj,Textured Stylized Trees - May 2020-20260825T020944Z-1-001,,
,243,vegetation,.mtl,,,,,DeadBirch_5.mtl,Textured Stylized Trees - May 2020-20260825T020944Z-1-001/Textured Stylized Trees - May 2020/OBJ/DeadBirch_5.mtl,Textured Stylized Trees - May 2020-20260825T020944Z-1-001,,
,61519,vegetation,.obj,,,,,DeadBirch_5.obj,Textured Stylized Trees - May 2020-20260825T020944Z-1-001/Textured Stylized Trees - May 2020/OBJ/DeadBirch_5.obj,Textured Stylized Trees - May 2020-20260825T020944Z-1-001,,
,243,vegetation,.mtl,,,,,DeadBirch_6.mtl,Textured Stylized Trees - May 2020-20260825T020944Z-1-001/Textured Stylized Trees - May 2020/OBJ/DeadBirch_6.mtl,Textured Stylized Trees - May 2020-20260825T020944Z-1-001,,
,83613,vegetation,.obj,,,,,DeadBirch_6.obj,Textured Stylized Trees - May 2020-20260825T020944Z-1-001/Textured Stylized Trees - May 2020/OBJ/DeadBirch_6.obj,Textured Stylized Trees - May 2020-20260825T020944Z-1-001,,
,243,vegetation,.mtl,,,,,DeadBirch_7.mtl,Textured Stylized Trees - May 2020-20260825T020944Z-1-001/Textured Stylized Trees - May 2020/OBJ/DeadBirch_7.mtl,Textured Stylized Trees - May 2020-20260825T020944Z-1-001,,
,53166,vegetation,.obj,,,,,DeadBirch_7.obj,Textured Stylized Trees - May 2020-20260825T020944Z-1-001/Textured Stylized Trees - May 2020/OBJ/DeadBirch_7.obj,Textured Stylized Trees - May 2020-20260825T020944Z-1-001,,
,243,vegetation,.mtl,,,,,DeadBirch_8.mtl,Textured Stylized Trees - May 2020-20260825T020944Z-1-001/Textured Stylized Trees - May 2020/OBJ/DeadBirch_8.mtl,Textured Stylized Trees - May 2020-20260825T020944Z-1-001,,
,97516,vegetation,.obj,,,,,DeadBirch_8.obj,Textured Stylized Trees - May 2020-20260825T020944Z-1-001/Textured Stylized Trees - May 2020/OBJ/DeadBirch_8.obj,Textured Stylized Trees - May 2020-20260825T020944Z-1-001,,
,243,vegetation,.mtl,,,,,DeadBirch_9.mtl,Textured Stylized Trees - May 2020-20260825T020944Z-1-001/Textured Stylized Trees - May 2020/OBJ/DeadBirch_9.mtl,Textured Stylized Trees - May 2020-20260825T020944Z-1-001,,
,58083,vegetation,.obj,,,,,DeadBirch_9.obj,Textured Stylized Trees - May 2020-20260825T020944Z-1-001/Textured Stylized Trees - May 2020/OBJ/DeadBirch_9.obj,Textured Stylized Trees - May 2020-20260825T020944Z-1-001,,
,236,vegetation,.mtl,,,,,DeadTree_1.mtl,Textured Stylized Trees - May 2020-20260825T020944Z-1-001/Textured Stylized Trees - May 2020/OBJ/DeadTree_1.mtl,Textured Stylized Trees - May 2020-20260825T020944Z-1-001,,
,32394,vegetation,.obj,,,,,DeadTree_1.obj,Textured Stylized Trees - May 2020-20260825T020944Z-1-001/Textured Stylized Trees - May 2020/OBJ/DeadTree_1.obj,Textured Stylized Trees - May 2020-20260825T020944Z-1-001,,
,237,vegetation,.mtl,,,,,DeadTree_10.mtl,Textured Stylized Trees - May 2020-20260825T020944Z-1-001/Textured Stylized Trees - May 2020/OBJ/DeadTree_10.mtl,Textured Stylized Trees - May 2020-20260825T020944Z-1-001,,
,52238,vegetation,.obj,,,,,DeadTree_10.obj,Textured Stylized Trees - May 2020-20260825T020944Z-1-001/Textured Stylized Trees - May 2020/OBJ/DeadTree_10.obj,Textured Stylized Trees - May 2020-20260825T020944Z-1-001,,
,236,vegetation,.mtl,,,,,DeadTree_2.mtl,Textured Stylized Trees - May 2020-20260825T020944Z-1-001/Textured Stylized Trees - May 2020/OBJ/DeadTree_2.mtl,Textured Stylized Trees - May 2020-20260825T020944Z-1-001,,
,50336,vegetation,.obj,,,,,DeadTree_2.obj,Textured Stylized Trees - May 2020-20260825T020944Z-1-001/Textured Stylized Trees - May 2020/OBJ/DeadTree_2.obj,Textured Stylized Trees - May 2020-20260825T020944Z-1-001,,
,236,vegetation,.mtl,,,,,DeadTree_3.mtl,Textured Stylized Trees - May 2020-20260825T020944Z-1-001/Textured Stylized Trees - May 2020/OBJ/DeadTree_3.mtl,Textured Stylized Trees - May 2020-20260825T020944Z-1-001,,
,97377,vegetation,.obj,,,,,DeadTree_3.obj,Textured Stylized Trees - May 2020-20260825T020944Z-1-001/Textured Stylized Trees - May 2020/OBJ/DeadTree_3.obj,Textured Stylized Trees - May 2020-20260825T020944Z-1-001,,
,236,vegetation,.mtl,,,,,DeadTree_4.mtl,Textured Stylized Trees - May 2020-20260825T020944Z-1-001/Textured Stylized Trees - May 2020/OBJ/DeadTree_4.mtl,Textured Stylized Trees - May 2020-20260825T020944Z-1-001,,
,69758,vegetation,.obj,,,,,DeadTree_4.obj,Textured Stylized Trees - May 2020-20260825T020944Z-1-001/Textured Stylized Trees - May 2020/OBJ/DeadTree_4.obj,Textured Stylized Trees - May 2020-20260825T020944Z-1-001,,
,236,vegetation,.mtl,,,,,DeadTree_5.mtl,Textured Stylized Trees - May 2020-20260825T020944Z-1-001/Textured Stylized Trees - May 2020/OBJ/DeadTree_5.mtl,Textured Stylized Trees - May 2020-20260825T020944Z-1-001,,
,60891,vegetation,.obj,,,,,DeadTree_5.obj,Textured Stylized Trees - May 2020-20260825T020944Z-1-001/Textured Stylized Trees - May 2020/OBJ/DeadTree_5.obj,Textured Stylized Trees - May 2020-20260825T020944Z-1-001,,
,236,vegetation,.mtl,,,,,DeadTree_6.mtl,Textured Stylized Trees - May 2020-20260825T020944Z-1-001/Textured Stylized Trees - May 2020/OBJ/DeadTree_6.mtl,Textured Stylized Trees - May 2020-20260825T020944Z-1-001,,
,72190,vegetation,.obj,,,,,DeadTree_6.obj,Textured Stylized Trees - May 2020-20260825T020944Z-1-001/Textured Stylized Trees - May 2020/OBJ/DeadTree_6.obj,Textured Stylized Trees - May 2020-20260825T020944Z-1-001,,
,236,vegetation,.mtl,,,,,DeadTree_7.mtl,Textured Stylized Trees - May 2020-20260825T020944Z-1-001/Textured Stylized Trees - May 2020/OBJ/DeadTree_7.mtl,Textured Stylized Trees - May 2020-20260825T020944Z-1-001,,
,36627,vegetation,.obj,,,,,DeadTree_7.obj,Textured Stylized Trees - May 2020-20260825T020944Z-1-001/Textured Stylized Trees - May 2020/OBJ/DeadTree_7.obj,Textured Stylized Trees - May 2020-20260825T020944Z-1-001,,
,236,vegetation,.mtl,,,,,DeadTree_8.mtl,Textured Stylized Trees - May 2020-20260825T020944Z-1-001/Textured Stylized Trees - May 2020/OBJ/DeadTree_8.mtl,Textured Stylized Trees - May 2020-20260825T020944Z-1-001,,
,44166,vegetation,.obj,,,,,DeadTree_8.obj,Textured Stylized Trees - May 2020-20260825T020944Z-1-001/Textured Stylized Trees - May 2020/OBJ/DeadTree_8.obj,Textured Stylized Trees - May 2020-20260825T020944Z-1-001,,
,236,vegetation,.mtl,,,,,DeadTree_9.mtl,Textured Stylized Trees - May 2020-20260825T020944Z-1-001/Textured Stylized Trees - May 2020/OBJ/DeadTree_9.mtl,Textured Stylized Trees - May 2020-20260825T020944Z-1-001,,
,46966,vegetation,.obj,,,,,DeadTree_9.obj,Textured Stylized Trees - May 2020-20260825T020944Z-1-001/Textured Stylized Trees - May 2020/OBJ/DeadTree_9.obj,Textured Stylized Trees - May 2020-20260825T020944Z-1-001,,
,416,vegetation,.mtl,,,,,Pine_1.mtl,Textured Stylized Trees - May 2020-20260825T020944Z-1-001/Textured Stylized Trees - May 2020/OBJ/Pine_1.mtl,Textured Stylized Trees - May 2020-20260825T020944Z-1-001,,
,61633,vegetation,.obj,,,,,Pine_1.obj,Textured Stylized Trees - May 2020-20260825T020944Z-1-001/Textured Stylized Trees - May 2020/OBJ/Pine_1.obj,Textured Stylized Trees - May 2020-20260825T020944Z-1-001,,
,416,vegetation,.mtl,,,,,Pine_2.mtl,Textured Stylized Trees - May 2020-20260825T020944Z-1-001/Textured Stylized Trees - May 2020/OBJ/Pine_2.mtl,Textured Stylized Trees - May 2020-20260825T020944Z-1-001,,
,54455,vegetation,.obj,,,,,Pine_2.obj,Textured Stylized Trees - May 2020-20260825T020944Z-1-001/Textured Stylized Trees - May 2020/OBJ/Pine_2.obj,Textured Stylized Trees - May 2020-20260825T020944Z-1-001,,
,416,vegetation,.mtl,,,,,Pine_3.mtl,Textured Stylized Trees - May 2020-20260825T020944Z-1-001/Textured Stylized Trees - May 2020/OBJ/Pine_3.mtl,Textured Stylized Trees - May 2020-20260825T020944Z-1-001,,
,48428,vegetation,.obj,,,,,Pine_3.obj,Textured Stylized Trees - May 2020-20260825T020944Z-1-001/Textured Stylized Trees - May 2020/OBJ/Pine_3.obj,Textured Stylized Trees - May 2020-20260825T020944Z-1-001,,
,416,vegetation,.mtl,,,,,Pine_4.mtl,Textured Stylized Trees - May 2020-20260825T020944Z-1-001/Textured Stylized Trees - May 2020/OBJ/Pine_4.mtl,Textured Stylized Trees - May 2020-20260825T020944Z-1-001,,
,40944,vegetation,.obj,,,,,Pine_4.obj,Textured Stylized Trees - May 2020-20260825T020944Z-1-001/Textured Stylized Trees - May 2020/OBJ/Pine_4.obj,Textured Stylized Trees - May 2020-20260825T020944Z-1-001,,
,416,vegetation,.mtl,,,,,Pine_5.mtl,Textured Stylized Trees - May 2020-20260825T020944Z-1-001/Textured Stylized Trees - May 2020/OBJ/Pine_5.mtl,Textured Stylized Trees - May 2020-20260825T020944Z-1-001,,
,61669,vegetation,.obj,,,,,Pine_5.obj,Textured Stylized Trees - May 2020-20260825T020944Z-1-001/Textured Stylized Trees - May 2020/OBJ/Pine_5.obj,Textured Stylized Trees - May 2020-20260825T020944Z-1-001,,
,416,vegetation,.mtl,,,,,Tree_1.mtl,Textured Stylized Trees - May 2020-20260825T020944Z-1-001/Textured Stylized Trees - May 2020/OBJ/Tree_1.mtl,Textured Stylized Trees - May 2020-20260825T020944Z-1-001,,
,60790,vegetation,.obj,,,,,Tree_1.obj,Textured Stylized Trees - May 2020-20260825T020944Z-1-001/Textured Stylized Trees - May 2020/OBJ/Tree_1.obj,Textured Stylized Trees - May 2020-20260825T020944Z-1-001,,
,417,vegetation,.mtl,,,,,Tree_10.mtl,Textured Stylized Trees - May 2020-20260825T020944Z-1-001/Textured Stylized Trees - May 2020/OBJ/Tree_10.mtl,Textured Stylized Trees - May 2020-20260825T020944Z-1-001,,
,88243,vegetation,.obj,,,,,Tree_10.obj,Textured Stylized Trees - May 2020-20260825T020944Z-1-001/Textured Stylized Trees - May 2020/OBJ/Tree_10.obj,Textured Stylized Trees - May 2020-20260825T020944Z-1-001,,
,416,vegetation,.mtl,,,,,Tree_2.mtl,Textured Stylized Trees - May 2020-20260825T020944Z-1-001/Textured Stylized Trees - May 2020/OBJ/Tree_2.mtl,Textured Stylized Trees - May 2020-20260825T020944Z-1-001,,
,103383,vegetation,.obj,,,,,Tree_2.obj,Textured Stylized Trees - May 2020-20260825T020944Z-1-001/Textured Stylized Trees - May 2020/OBJ/Tree_2.obj,Textured Stylized Trees - May 2020-20260825T020944Z-1-001,,
,416,vegetation,.mtl,,,,,Tree_3.mtl,Textured Stylized Trees - May 2020-20260825T020944Z-1-001/Textured Stylized Trees - May 2020/OBJ/Tree_3.mtl,Textured Stylized Trees - May 2020-20260825T020944Z-1-001,,
,154131,vegetation,.obj,,,,,Tree_3.obj,Textured Stylized Trees - May 2020-20260825T020944Z-1-001/Textured Stylized Trees - May 2020/OBJ/Tree_3.obj,Textured Stylized Trees - May 2020-20260825T020944Z-1-001,,
,416,vegetation,.mtl,,,,,Tree_4.mtl,Textured Stylized Trees - May 2020-20260825T020944Z-1-001/Textured Stylized Trees - May 2020/OBJ/Tree_4.mtl,Textured Stylized Trees - May 2020-20260825T020944Z-1-001,,
,123520,vegetation,.obj,,,,,Tree_4.obj,Textured Stylized Trees - May 2020-20260825T020944Z-1-001/Textured Stylized Trees - May 2020/OBJ/Tree_4.obj,Textured Stylized Trees - May 2020-20260825T020944Z-1-001,,
,416,vegetation,.mtl,,,,,Tree_5.mtl,Textured Stylized Trees - May 2020-20260825T020944Z-1-001/Textured Stylized Trees - May 2020/OBJ/Tree_5.mtl,Textured Stylized Trees - May 2020-20260825T020944Z-1-001,,
,139829,vegetation,.obj,,,,,Tree_5.obj,Textured Stylized Trees - May 2020-20260825T020944Z-1-001/Textured Stylized Trees - May 2020/OBJ/Tree_5.obj,Textured Stylized Trees - May 2020-20260825T020944Z-1-001,,
,416,vegetation,.mtl,,,,,Tree_6.mtl,Textured Stylized Trees - May 2020-20260825T020944Z-1-001/Textured Stylized Trees - May 2020/OBJ/Tree_6.mtl,Textured Stylized Trees - May 2020-20260825T020944Z-1-001,,
,108180,vegetation,.obj,,,,,Tree_6.obj,Textured Stylized Trees - May 2020-20260825T020944Z-1-001/Textured Stylized Trees - May 2020/OBJ/Tree_6.obj,Textured Stylized Trees - May 2020-20260825T020944Z-1-001,,
,416,vegetation,.mtl,,,,,Tree_7.mtl,Textured Stylized Trees - May 2020-20260825T020944Z-1-001/Textured Stylized Trees - May 2020/OBJ/Tree_7.mtl,Textured Stylized Trees - May 2020-20260825T020944Z-1-001,,
,100943,vegetation,.obj,,,,,Tree_7.obj,Textured Stylized Trees - May 2020-20260825T020944Z-1-001/Textured Stylized Trees - May 2020/OBJ/Tree_7.obj,Textured Stylized Trees - May 2020-20260825T020944Z-1-001,,
,416,vegetation,.mtl,,,,,Tree_8.mtl,Textured Stylized Trees - May 2020-20260825T020944Z-1-001/Textured Stylized Trees - May 2020/OBJ/Tree_8.mtl,Textured Stylized Trees - May 2020-20260825T020944Z-1-001,,
,110608,vegetation,.obj,,,,,Tree_8.obj,Textured Stylized Trees - May 2020-20260825T020944Z-1-001/Textured Stylized Trees - May 2020/OBJ/Tree_8.obj,Textured Stylized Trees - May 2020-20260825T020944Z-1-001,,
,416,vegetation,.mtl,,,,,Tree_9.mtl,Textured Stylized Trees - May 2020-20260825T020944Z-1-001/Textured Stylized Trees - May 2020/OBJ/Tree_9.mtl,Textured Stylized Trees - May 2020-20260825T020944Z-1-001,,
,94222,vegetation,.obj,,,,,Tree_9.obj,Textured Stylized Trees - May 2020-20260825T020944Z-1-001/Textured Stylized Trees - May 2020/OBJ/Tree_9.obj,Textured Stylized Trees - May 2020-20260825T020944Z-1-001,,
False,579762,vegetation,.jpg,1,False,1080,RGB,Preview.jpg,Textured Stylized Trees - May 2020-20260825T020944Z-1-001/Textured Stylized Trees - May 2020/Preview.jpg,Textured Stylized Trees - May 2020-20260825T020944Z-1-001,False,1920
False,207364,vegetation,.png,1,False,768,RGB,Birch_Bark.png,Textured Stylized Trees - May 2020-20260825T020944Z-1-001/Textured Stylized Trees - May 2020/Textures/Birch_Bark.png,Textured Stylized Trees - May 2020-20260825T020944Z-1-001,False,768
False,125641,vegetation,.png,1,True,512,RGBA,Birch_Leaves_Green.png,Textured Stylized Trees - May 2020-20260825T020944Z-1-001/Textured Stylized Trees - May 2020/Textures/Birch_Leaves_Green.png,Textured Stylized Trees - May 2020-20260825T020944Z-1-001,True,512
False,133833,vegetation,.png,1,True,512,RGBA,Birch_Leaves_Yellow.png,Textured Stylized Trees - May 2020-20260825T020944Z-1-001/Textured Stylized Trees - May 2020/Textures/Birch_Leaves_Yellow.png,Textured Stylized Trees - May 2020-20260825T020944Z-1-001,True,512
False,517571,vegetation,.png,1,True,768,RGBA,Bark_Dead.png,Textured Stylized Trees - May 2020-20260825T020944Z-1-001/Textured Stylized Trees - May 2020/Textures/Color Variations/Bark_Dead.png,Textured Stylized Trees - May 2020-20260825T020944Z-1-001,False,768
False,239138,vegetation,.png,1,True,768,RGBA,Birch_Bark_Dead.png,Textured Stylized Trees - May 2020-20260825T020944Z-1-001/Textured Stylized Trees - May 2020/Textures/Color Variations/Birch_Bark_Dead.png,Textured Stylized Trees - May 2020-20260825T020944Z-1-001,False,768
False,136233,vegetation,.png,1,True,512,RGBA,Leaves_Blue.png,Textured Stylized Trees - May 2020-20260825T020944Z-1-001/Textured Stylized Trees - May 2020/Textures/Color Variations/Leaves_Blue.png,Textured Stylized Trees - May 2020-20260825T020944Z-1-001,True,512
False,135078,vegetation,.png,1,True,512,RGBA,Leaves_Cyan.png,Textured Stylized Trees - May 2020-20260825T020944Z-1-001/Textured Stylized Trees - May 2020/Textures/Color Variations/Leaves_Cyan.png,Textured Stylized Trees - May 2020-20260825T020944Z-1-001,True,512
False,111583,vegetation,.png,1,True,512,RGBA,Leaves_DarkRed.png,Textured Stylized Trees - May 2020-20260825T020944Z-1-001/Textured Stylized Trees - May 2020/Textures/Color Variations/Leaves_DarkRed.png,Textured Stylized Trees - May 2020-20260825T020944Z-1-001,True,512
False,163258,vegetation,.png,1,True,512,RGBA,Leaves_Light.png,Textured Stylized Trees - May 2020-20260825T020944Z-1-001/Textured Stylized Trees - May 2020/Textures/Color Variations/Leaves_Light.png,Textured Stylized Trees - May 2020-20260825T020944Z-1-001,True,512
False,142804,vegetation,.png,1,True,512,RGBA,Leaves_Orange.png,Textured Stylized Trees - May 2020-20260825T020944Z-1-001/Textured Stylized Trees - May 2020/Textures/Color Variations/Leaves_Orange.png,Textured Stylized Trees - May 2020-20260825T020944Z-1-001,True,512
False,137117,vegetation,.png,1,True,512,RGBA,Leaves_Pink.png,Textured Stylized Trees - May 2020-20260825T020944Z-1-001/Textured Stylized Trees - May 2020/Textures/Color Variations/Leaves_Pink.png,Textured Stylized Trees - May 2020-20260825T020944Z-1-001,True,512
False,136012,vegetation,.png,1,True,512,RGBA,Leaves_Purple.png,Textured Stylized Trees - May 2020-20260825T020944Z-1-001/Textured Stylized Trees - May 2020/Textures/Color Variations/Leaves_Purple.png,Textured Stylized Trees - May 2020-20260825T020944Z-1-001,True,512
False,125556,vegetation,.png,1,True,512,RGBA,Leaves_Red.png,Textured Stylized Trees - May 2020-20260825T020944Z-1-001/Textured Stylized Trees - May 2020/Textures/Color Variations/Leaves_Red.png,Textured Stylized Trees - May 2020-20260825T020944Z-1-001,True,512
False,113904,vegetation,.png,1,True,512,RGBA,Pine_Leaves_Light.png,Textured Stylized Trees - May 2020-20260825T020944Z-1-001/Textured Stylized Trees - May 2020/Textures/Color Variations/Pine_Leaves_Light.png,Textured Stylized Trees - May 2020-20260825T020944Z-1-001,True,512
False,116309,vegetation,.png,1,True,512,RGBA,Pine_Leaves_Red.png,Textured Stylized Trees - May 2020-20260825T020944Z-1-001/Textured Stylized Trees - May 2020/Textures/Color Variations/Pine_Leaves_Red.png,Textured Stylized Trees - May 2020-20260825T020944Z-1-001,True,512
False,124813,vegetation,.png,1,True,512,RGBA,Pine_Leaves.png,Textured Stylized Trees - May 2020-20260825T020944Z-1-001/Textured Stylized Trees - May 2020/Textures/Pine_Leaves.png,Textured Stylized Trees - May 2020-20260825T020944Z-1-001,True,512
False,240999,vegetation,.jpg,1,False,768,RGB,Tree_Bark.jpg,Textured Stylized Trees - May 2020-20260825T020944Z-1-001/Textured Stylized Trees - May 2020/Textures/Tree_Bark.jpg,Textured Stylized Trees - May 2020-20260825T020944Z-1-001,False,768
False,129425,vegetation,.png,1,True,512,RGBA,Tree_Leaves.png,Textured Stylized Trees - May 2020-20260825T020944Z-1-001/Textured Stylized Trees - May 2020/Textures/Tree_Leaves.png,Textured Stylized Trees - May 2020-20260825T020944Z-1-001,True,512
,1064968,uncategorized,.blend,,,,,Archery_FirstAge_Level1.blend,Ultimate Fantasy RTS - Aug 2022-20260825T020634Z-1-001/Ultimate Fantasy RTS - Aug 2022/Blends/Archery_FirstAge_Level1.blend,Ultimate Fantasy RTS - Aug 2022-20260825T020634Z-1-001,,
,1123812,uncategorized,.blend,,,,,Archery_FirstAge_Level2.blend,Ultimate Fantasy RTS - Aug 2022-20260825T020634Z-1-001/Ultimate Fantasy RTS - Aug 2022/Blends/Archery_FirstAge_Level2.blend,Ultimate Fantasy RTS - Aug 2022-20260825T020634Z-1-001,,
,1204616,uncategorized,.blend,,,,,Archery_FirstAge_Level3.blend,Ultimate Fantasy RTS - Aug 2022-20260825T020634Z-1-001/Ultimate Fantasy RTS - Aug 2022/Blends/Archery_FirstAge_Level3.blend,Ultimate Fantasy RTS - Aug 2022-20260825T020634Z-1-001,,
,1233604,uncategorized,.blend,,,,,Archery_SecondAge_Level1.blend,Ultimate Fantasy RTS - Aug 2022-20260825T020634Z-1-001/Ultimate Fantasy RTS - Aug 2022/Blends/Archery_SecondAge_Level1.blend,Ultimate Fantasy RTS - Aug 2022-20260825T020634Z-1-001,,
,1316408,uncategorized,.blend,,,,,Archery_SecondAge_Level2.blend,Ultimate Fantasy RTS - Aug 2022-20260825T020634Z-1-001/Ultimate Fantasy RTS - Aug 2022/Blends/Archery_SecondAge_Level2.blend,Ultimate Fantasy RTS - Aug 2022-20260825T020634Z-1-001,,
,1521032,uncategorized,.blend,,,,,Archery_SecondAge_Level3.blend,Ultimate Fantasy RTS - Aug 2022-20260825T020634Z-1-001/Ultimate Fantasy RTS - Aug 2022/Blends/Archery_SecondAge_Level3.blend,Ultimate Fantasy RTS - Aug 2022-20260825T020634Z-1-001,,
,872120,props,.blend,,,,,Barracks_FirstAge_Level1.blend,Ultimate Fantasy RTS - Aug 2022-20260825T020634Z-1-001/Ultimate Fantasy RTS - Aug 2022/Blends/Barracks_FirstAge_Level1.blend,Ultimate Fantasy RTS - Aug 2022-20260825T020634Z-1-001,,
,930936,props,.blend,,,,,Barracks_FirstAge_Level2.blend,Ultimate Fantasy RTS - Aug 2022-20260825T020634Z-1-001/Ultimate Fantasy RTS - Aug 2022/Blends/Barracks_FirstAge_Level2.blend,Ultimate Fantasy RTS - Aug 2022-20260825T020634Z-1-001,,
,1091496,props,.blend,,,,,Barracks_FirstAge_Level3.blend,Ultimate Fantasy RTS - Aug 2022-20260825T020634Z-1-001/Ultimate Fantasy RTS - Aug 2022/Blends/Barracks_FirstAge_Level3.blend,Ultimate Fantasy RTS - Aug 2022-20260825T020634Z-1-001,,
,1035192,props,.blend,,,,,Barracks_SecondAge_Level1.blend,Ultimate Fantasy RTS - Aug 2022-20260825T020634Z-1-001/Ultimate Fantasy RTS - Aug 2022/Blends/Barracks_SecondAge_Level1.blend,Ultimate Fantasy RTS - Aug 2022-20260825T020634Z-1-001,,
,1302864,props,.blend,,,,,Barracks_SecondAge_Level2.blend,Ultimate Fantasy RTS - Aug 2022-20260825T020634Z-1-001/Ultimate Fantasy RTS - Aug 2022/Blends/Barracks_SecondAge_Level2.blend,Ultimate Fantasy RTS - Aug 2022-20260825T020634Z-1-001,,
,1403880,props,.blend,,,,,Barracks_SecondAge_Level3.blend,Ultimate Fantasy RTS - Aug 2022-20260825T020634Z-1-001/Ultimate Fantasy RTS - Aug 2022/Blends/Barracks_SecondAge_Level3.blend,Ultimate Fantasy RTS - Aug 2022-20260825T020634Z-1-001,,
,787868,props,.blend,,,,,Barrel.blend,Ultimate Fantasy RTS - Aug 2022-20260825T020634Z-1-001/Ultimate Fantasy RTS - Aug 2022/Blends/Barrel.blend,Ultimate Fantasy RTS - Aug 2022-20260825T020634Z-1-001,,
,783284,props,.blend,,,,,Crate.blend,Ultimate Fantasy RTS - Aug 2022-20260825T020634Z-1-001/Ultimate Fantasy RTS - Aug 2022/Blends/Crate.blend,Ultimate Fantasy RTS - Aug 2022-20260825T020634Z-1-001,,
,797964,props,.blend,,,,,Crate_Big_Stack2.blend,Ultimate Fantasy RTS - Aug 2022-20260825T020634Z-1-001/Ultimate Fantasy RTS - Aug 2022/Blends/Crate_Big_Stack2.blend,Ultimate Fantasy RTS - Aug 2022-20260825T020634Z-1-001,,
,797964,props,.blend,,,,,Crate_Stack1.blend,Ultimate Fantasy RTS - Aug 2022-20260825T020634Z-1-001/Ultimate Fantasy RTS - Aug 2022/Blends/Crate_Stack1.blend,Ultimate Fantasy RTS - Aug 2022-20260825T020634Z-1-001,,
,797964,props,.blend,,,,,Crate_Stack2.blend,Ultimate Fantasy RTS - Aug 2022-20260825T020634Z-1-001/Ultimate Fantasy RTS - Aug 2022/Blends/Crate_Stack2.blend,Ultimate Fantasy RTS - Aug 2022-20260825T020634Z-1-001,,
,787028,water,.blend,,,,,Dock_FirstAge.blend,Ultimate Fantasy RTS - Aug 2022-20260825T020634Z-1-001/Ultimate Fantasy RTS - Aug 2022/Blends/Dock_FirstAge.blend,Ultimate Fantasy RTS - Aug 2022-20260825T020634Z-1-001,,
,801016,terrain,.blend,,,,,Farm_Dirt_Level1.blend,Ultimate Fantasy RTS - Aug 2022-20260825T020634Z-1-001/Ultimate Fantasy RTS - Aug 2022/Blends/Farm_Dirt_Level1.blend,Ultimate Fantasy RTS - Aug 2022-20260825T020634Z-1-001,,
,1056800,terrain,.blend,,,,,Farm_Dirt_Level2.blend,Ultimate Fantasy RTS - Aug 2022-20260825T020634Z-1-001/Ultimate Fantasy RTS - Aug 2022/Blends/Farm_Dirt_Level2.blend,Ultimate Fantasy RTS - Aug 2022-20260825T020634Z-1-001,,
,2446680,terrain,.blend,,,,,Farm_Dirt_Level3.blend,Ultimate Fantasy RTS - Aug 2022-20260825T020634Z-1-001/Ultimate Fantasy RTS - Aug 2022/Blends/Farm_Dirt_Level3.blend,Ultimate Fantasy RTS - Aug 2022-20260825T020634Z-1-001,,
,778492,uncategorized,.blend,,,,,Farm_FirstAge_Level1.blend,Ultimate Fantasy RTS - Aug 2022-20260825T020634Z-1-001/Ultimate Fantasy RTS - Aug 2022/Blends/Farm_FirstAge_Level1.blend,Ultimate Fantasy RTS - Aug 2022-20260825T020634Z-1-001,,
,1132160,uncategorized,.blend,,,,,Farm_FirstAge_Level1_Wheat.blend,Ultimate Fantasy RTS - Aug 2022-20260825T020634Z-1-001/Ultimate Fantasy RTS - Aug 2022/Blends/Farm_FirstAge_Level1_Wheat.blend,Ultimate Fantasy RTS - Aug 2022-20260825T020634Z-1-001,,
,793508,uncategorized,.blend,,,,,Farm_FirstAge_Level2.blend,Ultimate Fantasy RTS - Aug 2022-20260825T020634Z-1-001/Ultimate Fantasy RTS - Aug 2022/Blends/Farm_FirstAge_Level2.blend,Ultimate Fantasy RTS - Aug 2022-20260825T020634Z-1-001,,
,1517376,uncategorized,.blend,,,,,Farm_FirstAge_Level2_Wheat.blend,Ultimate Fantasy RTS - Aug 2022-20260825T020634Z-1-001/Ultimate Fantasy RTS - Aug 2022/Blends/Farm_FirstAge_Level2_Wheat.blend,Ultimate Fantasy RTS - Aug 2022-20260825T020634Z-1-001,,
,801016,uncategorized,.blend,,,,,Farm_FirstAge_Level3.blend,Ultimate Fantasy RTS - Aug 2022-20260825T020634Z-1-001/Ultimate Fantasy RTS - Aug 2022/Blends/Farm_FirstAge_Level3.blend,Ultimate Fantasy RTS - Aug 2022-20260825T020634Z-1-001,,
,1711836,uncategorized,.blend,,,,,Farm_FirstAge_Level3_Wheat.blend,Ultimate Fantasy RTS - Aug 2022-20260825T020634Z-1-001/Ultimate Fantasy RTS - Aug 2022/Blends/Farm_FirstAge_Level3_Wheat.blend,Ultimate Fantasy RTS - Aug 2022-20260825T020634Z-1-001,,
,957776,uncategorized,.blend,,,,,Farm_SecondAge_Level1.blend,Ultimate Fantasy RTS - Aug 2022-20260825T020634Z-1-001/Ultimate Fantasy RTS - Aug 2022/Blends/Farm_SecondAge_Level1.blend,Ultimate Fantasy RTS - Aug 2022-20260825T020634Z-1-001,,
,1001708,uncategorized,.blend,,,,,Farm_SecondAge_Level1_Wheat.blend,Ultimate Fantasy RTS - Aug 2022-20260825T020634Z-1-001/Ultimate Fantasy RTS - Aug 2022/Blends/Farm_SecondAge_Level1_Wheat.blend,Ultimate Fantasy RTS - Aug 2022-20260825T020634Z-1-001,,
,981260,uncategorized,.blend,,,,,Farm_SecondAge_Level2.blend,Ultimate Fantasy RTS - Aug 2022-20260825T020634Z-1-001/Ultimate Fantasy RTS - Aug 2022/Blends/Farm_SecondAge_Level2.blend,Ultimate Fantasy RTS - Aug 2022-20260825T020634Z-1-001,,
,1117140,uncategorized,.blend,,,,,Farm_SecondAge_Level2_Wheat.blend,Ultimate Fantasy RTS - Aug 2022-20260825T020634Z-1-001/Ultimate Fantasy RTS - Aug 2022/Blends/Farm_SecondAge_Level2_Wheat.blend,Ultimate Fantasy RTS - Aug 2022-20260825T020634Z-1-001,,
,1100448,uncategorized,.blend,,,,,Farm_SecondAge_Level3.blend,Ultimate Fantasy RTS - Aug 2022-20260825T020634Z-1-001/Ultimate Fantasy RTS - Aug 2022/Blends/Farm_SecondAge_Level3.blend,Ultimate Fantasy RTS - Aug 2022-20260825T020634Z-1-001,,
,1227660,uncategorized,.blend,,,,,Farm_SecondAge_Level3_Wheat.blend,Ultimate Fantasy RTS - Aug 2022-20260825T020634Z-1-001/Ultimate Fantasy RTS - Aug 2022/Blends/Farm_SecondAge_Level3_Wheat.blend,Ultimate Fantasy RTS - Aug 2022-20260825T020634Z-1-001,,
,787380,architecture,.blend,,,,,Houses_FirstAge_1_Level1.blend,Ultimate Fantasy RTS - Aug 2022-20260825T020634Z-1-001/Ultimate Fantasy RTS - Aug 2022/Blends/Houses_FirstAge_1_Level1.blend,Ultimate Fantasy RTS - Aug 2022-20260825T020634Z-1-001,,
,797772,architecture,.blend,,,,,Houses_FirstAge_1_Level2.blend,Ultimate Fantasy RTS - Aug 2022-20260825T020634Z-1-001/Ultimate Fantasy RTS - Aug 2022/Blends/Houses_FirstAge_1_Level2.blend,Ultimate Fantasy RTS - Aug 2022-20260825T020634Z-1-001,,
,817716,architecture,.blend,,,,,Houses_FirstAge_1_Level3.blend,Ultimate Fantasy RTS - Aug 2022-20260825T020634Z-1-001/Ultimate Fantasy RTS - Aug 2022/Blends/Houses_FirstAge_1_Level3.blend,Ultimate Fantasy RTS - Aug 2022-20260825T020634Z-1-001,,
,806980,architecture,.blend,,,,,Houses_FirstAge_2_Level1.blend,Ultimate Fantasy RTS - Aug 2022-20260825T020634Z-1-001/Ultimate Fantasy RTS - Aug 2022/Blends/Houses_FirstAge_2_Level1.blend,Ultimate Fantasy RTS - Aug 2022-20260825T020634Z-1-001,,
,824120,architecture,.blend,,,,,Houses_FirstAge_2_Level2.blend,Ultimate Fantasy RTS - Aug 2022-20260825T020634Z-1-001/Ultimate Fantasy RTS - Aug 2022/Blends/Houses_FirstAge_2_Level2.blend,Ultimate Fantasy RTS - Aug 2022-20260825T020634Z-1-001,,
,857776,architecture,.blend,,,,,Houses_FirstAge_2_Level3.blend,Ultimate Fantasy RTS - Aug 2022-20260825T020634Z-1-001/Ultimate Fantasy RTS - Aug 2022/Blends/Houses_FirstAge_2_Level3.blend,Ultimate Fantasy RTS - Aug 2022-20260825T020634Z-1-001,,
,783228,architecture,.blend,,,,,Houses_FirstAge_3_Level1.blend,Ultimate Fantasy RTS - Aug 2022-20260825T020634Z-1-001/Ultimate Fantasy RTS - Aug 2022/Blends/Houses_FirstAge_3_Level1.blend,Ultimate Fantasy RTS - Aug 2022-20260825T020634Z-1-001,,
,802532,architecture,.blend,,,,,Houses_FirstAge_3_Level2.blend,Ultimate Fantasy RTS - Aug 2022-20260825T020634Z-1-001/Ultimate Fantasy RTS - Aug 2022/Blends/Houses_FirstAge_3_Level2.blend,Ultimate Fantasy RTS - Aug 2022-20260825T020634Z-1-001,,
,853296,architecture,.blend,,,,,Houses_FirstAge_3_Level3.blend,Ultimate Fantasy RTS - Aug 2022-20260825T020634Z-1-001/Ultimate Fantasy RTS - Aug 2022/Blends/Houses_FirstAge_3_Level3.blend,Ultimate Fantasy RTS - Aug 2022-20260825T020634Z-1-001,,
,907288,architecture,.blend,,,,,Houses_SecondAge_1_Level1.blend,Ultimate Fantasy RTS - Aug 2022-20260825T020634Z-1-001/Ultimate Fantasy RTS - Aug 2022/Blends/Houses_SecondAge_1_Level1.blend,Ultimate Fantasy RTS - Aug 2022-20260825T020634Z-1-001,,
,967956,architecture,.blend,,,,,Houses_SecondAge_1_Level2.blend,Ultimate Fantasy RTS - Aug 2022-20260825T020634Z-1-001/Ultimate Fantasy RTS - Aug 2022/Blends/Houses_SecondAge_1_Level2.blend,Ultimate Fantasy RTS - Aug 2022-20260825T020634Z-1-001,,
,989872,architecture,.blend,,,,,Houses_SecondAge_1_Level3.blend,Ultimate Fantasy RTS - Aug 2022-20260825T020634Z-1-001/Ultimate Fantasy RTS - Aug 2022/Blends/Houses_SecondAge_1_Level3.blend,Ultimate Fantasy RTS - Aug 2022-20260825T020634Z-1-001,,
,861140,architecture,.blend,,,,,Houses_SecondAge_2_Level1.blend,Ultimate Fantasy RTS - Aug 2022-20260825T020634Z-1-001/Ultimate Fantasy RTS - Aug 2022/Blends/Houses_SecondAge_2_Level1.blend,Ultimate Fantasy RTS - Aug 2022-20260825T020634Z-1-001,,
,985236,architecture,.blend,,,,,Houses_SecondAge_2_Level2.blend,Ultimate Fantasy RTS - Aug 2022-20260825T020634Z-1-001/Ultimate Fantasy RTS - Aug 2022/Blends/Houses_SecondAge_2_Level2.blend,Ultimate Fantasy RTS - Aug 2022-20260825T020634Z-1-001,,
,1082400,architecture,.blend,,,,,Houses_SecondAge_2_Level3.blend,Ultimate Fantasy RTS - Aug 2022-20260825T020634Z-1-001/Ultimate Fantasy RTS - Aug 2022/Blends/Houses_SecondAge_2_Level3.blend,Ultimate Fantasy RTS - Aug 2022-20260825T020634Z-1-001,,
,832484,architecture,.blend,,,,,Houses_SecondAge_3_Level1.blend,Ultimate Fantasy RTS - Aug 2022-20260825T020634Z-1-001/Ultimate Fantasy RTS - Aug 2022/Blends/Houses_SecondAge_3_Level1.blend,Ultimate Fantasy RTS - Aug 2022-20260825T020634Z-1-001,,
,904764,architecture,.blend,,,,,Houses_SecondAge_3_Level2.blend,Ultimate Fantasy RTS - Aug 2022-20260825T020634Z-1-001/Ultimate Fantasy RTS - Aug 2022/Blends/Houses_SecondAge_3_Level2.blend,Ultimate Fantasy RTS - Aug 2022-20260825T020634Z-1-001,,
,958248,architecture,.blend,,,,,Houses_SecondAge_3_Level3.blend,Ultimate Fantasy RTS - Aug 2022-20260825T020634Z-1-001/Ultimate Fantasy RTS - Aug 2022/Blends/Houses_SecondAge_3_Level3.blend,Ultimate Fantasy RTS - Aug 2022-20260825T020634Z-1-001,,
,807372,vegetation,.blend,,,,,Logs.blend,Ultimate Fantasy RTS - Aug 2022-20260825T020634Z-1-001/Ultimate Fantasy RTS - Aug 2022/Blends/Logs.blend,Ultimate Fantasy RTS - Aug 2022-20260825T020634Z-1-001,,
,1001040,uncategorized,.blend,,,,,Market_FirstAge_Level1.blend,Ultimate Fantasy RTS - Aug 2022-20260825T020634Z-1-001/Ultimate Fantasy RTS - Aug 2022/Blends/Market_FirstAge_Level1.blend,Ultimate Fantasy RTS - Aug 2022-20260825T020634Z-1-001,,
,1118520,uncategorized,.blend,,,,,Market_FirstAge_Level2.blend,Ultimate Fantasy RTS - Aug 2022-20260825T020634Z-1-001/Ultimate Fantasy RTS - Aug 2022/Blends/Market_FirstAge_Level2.blend,Ultimate Fantasy RTS - Aug 2022-20260825T020634Z-1-001,,
,1161568,uncategorized,.blend,,,,,Market_FirstAge_Level3.blend,Ultimate Fantasy RTS - Aug 2022-20260825T020634Z-1-001/Ultimate Fantasy RTS - Aug 2022/Blends/Market_FirstAge_Level3.blend,Ultimate Fantasy RTS - Aug 2022-20260825T020634Z-1-001,,
,1169912,uncategorized,.blend,,,,,Market_SecondAge_Level1.blend,Ultimate Fantasy RTS - Aug 2022-20260825T020634Z-1-001/Ultimate Fantasy RTS - Aug 2022/Blends/Market_SecondAge_Level1.blend,Ultimate Fantasy RTS - Aug 2022-20260825T020634Z-1-001,,
,1434048,uncategorized,.blend,,,,,Market_SecondAge_Level2.blend,Ultimate Fantasy RTS - Aug 2022-20260825T020634Z-1-001/Ultimate Fantasy RTS - Aug 2022/Blends/Market_SecondAge_Level2.blend,Ultimate Fantasy RTS - Aug 2022-20260825T020634Z-1-001,,
,1883664,uncategorized,.blend,,,,,Market_SecondAge_Level3.blend,Ultimate Fantasy RTS - Aug 2022-20260825T020634Z-1-001/Ultimate Fantasy RTS - Aug 2022/Blends/Market_SecondAge_Level3.blend,Ultimate Fantasy RTS - Aug 2022-20260825T020634Z-1-001,,
,955788,uncategorized,.blend,,,,,Mine.blend,Ultimate Fantasy RTS - Aug 2022-20260825T020634Z-1-001/Ultimate Fantasy RTS - Aug 2022/Blends/Mine.blend,Ultimate Fantasy RTS - Aug 2022-20260825T020634Z-1-001,,
,900248,terrain,.blend,,,,,Mountain_Group_1.blend,Ultimate Fantasy RTS - Aug 2022-20260825T020634Z-1-001/Ultimate Fantasy RTS - Aug 2022/Blends/Mountain_Group_1.blend,Ultimate Fantasy RTS - Aug 2022-20260825T020634Z-1-001,,
,819812,terrain,.blend,,,,,Mountain_Group_2.blend,Ultimate Fantasy RTS - Aug 2022-20260825T020634Z-1-001/Ultimate Fantasy RTS - Aug 2022/Blends/Mountain_Group_2.blend,Ultimate Fantasy RTS - Aug 2022-20260825T020634Z-1-001,,
,781112,terrain,.blend,,,,,Mountain_Single.blend,Ultimate Fantasy RTS - Aug 2022-20260825T020634Z-1-001/Ultimate Fantasy RTS - Aug 2022/Blends/Mountain_Single.blend,Ultimate Fantasy RTS - Aug 2022-20260825T020634Z-1-001,,
,809768,terrain,.blend,,,,,MountainLarge_Single.blend,Ultimate Fantasy RTS - Aug 2022-20260825T020634Z-1-001/Ultimate Fantasy RTS - Aug 2022/Blends/MountainLarge_Single.blend,Ultimate Fantasy RTS - Aug 2022-20260825T020634Z-1-001,,
,1018384,uncategorized,.blend,,,,,Port_FirstAge_Level1.blend,Ultimate Fantasy RTS - Aug 2022-20260825T020634Z-1-001/Ultimate Fantasy RTS - Aug 2022/Blends/Port_FirstAge_Level1.blend,Ultimate Fantasy RTS - Aug 2022-20260825T020634Z-1-001,,
,1106688,uncategorized,.blend,,,,,Port_FirstAge_Level2.blend,Ultimate Fantasy RTS - Aug 2022-20260825T020634Z-1-001/Ultimate Fantasy RTS - Aug 2022/Blends/Port_FirstAge_Level2.blend,Ultimate Fantasy RTS - Aug 2022-20260825T020634Z-1-001,,
,1019700,uncategorized,.blend,,,,,Port_FirstAge_Level3.blend,Ultimate Fantasy RTS - Aug 2022-20260825T020634Z-1-001/Ultimate Fantasy RTS - Aug 2022/Blends/Port_FirstAge_Level3.blend,Ultimate Fantasy RTS - Aug 2022-20260825T020634Z-1-001,,
,1264308,uncategorized,.blend,,,,,Port_SecondAge_Level1.blend,Ultimate Fantasy RTS - Aug 2022-20260825T020634Z-1-001/Ultimate Fantasy RTS - Aug 2022/Blends/Port_SecondAge_Level1.blend,Ultimate Fantasy RTS - Aug 2022-20260825T020634Z-1-001,,
,1333040,uncategorized,.blend,,,,,Port_SecondAge_Level2.blend,Ultimate Fantasy RTS - Aug 2022-20260825T020634Z-1-001/Ultimate Fantasy RTS - Aug 2022/Blends/Port_SecondAge_Level2.blend,Ultimate Fantasy RTS - Aug 2022-20260825T020634Z-1-001,,
,1409764,uncategorized,.blend,,,,,Port_SecondAge_Level3.blend,Ultimate Fantasy RTS - Aug 2022-20260825T020634Z-1-001/Ultimate Fantasy RTS - Aug 2022/Blends/Port_SecondAge_Level3.blend,Ultimate Fantasy RTS - Aug 2022-20260825T020634Z-1-001,,
,846236,uncategorized,.blend,,,,,Resource_Gold_1.blend,Ultimate Fantasy RTS - Aug 2022-20260825T020634Z-1-001/Ultimate Fantasy RTS - Aug 2022/Blends/Resource_Gold_1.blend,Ultimate Fantasy RTS - Aug 2022-20260825T020634Z-1-001,,
,848252,uncategorized,.blend,,,,,Resource_Gold_2.blend,Ultimate Fantasy RTS - Aug 2022-20260825T020634Z-1-001/Ultimate Fantasy RTS - Aug 2022/Blends/Resource_Gold_2.blend,Ultimate Fantasy RTS - Aug 2022-20260825T020634Z-1-001,,
,837052,uncategorized,.blend,,,,,Resource_Gold_3.blend,Ultimate Fantasy RTS - Aug 2022-20260825T020634Z-1-001/Ultimate Fantasy RTS - Aug 2022/Blends/Resource_Gold_3.blend,Ultimate Fantasy RTS - Aug 2022-20260825T020634Z-1-001,,
,788292,vegetation,.blend,,,,,Resource_PineTree.blend,Ultimate Fantasy RTS - Aug 2022-20260825T020634Z-1-001/Ultimate Fantasy RTS - Aug 2022/Blends/Resource_PineTree.blend,Ultimate Fantasy RTS - Aug 2022-20260825T020634Z-1-001,,
,974956,vegetation,.blend,,,,,Resource_PineTree_Group.blend,Ultimate Fantasy RTS - Aug 2022-20260825T020634Z-1-001/Ultimate Fantasy RTS - Aug 2022/Blends/Resource_PineTree_Group.blend,Ultimate Fantasy RTS - Aug 2022-20260825T020634Z-1-001,,
,807324,vegetation,.blend,,,,,Resource_PineTree_Group_Cut.blend,Ultimate Fantasy RTS - Aug 2022-20260825T020634Z-1-001/Ultimate Fantasy RTS - Aug 2022/Blends/Resource_PineTree_Group_Cut.blend,Ultimate Fantasy RTS - Aug 2022-20260825T020634Z-1-001,,
,811804,terrain,.blend,,,,,Resource_Rock_1.blend,Ultimate Fantasy RTS - Aug 2022-20260825T020634Z-1-001/Ultimate Fantasy RTS - Aug 2022/Blends/Resource_Rock_1.blend,Ultimate Fantasy RTS - Aug 2022-20260825T020634Z-1-001,,
,808612,terrain,.blend,,,,,Resource_Rock_2.blend,Ultimate Fantasy RTS - Aug 2022-20260825T020634Z-1-001/Ultimate Fantasy RTS - Aug 2022/Blends/Resource_Rock_2.blend,Ultimate Fantasy RTS - Aug 2022-20260825T020634Z-1-001,,
,796332,terrain,.blend,,,,,Resource_Rock_3.blend,Ultimate Fantasy RTS - Aug 2022-20260825T020634Z-1-001/Ultimate Fantasy RTS - Aug 2022/Blends/Resource_Rock_3.blend,Ultimate Fantasy RTS - Aug 2022-20260825T020634Z-1-001,,
,792900,vegetation,.blend,,,,,Resource_Tree1.blend,Ultimate Fantasy RTS - Aug 2022-20260825T020634Z-1-001/Ultimate Fantasy RTS - Aug 2022/Blends/Resource_Tree1.blend,Ultimate Fantasy RTS - Aug 2022-20260825T020634Z-1-001,,
,785408,vegetation,.blend,,,,,Resource_Tree2.blend,Ultimate Fantasy RTS - Aug 2022-20260825T020634Z-1-001/Ultimate Fantasy RTS - Aug 2022/Blends/Resource_Tree2.blend,Ultimate Fantasy RTS - Aug 2022-20260825T020634Z-1-001,,
,978096,vegetation,.blend,,,,,Resource_Tree_Group.blend,Ultimate Fantasy RTS - Aug 2022-20260825T020634Z-1-001/Ultimate Fantasy RTS - Aug 2022/Blends/Resource_Tree_Group.blend,Ultimate Fantasy RTS - Aug 2022-20260825T020634Z-1-001,,
,797636,vegetation,.blend,,,,,Resource_Tree_Group_Cut.blend,Ultimate Fantasy RTS - Aug 2022-20260825T020634Z-1-001/Ultimate Fantasy RTS - Aug 2022/Blends/Resource_Tree_Group_Cut.blend,Ultimate Fantasy RTS - Aug 2022-20260825T020634Z-1-001,,
,776028,terrain,.blend,,,,,Rock.blend,Ultimate Fantasy RTS - Aug 2022-20260825T020634Z-1-001/Ultimate Fantasy RTS - Aug 2022/Blends/Rock.blend,Ultimate Fantasy RTS - Aug 2022-20260825T020634Z-1-001,,
,829788,terrain,.blend,,,,,Rock_Group.blend,Ultimate Fantasy RTS - Aug 2022-20260825T020634Z-1-001/Ultimate Fantasy RTS - Aug 2022/Blends/Rock_Group.blend,Ultimate Fantasy RTS - Aug 2022-20260825T020634Z-1-001,,
,1182444,uncategorized,.blend,,,,,Storage_FirstAge_Leve3.blend,Ultimate Fantasy RTS - Aug 2022-20260825T020634Z-1-001/Ultimate Fantasy RTS - Aug 2022/Blends/Storage_FirstAge_Leve3.blend,Ultimate Fantasy RTS - Aug 2022-20260825T020634Z-1-001,,
,992652,uncategorized,.blend,,,,,Storage_FirstAge_Level1.blend,Ultimate Fantasy RTS - Aug 2022-20260825T020634Z-1-001/Ultimate Fantasy RTS - Aug 2022/Blends/Storage_FirstAge_Level1.blend,Ultimate Fantasy RTS - Aug 2022-20260825T020634Z-1-001,,
,1057812,uncategorized,.blend,,,,,Storage_FirstAge_Level2.blend,Ultimate Fantasy RTS - Aug 2022-20260825T020634Z-1-001/Ultimate Fantasy RTS - Aug 2022/Blends/Storage_FirstAge_Level2.blend,Ultimate Fantasy RTS - Aug 2022-20260825T020634Z-1-001,,
,1407940,uncategorized,.blend,,,,,Storage_SecondAge_Level1.blend,Ultimate Fantasy RTS - Aug 2022-20260825T020634Z-1-001/Ultimate Fantasy RTS - Aug 2022/Blends/Storage_SecondAge_Level1.blend,Ultimate Fantasy RTS - Aug 2022-20260825T020634Z-1-001,,
,1455348,uncategorized,.blend,,,,,Storage_SecondAge_Level2.blend,Ultimate Fantasy RTS - Aug 2022-20260825T020634Z-1-001/Ultimate Fantasy RTS - Aug 2022/Blends/Storage_SecondAge_Level2.blend,Ultimate Fantasy RTS - Aug 2022-20260825T020634Z-1-001,,
,1440944,uncategorized,.blend,,,,,Storage_SecondAge_Level3.blend,Ultimate Fantasy RTS - Aug 2022-20260825T020634Z-1-001/Ultimate Fantasy RTS - Aug 2022/Blends/Storage_SecondAge_Level3.blend,Ultimate Fantasy RTS - Aug 2022-20260825T020634Z-1-001,,
,1121620,uncategorized,.blend,,,,,Temple_FirstAge_Level1.blend,Ultimate Fantasy RTS - Aug 2022-20260825T020634Z-1-001/Ultimate Fantasy RTS - Aug 2022/Blends/Temple_FirstAge_Level1.blend,Ultimate Fantasy RTS - Aug 2022-20260825T020634Z-1-001,,
,1199764,uncategorized,.blend,,,,,Temple_FirstAge_Level2.blend,Ultimate Fantasy RTS - Aug 2022-20260825T020634Z-1-001/Ultimate Fantasy RTS - Aug 2022/Blends/Temple_FirstAge_Level2.blend,Ultimate Fantasy RTS - Aug 2022-20260825T020634Z-1-001,,
,1571380,uncategorized,.blend,,,,,Temple_FirstAge_Level3.blend,Ultimate Fantasy RTS - Aug 2022-20260825T020634Z-1-001/Ultimate Fantasy RTS - Aug 2022/Blends/Temple_FirstAge_Level3.blend,Ultimate Fantasy RTS - Aug 2022-20260825T020634Z-1-001,,
,794520,uncategorized,.blend,,,,,Temple_SecondAge_Level1.blend,Ultimate Fantasy RTS - Aug 2022-20260825T020634Z-1-001/Ultimate Fantasy RTS - Aug 2022/Blends/Temple_SecondAge_Level1.blend,Ultimate Fantasy RTS - Aug 2022-20260825T020634Z-1-001,,
,887032,uncategorized,.blend,,,,,Temple_SecondAge_Level2.blend,Ultimate Fantasy RTS - Aug 2022-20260825T020634Z-1-001/Ultimate Fantasy RTS - Aug 2022/Blends/Temple_SecondAge_Level2.blend,Ultimate Fantasy RTS - Aug 2022-20260825T020634Z-1-001,,
,1037640,uncategorized,.blend,,,,,Temple_SecondAge_Level3.blend,Ultimate Fantasy RTS - Aug 2022-20260825T020634Z-1-001/Ultimate Fantasy RTS - Aug 2022/Blends/Temple_SecondAge_Level3.blend,Ultimate Fantasy RTS - Aug 2022-20260825T020634Z-1-001,,
,913264,architecture,.blend,,,,,TowerHouse_FirstAge.blend,Ultimate Fantasy RTS - Aug 2022-20260825T020634Z-1-001/Ultimate Fantasy RTS - Aug 2022/Blends/TowerHouse_FirstAge.blend,Ultimate Fantasy RTS - Aug 2022-20260825T020634Z-1-001,,
,1070176,architecture,.blend,,,,,TowerHouse_SecondAge.blend,Ultimate Fantasy RTS - Aug 2022-20260825T020634Z-1-001/Ultimate Fantasy RTS - Aug 2022/Blends/TowerHouse_SecondAge.blend,Ultimate Fantasy RTS - Aug 2022-20260825T020634Z-1-001,,
,824988,uncategorized,.blend,,,,,TownCenter_FirstAge_Level1.blend,Ultimate Fantasy RTS - Aug 2022-20260825T020634Z-1-001/Ultimate Fantasy RTS - Aug 2022/Blends/TownCenter_FirstAge_Level1.blend,Ultimate Fantasy RTS - Aug 2022-20260825T020634Z-1-001,,
,1010592,uncategorized,.blend,,,,,TownCenter_FirstAge_Level2.blend,Ultimate Fantasy RTS - Aug 2022-20260825T020634Z-1-001/Ultimate Fantasy RTS - Aug 2022/Blends/TownCenter_FirstAge_Level2.blend,Ultimate Fantasy RTS - Aug 2022-20260825T020634Z-1-001,,
,1150928,uncategorized,.blend,,,,,TownCenter_FirstAge_Level3.blend,Ultimate Fantasy RTS - Aug 2022-20260825T020634Z-1-001/Ultimate Fantasy RTS - Aug 2022/Blends/TownCenter_FirstAge_Level3.blend,Ultimate Fantasy RTS - Aug 2022-20260825T020634Z-1-001,,
,1090000,uncategorized,.blend,,,,,TownCenter_SecondAge_Level1.blend,Ultimate Fantasy RTS - Aug 2022-20260825T020634Z-1-001/Ultimate Fantasy RTS - Aug 2022/Blends/TownCenter_SecondAge_Level1.blend,Ultimate Fantasy RTS - Aug 2022-20260825T020634Z-1-001,,
,1333016,uncategorized,.blend,,,,,TownCenter_SecondAge_Level2.blend,Ultimate Fantasy RTS - Aug 2022-20260825T020634Z-1-001/Ultimate Fantasy RTS - Aug 2022/Blends/TownCenter_SecondAge_Level2.blend,Ultimate Fantasy RTS - Aug 2022-20260825T020634Z-1-001,,
,1593784,uncategorized,.blend,,,,,TownCenter_SecondAge_Level3.blend,Ultimate Fantasy RTS - Aug 2022-20260825T020634Z-1-001/Ultimate Fantasy RTS - Aug 2022/Blends/TownCenter_SecondAge_Level3.blend,Ultimate Fantasy RTS - Aug 2022-20260825T020634Z-1-001,,
,786868,architecture,.blend,,,,,Wall_FirstAge.blend,Ultimate Fantasy RTS - Aug 2022-20260825T020634Z-1-001/Ultimate Fantasy RTS - Aug 2022/Blends/Wall_FirstAge.blend,Ultimate Fantasy RTS - Aug 2022-20260825T020634Z-1-001,,
,788932,architecture,.blend,,,,,Wall_SecondAge.blend,Ultimate Fantasy RTS - Aug 2022-20260825T020634Z-1-001/Ultimate Fantasy RTS - Aug 2022/Blends/Wall_SecondAge.blend,Ultimate Fantasy RTS - Aug 2022-20260825T020634Z-1-001,,
,871712,architecture,.blend,,,,,WallTowers_Door_FirstAge.blend,Ultimate Fantasy RTS - Aug 2022-20260825T020634Z-1-001/Ultimate Fantasy RTS - Aug 2022/Blends/WallTowers_Door_FirstAge.blend,Ultimate Fantasy RTS - Aug 2022-20260825T020634Z-1-001,,
,915292,architecture,.blend,,,,,WallTowers_Door_SecondAge.blend,Ultimate Fantasy RTS - Aug 2022-20260825T020634Z-1-001/Ultimate Fantasy RTS - Aug 2022/Blends/WallTowers_Door_SecondAge.blend,Ultimate Fantasy RTS - Aug 2022-20260825T020634Z-1-001,,
,879448,architecture,.blend,,,,,WallTowers_DoorClosed_FirstAge.blend,Ultimate Fantasy RTS - Aug 2022-20260825T020634Z-1-001/Ultimate Fantasy RTS - Aug 2022/Blends/WallTowers_DoorClosed_FirstAge.blend,Ultimate Fantasy RTS - Aug 2022-20260825T020634Z-1-001,,
,930664,architecture,.blend,,,,,WallTowers_DoorClosed_SecondAge.blend,Ultimate Fantasy RTS - Aug 2022-20260825T020634Z-1-001/Ultimate Fantasy RTS - Aug 2022/Blends/WallTowers_DoorClosed_SecondAge.blend,Ultimate Fantasy RTS - Aug 2022-20260825T020634Z-1-001,,
,834772,architecture,.blend,,,,,WallTowers_FirstAge.blend,Ultimate Fantasy RTS - Aug 2022-20260825T020634Z-1-001/Ultimate Fantasy RTS - Aug 2022/Blends/WallTowers_FirstAge.blend,Ultimate Fantasy RTS - Aug 2022-20260825T020634Z-1-001,,
,906284,architecture,.blend,,,,,WallTowers_SecondAge.blend,Ultimate Fantasy RTS - Aug 2022-20260825T020634Z-1-001/Ultimate Fantasy RTS - Aug 2022/Blends/WallTowers_SecondAge.blend,Ultimate Fantasy RTS - Aug 2022-20260825T020634Z-1-001,,
,816144,architecture,.blend,,,,,WatchTower_FirstAge_Level1.blend,Ultimate Fantasy RTS - Aug 2022-20260825T020634Z-1-001/Ultimate Fantasy RTS - Aug 2022/Blends/WatchTower_FirstAge_Level1.blend,Ultimate Fantasy RTS - Aug 2022-20260825T020634Z-1-001,,
,824384,architecture,.blend,,,,,WatchTower_FirstAge_Level2.blend,Ultimate Fantasy RTS - Aug 2022-20260825T020634Z-1-001/Ultimate Fantasy RTS - Aug 2022/Blends/WatchTower_FirstAge_Level2.blend,Ultimate Fantasy RTS - Aug 2022-20260825T020634Z-1-001,,
,868256,architecture,.blend,,,,,WatchTower_FirstAge_Level3.blend,Ultimate Fantasy RTS - Aug 2022-20260825T020634Z-1-001/Ultimate Fantasy RTS - Aug 2022/Blends/WatchTower_FirstAge_Level3.blend,Ultimate Fantasy RTS - Aug 2022-20260825T020634Z-1-001,,
,1048364,architecture,.blend,,,,,WatchTower_SecondAge_Level1.blend,Ultimate Fantasy RTS - Aug 2022-20260825T020634Z-1-001/Ultimate Fantasy RTS - Aug 2022/Blends/WatchTower_SecondAge_Level1.blend,Ultimate Fantasy RTS - Aug 2022-20260825T020634Z-1-001,,
,1020336,architecture,.blend,,,,,WatchTower_SecondAge_Level2.blend,Ultimate Fantasy RTS - Aug 2022-20260825T020634Z-1-001/Ultimate Fantasy RTS - Aug 2022/Blends/WatchTower_SecondAge_Level2.blend,Ultimate Fantasy RTS - Aug 2022-20260825T020634Z-1-001,,
,1005104,architecture,.blend,,,,,WatchTower_SecondAge_Level3.blend,Ultimate Fantasy RTS - Aug 2022-20260825T020634Z-1-001/Ultimate Fantasy RTS - Aug 2022/Blends/WatchTower_SecondAge_Level3.blend,Ultimate Fantasy RTS - Aug 2022-20260825T020634Z-1-001,,
,928356,uncategorized,.blend,,,,,Windmill_FirstAge.blend,Ultimate Fantasy RTS - Aug 2022-20260825T020634Z-1-001/Ultimate Fantasy RTS - Aug 2022/Blends/Windmill_FirstAge.blend,Ultimate Fantasy RTS - Aug 2022-20260825T020634Z-1-001,,
,916176,uncategorized,.blend,,,,,Windmill_SecondAge.blend,Ultimate Fantasy RTS - Aug 2022-20260825T020634Z-1-001/Ultimate Fantasy RTS - Aug 2022/Blends/Windmill_SecondAge.blend,Ultimate Fantasy RTS - Aug 2022-20260825T020634Z-1-001,,
,1082892,uncategorized,.blend,,,,,Wonder_FirstAge_Level1.blend,Ultimate Fantasy RTS - Aug 2022-20260825T020634Z-1-001/Ultimate Fantasy RTS - Aug 2022/Blends/Wonder_FirstAge_Level1.blend,Ultimate Fantasy RTS - Aug 2022-20260825T020634Z-1-001,,
,1379900,uncategorized,.blend,,,,,Wonder_FirstAge_Level2.blend,Ultimate Fantasy RTS - Aug 2022-20260825T020634Z-1-001/Ultimate Fantasy RTS - Aug 2022/Blends/Wonder_FirstAge_Level2.blend,Ultimate Fantasy RTS - Aug 2022-20260825T020634Z-1-001,,
,1595292,uncategorized,.blend,,,,,Wonder_FirstAge_Level3.blend,Ultimate Fantasy RTS - Aug 2022-20260825T020634Z-1-001/Ultimate Fantasy RTS - Aug 2022/Blends/Wonder_FirstAge_Level3.blend,Ultimate Fantasy RTS - Aug 2022-20260825T020634Z-1-001,,
,848176,uncategorized,.blend,,,,,Wonder_SecondAge_Level1.blend,Ultimate Fantasy RTS - Aug 2022-20260825T020634Z-1-001/Ultimate Fantasy RTS - Aug 2022/Blends/Wonder_SecondAge_Level1.blend,Ultimate Fantasy RTS - Aug 2022-20260825T020634Z-1-001,,
,1383300,uncategorized,.blend,,,,,Wonder_SecondAge_Level2.blend,Ultimate Fantasy RTS - Aug 2022-20260825T020634Z-1-001/Ultimate Fantasy RTS - Aug 2022/Blends/Wonder_SecondAge_Level2.blend,Ultimate Fantasy RTS - Aug 2022-20260825T020634Z-1-001,,
,1475444,uncategorized,.blend,,,,,Wonder_SecondAge_Level3.blend,Ultimate Fantasy RTS - Aug 2022-20260825T020634Z-1-001/Ultimate Fantasy RTS - Aug 2022/Blends/Wonder_SecondAge_Level3.blend,Ultimate Fantasy RTS - Aug 2022-20260825T020634Z-1-001,,
,1070812,architecture,.blend,,,,,WonderWalls_FirstAge.blend,Ultimate Fantasy RTS - Aug 2022-20260825T020634Z-1-001/Ultimate Fantasy RTS - Aug 2022/Blends/WonderWalls_FirstAge.blend,Ultimate Fantasy RTS - Aug 2022-20260825T020634Z-1-001,,
,1276376,architecture,.blend,,,,,WonderWalls_SecondAge.blend,Ultimate Fantasy RTS - Aug 2022-20260825T020634Z-1-001/Ultimate Fantasy RTS - Aug 2022/Blends/WonderWalls_SecondAge.blend,Ultimate Fantasy RTS - Aug 2022-20260825T020634Z-1-001,,
,107276,uncategorized,.fbx,,,,,Archery_FirstAge_Level1.fbx,Ultimate Fantasy RTS - Aug 2022-20260825T020634Z-1-001/Ultimate Fantasy RTS - Aug 2022/FBX/Archery_FirstAge_Level1.fbx,Ultimate Fantasy RTS - Aug 2022-20260825T020634Z-1-001,,
,117500,uncategorized,.fbx,,,,,Archery_FirstAge_Level2.fbx,Ultimate Fantasy RTS - Aug 2022-20260825T020634Z-1-001/Ultimate Fantasy RTS - Aug 2022/FBX/Archery_FirstAge_Level2.fbx,Ultimate Fantasy RTS - Aug 2022-20260825T020634Z-1-001,,
,139948,uncategorized,.fbx,,,,,Archery_FirstAge_Level3.fbx,Ultimate Fantasy RTS - Aug 2022-20260825T020634Z-1-001/Ultimate Fantasy RTS - Aug 2022/FBX/Archery_FirstAge_Level3.fbx,Ultimate Fantasy RTS - Aug 2022-20260825T020634Z-1-001,,
,145180,uncategorized,.fbx,,,,,Archery_SecondAge_Level1.fbx,Ultimate Fantasy RTS - Aug 2022-20260825T020634Z-1-001/Ultimate Fantasy RTS - Aug 2022/FBX/Archery_SecondAge_Level1.fbx,Ultimate Fantasy RTS - Aug 2022-20260825T020634Z-1-001,,
,163724,uncategorized,.fbx,,,,,Archery_SecondAge_Level2.fbx,Ultimate Fantasy RTS - Aug 2022-20260825T020634Z-1-001/Ultimate Fantasy RTS - Aug 2022/FBX/Archery_SecondAge_Level2.fbx,Ultimate Fantasy RTS - Aug 2022-20260825T020634Z-1-001,,
,217884,uncategorized,.fbx,,,,,Archery_SecondAge_Level3.fbx,Ultimate Fantasy RTS - Aug 2022-20260825T020634Z-1-001/Ultimate Fantasy RTS - Aug 2022/FBX/Archery_SecondAge_Level3.fbx,Ultimate Fantasy RTS - Aug 2022-20260825T020634Z-1-001,,
,48140,props,.fbx,,,,,Barracks_FirstAge_Level1.fbx,Ultimate Fantasy RTS - Aug 2022-20260825T020634Z-1-001/Ultimate Fantasy RTS - Aug 2022/FBX/Barracks_FirstAge_Level1.fbx,Ultimate Fantasy RTS - Aug 2022-20260825T020634Z-1-001,,
,68124,props,.fbx,,,,,Barracks_FirstAge_Level2.fbx,Ultimate Fantasy RTS - Aug 2022-20260825T020634Z-1-001/Ultimate Fantasy RTS - Aug 2022/FBX/Barracks_FirstAge_Level2.fbx,Ultimate Fantasy RTS - Aug 2022-20260825T020634Z-1-001,,
,100428,props,.fbx,,,,,Barracks_FirstAge_Level3.fbx,Ultimate Fantasy RTS - Aug 2022-20260825T020634Z-1-001/Ultimate Fantasy RTS - Aug 2022/FBX/Barracks_FirstAge_Level3.fbx,Ultimate Fantasy RTS - Aug 2022-20260825T020634Z-1-001,,
,83532,props,.fbx,,,,,Barracks_SecondAge_Level1.fbx,Ultimate Fantasy RTS - Aug 2022-20260825T020634Z-1-001/Ultimate Fantasy RTS - Aug 2022/FBX/Barracks_SecondAge_Level1.fbx,Ultimate Fantasy RTS - Aug 2022-20260825T020634Z-1-001,,
,140028,props,.fbx,,,,,Barracks_SecondAge_Level2.fbx,Ultimate Fantasy RTS - Aug 2022-20260825T020634Z-1-001/Ultimate Fantasy RTS - Aug 2022/FBX/Barracks_SecondAge_Level2.fbx,Ultimate Fantasy RTS - Aug 2022-20260825T020634Z-1-001,,
,161516,props,.fbx,,,,,Barracks_SecondAge_Level3.fbx,Ultimate Fantasy RTS - Aug 2022-20260825T020634Z-1-001/Ultimate Fantasy RTS - Aug 2022/FBX/Barracks_SecondAge_Level3.fbx,Ultimate Fantasy RTS - Aug 2022-20260825T020634Z-1-001,,
,20460,props,.fbx,,,,,Barrel.fbx,Ultimate Fantasy RTS - Aug 2022-20260825T020634Z-1-001/Ultimate Fantasy RTS - Aug 2022/FBX/Barrel.fbx,Ultimate Fantasy RTS - Aug 2022-20260825T020634Z-1-001,,
,21116,props,.fbx,,,,,Crate.fbx,Ultimate Fantasy RTS - Aug 2022-20260825T020634Z-1-001/Ultimate Fantasy RTS - Aug 2022/FBX/Crate.fbx,Ultimate Fantasy RTS - Aug 2022-20260825T020634Z-1-001,,
,26924,props,.fbx,,,,,Crate_Big_Stack2.fbx,Ultimate Fantasy RTS - Aug 2022-20260825T020634Z-1-001/Ultimate Fantasy RTS - Aug 2022/FBX/Crate_Big_Stack2.fbx,Ultimate Fantasy RTS - Aug 2022-20260825T020634Z-1-001,,
,26956,props,.fbx,,,,,Crate_Stack1.fbx,Ultimate Fantasy RTS - Aug 2022-20260825T020634Z-1-001/Ultimate Fantasy RTS - Aug 2022/FBX/Crate_Stack1.fbx,Ultimate Fantasy RTS - Aug 2022-20260825T020634Z-1-001,,
,26908,props,.fbx,,,,,Crate_Stack2.fbx,Ultimate Fantasy RTS - Aug 2022-20260825T020634Z-1-001/Ultimate Fantasy RTS - Aug 2022/FBX/Crate_Stack2.fbx,Ultimate Fantasy RTS - Aug 2022-20260825T020634Z-1-001,,
,22844,water,.fbx,,,,,Dock_FirstAge.fbx,Ultimate Fantasy RTS - Aug 2022-20260825T020634Z-1-001/Ultimate Fantasy RTS - Aug 2022/FBX/Dock_FirstAge.fbx,Ultimate Fantasy RTS - Aug 2022-20260825T020634Z-1-001,,
,28444,terrain,.fbx,,,,,Farm_Dirt_Level1.fbx,Ultimate Fantasy RTS - Aug 2022-20260825T020634Z-1-001/Ultimate Fantasy RTS - Aug 2022/FBX/Farm_Dirt_Level1.fbx,Ultimate Fantasy RTS - Aug 2022-20260825T020634Z-1-001,,
,141628,terrain,.fbx,,,,,Farm_Dirt_Level2.fbx,Ultimate Fantasy RTS - Aug 2022-20260825T020634Z-1-001/Ultimate Fantasy RTS - Aug 2022/FBX/Farm_Dirt_Level2.fbx,Ultimate Fantasy RTS - Aug 2022-20260825T020634Z-1-001,,
,741628,terrain,.fbx,,,,,Farm_Dirt_Level3.fbx,Ultimate Fantasy RTS - Aug 2022-20260825T020634Z-1-001/Ultimate Fantasy RTS - Aug 2022/FBX/Farm_Dirt_Level3.fbx,Ultimate Fantasy RTS - Aug 2022-20260825T020634Z-1-001,,
,20812,uncategorized,.fbx,,,,,Farm_FirstAge_Level1.fbx,Ultimate Fantasy RTS - Aug 2022-20260825T020634Z-1-001/Ultimate Fantasy RTS - Aug 2022/FBX/Farm_FirstAge_Level1.fbx,Ultimate Fantasy RTS - Aug 2022-20260825T020634Z-1-001,,
,130508,uncategorized,.fbx,,,,,Farm_FirstAge_Level1_Wheat.fbx,Ultimate Fantasy RTS - Aug 2022-20260825T020634Z-1-001/Ultimate Fantasy RTS - Aug 2022/FBX/Farm_FirstAge_Level1_Wheat.fbx,Ultimate Fantasy RTS - Aug 2022-20260825T020634Z-1-001,,
,25356,uncategorized,.fbx,,,,,Farm_FirstAge_Level2.fbx,Ultimate Fantasy RTS - Aug 2022-20260825T020634Z-1-001/Ultimate Fantasy RTS - Aug 2022/FBX/Farm_FirstAge_Level2.fbx,Ultimate Fantasy RTS - Aug 2022-20260825T020634Z-1-001,,
,256572,uncategorized,.fbx,,,,,Farm_FirstAge_Level2_Wheat.fbx,Ultimate Fantasy RTS - Aug 2022-20260825T020634Z-1-001/Ultimate Fantasy RTS - Aug 2022/FBX/Farm_FirstAge_Level2_Wheat.fbx,Ultimate Fantasy RTS - Aug 2022-20260825T020634Z-1-001,,
,28444,uncategorized,.fbx,,,,,Farm_FirstAge_Level3.fbx,Ultimate Fantasy RTS - Aug 2022-20260825T020634Z-1-001/Ultimate Fantasy RTS - Aug 2022/FBX/Farm_FirstAge_Level3.fbx,Ultimate Fantasy RTS - Aug 2022-20260825T020634Z-1-001,,
,319084,uncategorized,.fbx,,,,,Farm_FirstAge_Level3_Wheat.fbx,Ultimate Fantasy RTS - Aug 2022-20260825T020634Z-1-001/Ultimate Fantasy RTS - Aug 2022/FBX/Farm_FirstAge_Level3_Wheat.fbx,Ultimate Fantasy RTS - Aug 2022-20260825T020634Z-1-001,,
,69868,uncategorized,.fbx,,,,,Farm_SecondAge_Level1.fbx,Ultimate Fantasy RTS - Aug 2022-20260825T020634Z-1-001/Ultimate Fantasy RTS - Aug 2022/FBX/Farm_SecondAge_Level1.fbx,Ultimate Fantasy RTS - Aug 2022-20260825T020634Z-1-001,,
,114764,uncategorized,.fbx,,,,,Farm_SecondAge_Level1_Wheat.fbx,Ultimate Fantasy RTS - Aug 2022-20260825T020634Z-1-001/Ultimate Fantasy RTS - Aug 2022/FBX/Farm_SecondAge_Level1_Wheat.fbx,Ultimate Fantasy RTS - Aug 2022-20260825T020634Z-1-001,,
,76748,uncategorized,.fbx,,,,,Farm_SecondAge_Level2.fbx,Ultimate Fantasy RTS - Aug 2022-20260825T020634Z-1-001/Ultimate Fantasy RTS - Aug 2022/FBX/Farm_SecondAge_Level2.fbx,Ultimate Fantasy RTS - Aug 2022-20260825T020634Z-1-001,,
,163260,uncategorized,.fbx,,,,,Farm_SecondAge_Level2_Wheat.fbx,Ultimate Fantasy RTS - Aug 2022-20260825T020634Z-1-001/Ultimate Fantasy RTS - Aug 2022/FBX/Farm_SecondAge_Level2_Wheat.fbx,Ultimate Fantasy RTS - Aug 2022-20260825T020634Z-1-001,,
,112428,uncategorized,.fbx,,,,,Farm_SecondAge_Level3.fbx,Ultimate Fantasy RTS - Aug 2022-20260825T020634Z-1-001/Ultimate Fantasy RTS - Aug 2022/FBX/Farm_SecondAge_Level3.fbx,Ultimate Fantasy RTS - Aug 2022-20260825T020634Z-1-001,,
,209772,uncategorized,.fbx,,,,,Farm_SecondAge_Level3_Wheat.fbx,Ultimate Fantasy RTS - Aug 2022-20260825T020634Z-1-001/Ultimate Fantasy RTS - Aug 2022/FBX/Farm_SecondAge_Level3_Wheat.fbx,Ultimate Fantasy RTS - Aug 2022-20260825T020634Z-1-001,,
,21548,architecture,.fbx,,,,,Houses_FirstAge_1_Level1.fbx,Ultimate Fantasy RTS - Aug 2022-20260825T020634Z-1-001/Ultimate Fantasy RTS - Aug 2022/FBX/Houses_FirstAge_1_Level1.fbx,Ultimate Fantasy RTS - Aug 2022-20260825T020634Z-1-001,,
,25020,architecture,.fbx,,,,,Houses_FirstAge_1_Level2.fbx,Ultimate Fantasy RTS - Aug 2022-20260825T020634Z-1-001/Ultimate Fantasy RTS - Aug 2022/FBX/Houses_FirstAge_1_Level2.fbx,Ultimate Fantasy RTS - Aug 2022-20260825T020634Z-1-001,,
,31580,architecture,.fbx,,,,,Houses_FirstAge_1_Level3.fbx,Ultimate Fantasy RTS - Aug 2022-20260825T020634Z-1-001/Ultimate Fantasy RTS - Aug 2022/FBX/Houses_FirstAge_1_Level3.fbx,Ultimate Fantasy RTS - Aug 2022-20260825T020634Z-1-001,,
,27612,architecture,.fbx,,,,,Houses_FirstAge_2_Level1.fbx,Ultimate Fantasy RTS - Aug 2022-20260825T020634Z-1-001/Ultimate Fantasy RTS - Aug 2022/FBX/Houses_FirstAge_2_Level1.fbx,Ultimate Fantasy RTS - Aug 2022-20260825T020634Z-1-001,,
,32476,architecture,.fbx,,,,,Houses_FirstAge_2_Level2.fbx,Ultimate Fantasy RTS - Aug 2022-20260825T020634Z-1-001/Ultimate Fantasy RTS - Aug 2022/FBX/Houses_FirstAge_2_Level2.fbx,Ultimate Fantasy RTS - Aug 2022-20260825T020634Z-1-001,,
,43388,architecture,.fbx,,,,,Houses_FirstAge_2_Level3.fbx,Ultimate Fantasy RTS - Aug 2022-20260825T020634Z-1-001/Ultimate Fantasy RTS - Aug 2022/FBX/Houses_FirstAge_2_Level3.fbx,Ultimate Fantasy RTS - Aug 2022-20260825T020634Z-1-001,,
,20764,architecture,.fbx,,,,,Houses_FirstAge_3_Level1.fbx,Ultimate Fantasy RTS - Aug 2022-20260825T020634Z-1-001/Ultimate Fantasy RTS - Aug 2022/FBX/Houses_FirstAge_3_Level1.fbx,Ultimate Fantasy RTS - Aug 2022-20260825T020634Z-1-001,,
,27164,architecture,.fbx,,,,,Houses_FirstAge_3_Level2.fbx,Ultimate Fantasy RTS - Aug 2022-20260825T020634Z-1-001/Ultimate Fantasy RTS - Aug 2022/FBX/Houses_FirstAge_3_Level2.fbx,Ultimate Fantasy RTS - Aug 2022-20260825T020634Z-1-001,,
,43948,architecture,.fbx,,,,,Houses_FirstAge_3_Level3.fbx,Ultimate Fantasy RTS - Aug 2022-20260825T020634Z-1-001/Ultimate Fantasy RTS - Aug 2022/FBX/Houses_FirstAge_3_Level3.fbx,Ultimate Fantasy RTS - Aug 2022-20260825T020634Z-1-001,,
,65756,architecture,.fbx,,,,,Houses_SecondAge_1_Level1.fbx,Ultimate Fantasy RTS - Aug 2022-20260825T020634Z-1-001/Ultimate Fantasy RTS - Aug 2022/FBX/Houses_SecondAge_1_Level1.fbx,Ultimate Fantasy RTS - Aug 2022-20260825T020634Z-1-001,,
,88684,architecture,.fbx,,,,,Houses_SecondAge_1_Level2.fbx,Ultimate Fantasy RTS - Aug 2022-20260825T020634Z-1-001/Ultimate Fantasy RTS - Aug 2022/FBX/Houses_SecondAge_1_Level2.fbx,Ultimate Fantasy RTS - Aug 2022-20260825T020634Z-1-001,,
,78652,architecture,.fbx,,,,,Houses_SecondAge_1_Level3.fbx,Ultimate Fantasy RTS - Aug 2022-20260825T020634Z-1-001/Ultimate Fantasy RTS - Aug 2022/FBX/Houses_SecondAge_1_Level3.fbx,Ultimate Fantasy RTS - Aug 2022-20260825T020634Z-1-001,,
,47036,architecture,.fbx,,,,,Houses_SecondAge_2_Level1.fbx,Ultimate Fantasy RTS - Aug 2022-20260825T020634Z-1-001/Ultimate Fantasy RTS - Aug 2022/FBX/Houses_SecondAge_2_Level1.fbx,Ultimate Fantasy RTS - Aug 2022-20260825T020634Z-1-001,,
,94972,architecture,.fbx,,,,,Houses_SecondAge_2_Level2.fbx,Ultimate Fantasy RTS - Aug 2022-20260825T020634Z-1-001/Ultimate Fantasy RTS - Aug 2022/FBX/Houses_SecondAge_2_Level2.fbx,Ultimate Fantasy RTS - Aug 2022-20260825T020634Z-1-001,,
,129708,architecture,.fbx,,,,,Houses_SecondAge_2_Level3.fbx,Ultimate Fantasy RTS - Aug 2022-20260825T020634Z-1-001/Ultimate Fantasy RTS - Aug 2022/FBX/Houses_SecondAge_2_Level3.fbx,Ultimate Fantasy RTS - Aug 2022-20260825T020634Z-1-001,,
,34684,architecture,.fbx,,,,,Houses_SecondAge_3_Level1.fbx,Ultimate Fantasy RTS - Aug 2022-20260825T020634Z-1-001/Ultimate Fantasy RTS - Aug 2022/FBX/Houses_SecondAge_3_Level1.fbx,Ultimate Fantasy RTS - Aug 2022-20260825T020634Z-1-001,,
,59340,architecture,.fbx,,,,,Houses_SecondAge_3_Level2.fbx,Ultimate Fantasy RTS - Aug 2022-20260825T020634Z-1-001/Ultimate Fantasy RTS - Aug 2022/FBX/Houses_SecondAge_3_Level2.fbx,Ultimate Fantasy RTS - Aug 2022-20260825T020634Z-1-001,,
,77468,architecture,.fbx,,,,,Houses_SecondAge_3_Level3.fbx,Ultimate Fantasy RTS - Aug 2022-20260825T020634Z-1-001/Ultimate Fantasy RTS - Aug 2022/FBX/Houses_SecondAge_3_Level3.fbx,Ultimate Fantasy RTS - Aug 2022-20260825T020634Z-1-001,,
,31596,vegetation,.fbx,,,,,Logs.fbx,Ultimate Fantasy RTS - Aug 2022-20260825T020634Z-1-001/Ultimate Fantasy RTS - Aug 2022/FBX/Logs.fbx,Ultimate Fantasy RTS - Aug 2022-20260825T020634Z-1-001,,
,112316,uncategorized,.fbx,,,,,Market_FirstAge_Level1.fbx,Ultimate Fantasy RTS - Aug 2022-20260825T020634Z-1-001/Ultimate Fantasy RTS - Aug 2022/FBX/Market_FirstAge_Level1.fbx,Ultimate Fantasy RTS - Aug 2022-20260825T020634Z-1-001,,
,153404,uncategorized,.fbx,,,,,Market_FirstAge_Level2.fbx,Ultimate Fantasy RTS - Aug 2022-20260825T020634Z-1-001/Ultimate Fantasy RTS - Aug 2022/FBX/Market_FirstAge_Level2.fbx,Ultimate Fantasy RTS - Aug 2022-20260825T020634Z-1-001,,
,154220,uncategorized,.fbx,,,,,Market_FirstAge_Level3.fbx,Ultimate Fantasy RTS - Aug 2022-20260825T020634Z-1-001/Ultimate Fantasy RTS - Aug 2022/FBX/Market_FirstAge_Level3.fbx,Ultimate Fantasy RTS - Aug 2022-20260825T020634Z-1-001,,
,123948,uncategorized,.fbx,,,,,Market_SecondAge_Level1.fbx,Ultimate Fantasy RTS - Aug 2022-20260825T020634Z-1-001/Ultimate Fantasy RTS - Aug 2022/FBX/Market_SecondAge_Level1.fbx,Ultimate Fantasy RTS - Aug 2022-20260825T020634Z-1-001,,
,195548,uncategorized,.fbx,,,,,Market_SecondAge_Level2.fbx,Ultimate Fantasy RTS - Aug 2022-20260825T020634Z-1-001/Ultimate Fantasy RTS - Aug 2022/FBX/Market_SecondAge_Level2.fbx,Ultimate Fantasy RTS - Aug 2022-20260825T020634Z-1-001,,
,323148,uncategorized,.fbx,,,,,Market_SecondAge_Level3.fbx,Ultimate Fantasy RTS - Aug 2022-20260825T020634Z-1-001/Ultimate Fantasy RTS - Aug 2022/FBX/Market_SecondAge_Level3.fbx,Ultimate Fantasy RTS - Aug 2022-20260825T020634Z-1-001,,
,82892,uncategorized,.fbx,,,,,Mine.fbx,Ultimate Fantasy RTS - Aug 2022-20260825T020634Z-1-001/Ultimate Fantasy RTS - Aug 2022/FBX/Mine.fbx,Ultimate Fantasy RTS - Aug 2022-20260825T020634Z-1-001,,
,79356,terrain,.fbx,,,,,Mountain_Group_1.fbx,Ultimate Fantasy RTS - Aug 2022-20260825T020634Z-1-001/Ultimate Fantasy RTS - Aug 2022/FBX/Mountain_Group_1.fbx,Ultimate Fantasy RTS - Aug 2022-20260825T020634Z-1-001,,
,39004,terrain,.fbx,,,,,Mountain_Group_2.fbx,Ultimate Fantasy RTS - Aug 2022-20260825T020634Z-1-001/Ultimate Fantasy RTS - Aug 2022/FBX/Mountain_Group_2.fbx,Ultimate Fantasy RTS - Aug 2022-20260825T020634Z-1-001,,
,21420,terrain,.fbx,,,,,Mountain_Single.fbx,Ultimate Fantasy RTS - Aug 2022-20260825T020634Z-1-001/Ultimate Fantasy RTS - Aug 2022/FBX/Mountain_Single.fbx,Ultimate Fantasy RTS - Aug 2022-20260825T020634Z-1-001,,
,33804,terrain,.fbx,,,,,MountainLarge_Single.fbx,Ultimate Fantasy RTS - Aug 2022-20260825T020634Z-1-001/Ultimate Fantasy RTS - Aug 2022/FBX/MountainLarge_Single.fbx,Ultimate Fantasy RTS - Aug 2022-20260825T020634Z-1-001,,
,87900,uncategorized,.fbx,,,,,Port_FirstAge_Level1.fbx,Ultimate Fantasy RTS - Aug 2022-20260825T020634Z-1-001/Ultimate Fantasy RTS - Aug 2022/FBX/Port_FirstAge_Level1.fbx,Ultimate Fantasy RTS - Aug 2022-20260825T020634Z-1-001,,
,114780,uncategorized,.fbx,,,,,Port_FirstAge_Level2.fbx,Ultimate Fantasy RTS - Aug 2022-20260825T020634Z-1-001/Ultimate Fantasy RTS - Aug 2022/FBX/Port_FirstAge_Level2.fbx,Ultimate Fantasy RTS - Aug 2022-20260825T020634Z-1-001,,
,91052,uncategorized,.fbx,,,,,Port_FirstAge_Level3.fbx,Ultimate Fantasy RTS - Aug 2022-20260825T020634Z-1-001/Ultimate Fantasy RTS - Aug 2022/FBX/Port_FirstAge_Level3.fbx,Ultimate Fantasy RTS - Aug 2022-20260825T020634Z-1-001,,
,158204,uncategorized,.fbx,,,,,Port_SecondAge_Level1.fbx,Ultimate Fantasy RTS - Aug 2022-20260825T020634Z-1-001/Ultimate Fantasy RTS - Aug 2022/FBX/Port_SecondAge_Level1.fbx,Ultimate Fantasy RTS - Aug 2022-20260825T020634Z-1-001,,
,171468,uncategorized,.fbx,,,,,Port_SecondAge_Level2.fbx,Ultimate Fantasy RTS - Aug 2022-20260825T020634Z-1-001/Ultimate Fantasy RTS - Aug 2022/FBX/Port_SecondAge_Level2.fbx,Ultimate Fantasy RTS - Aug 2022-20260825T020634Z-1-001,,
,194268,uncategorized,.fbx,,,,,Port_SecondAge_Level3.fbx,Ultimate Fantasy RTS - Aug 2022-20260825T020634Z-1-001/Ultimate Fantasy RTS - Aug 2022/FBX/Port_SecondAge_Level3.fbx,Ultimate Fantasy RTS - Aug 2022-20260825T020634Z-1-001,,
,49788,uncategorized,.fbx,,,,,Resource_Gold_1.fbx,Ultimate Fantasy RTS - Aug 2022-20260825T020634Z-1-001/Ultimate Fantasy RTS - Aug 2022/FBX/Resource_Gold_1.fbx,Ultimate Fantasy RTS - Aug 2022-20260825T020634Z-1-001,,
,50700,uncategorized,.fbx,,,,,Resource_Gold_2.fbx,Ultimate Fantasy RTS - Aug 2022-20260825T020634Z-1-001/Ultimate Fantasy RTS - Aug 2022/FBX/Resource_Gold_2.fbx,Ultimate Fantasy RTS - Aug 2022-20260825T020634Z-1-001,,
,45260,uncategorized,.fbx,,,,,Resource_Gold_3.fbx,Ultimate Fantasy RTS - Aug 2022-20260825T020634Z-1-001/Ultimate Fantasy RTS - Aug 2022/FBX/Resource_Gold_3.fbx,Ultimate Fantasy RTS - Aug 2022-20260825T020634Z-1-001,,
,26348,vegetation,.fbx,,,,,Resource_PineTree.fbx,Ultimate Fantasy RTS - Aug 2022-20260825T020634Z-1-001/Ultimate Fantasy RTS - Aug 2022/FBX/Resource_PineTree.fbx,Ultimate Fantasy RTS - Aug 2022-20260825T020634Z-1-001,,
,123820,vegetation,.fbx,,,,,Resource_PineTree_Group.fbx,Ultimate Fantasy RTS - Aug 2022-20260825T020634Z-1-001/Ultimate Fantasy RTS - Aug 2022/FBX/Resource_PineTree_Group.fbx,Ultimate Fantasy RTS - Aug 2022-20260825T020634Z-1-001,,
,32940,vegetation,.fbx,,,,,Resource_PineTree_Group_Cut.fbx,Ultimate Fantasy RTS - Aug 2022-20260825T020634Z-1-001/Ultimate Fantasy RTS - Aug 2022/FBX/Resource_PineTree_Group_Cut.fbx,Ultimate Fantasy RTS - Aug 2022-20260825T020634Z-1-001,,
,36636,terrain,.fbx,,,,,Resource_Rock_1.fbx,Ultimate Fantasy RTS - Aug 2022-20260825T020634Z-1-001/Ultimate Fantasy RTS - Aug 2022/FBX/Resource_Rock_1.fbx,Ultimate Fantasy RTS - Aug 2022-20260825T020634Z-1-001,,
,34412,terrain,.fbx,,,,,Resource_Rock_2.fbx,Ultimate Fantasy RTS - Aug 2022-20260825T020634Z-1-001/Ultimate Fantasy RTS - Aug 2022/FBX/Resource_Rock_2.fbx,Ultimate Fantasy RTS - Aug 2022-20260825T020634Z-1-001,,
,29180,terrain,.fbx,,,,,Resource_Rock_3.fbx,Ultimate Fantasy RTS - Aug 2022-20260825T020634Z-1-001/Ultimate Fantasy RTS - Aug 2022/FBX/Resource_Rock_3.fbx,Ultimate Fantasy RTS - Aug 2022-20260825T020634Z-1-001,,
,27260,vegetation,.fbx,,,,,Resource_Tree1.fbx,Ultimate Fantasy RTS - Aug 2022-20260825T020634Z-1-001/Ultimate Fantasy RTS - Aug 2022/FBX/Resource_Tree1.fbx,Ultimate Fantasy RTS - Aug 2022-20260825T020634Z-1-001,,
,23036,vegetation,.fbx,,,,,Resource_Tree2.fbx,Ultimate Fantasy RTS - Aug 2022-20260825T020634Z-1-001/Ultimate Fantasy RTS - Aug 2022/FBX/Resource_Tree2.fbx,Ultimate Fantasy RTS - Aug 2022-20260825T020634Z-1-001,,
,112972,vegetation,.fbx,,,,,Resource_Tree_Group.fbx,Ultimate Fantasy RTS - Aug 2022-20260825T020634Z-1-001/Ultimate Fantasy RTS - Aug 2022/FBX/Resource_Tree_Group.fbx,Ultimate Fantasy RTS - Aug 2022-20260825T020634Z-1-001,,
,29356,vegetation,.fbx,,,,,Resource_Tree_Group_Cut.fbx,Ultimate Fantasy RTS - Aug 2022-20260825T020634Z-1-001/Ultimate Fantasy RTS - Aug 2022/FBX/Resource_Tree_Group_Cut.fbx,Ultimate Fantasy RTS - Aug 2022-20260825T020634Z-1-001,,
,20700,terrain,.fbx,,,,,Rock.fbx,Ultimate Fantasy RTS - Aug 2022-20260825T020634Z-1-001/Ultimate Fantasy RTS - Aug 2022/FBX/Rock.fbx,Ultimate Fantasy RTS - Aug 2022-20260825T020634Z-1-001,,
,41740,terrain,.fbx,,,,,Rock_Group.fbx,Ultimate Fantasy RTS - Aug 2022-20260825T020634Z-1-001/Ultimate Fantasy RTS - Aug 2022/FBX/Rock_Group.fbx,Ultimate Fantasy RTS - Aug 2022-20260825T020634Z-1-001,,
,175036,uncategorized,.fbx,,,,,Storage_FirstAge_Leve3.fbx,Ultimate Fantasy RTS - Aug 2022-20260825T020634Z-1-001/Ultimate Fantasy RTS - Aug 2022/FBX/Storage_FirstAge_Leve3.fbx,Ultimate Fantasy RTS - Aug 2022-20260825T020634Z-1-001,,
,101692,uncategorized,.fbx,,,,,Storage_FirstAge_Level1.fbx,Ultimate Fantasy RTS - Aug 2022-20260825T020634Z-1-001/Ultimate Fantasy RTS - Aug 2022/FBX/Storage_FirstAge_Level1.fbx,Ultimate Fantasy RTS - Aug 2022-20260825T020634Z-1-001,,
,126924,uncategorized,.fbx,,,,,Storage_FirstAge_Level2.fbx,Ultimate Fantasy RTS - Aug 2022-20260825T020634Z-1-001/Ultimate Fantasy RTS - Aug 2022/FBX/Storage_FirstAge_Level2.fbx,Ultimate Fantasy RTS - Aug 2022-20260825T020634Z-1-001,,
,203212,uncategorized,.fbx,,,,,Storage_SecondAge_Level1.fbx,Ultimate Fantasy RTS - Aug 2022-20260825T020634Z-1-001/Ultimate Fantasy RTS - Aug 2022/FBX/Storage_SecondAge_Level1.fbx,Ultimate Fantasy RTS - Aug 2022-20260825T020634Z-1-001,,
,216556,uncategorized,.fbx,,,,,Storage_SecondAge_Level2.fbx,Ultimate Fantasy RTS - Aug 2022-20260825T020634Z-1-001/Ultimate Fantasy RTS - Aug 2022/FBX/Storage_SecondAge_Level2.fbx,Ultimate Fantasy RTS - Aug 2022-20260825T020634Z-1-001,,
,212028,uncategorized,.fbx,,,,,Storage_SecondAge_Level3.fbx,Ultimate Fantasy RTS - Aug 2022-20260825T020634Z-1-001/Ultimate Fantasy RTS - Aug 2022/FBX/Storage_SecondAge_Level3.fbx,Ultimate Fantasy RTS - Aug 2022-20260825T020634Z-1-001,,
,140540,uncategorized,.fbx,,,,,Temple_FirstAge_Level1.fbx,Ultimate Fantasy RTS - Aug 2022-20260825T020634Z-1-001/Ultimate Fantasy RTS - Aug 2022/FBX/Temple_FirstAge_Level1.fbx,Ultimate Fantasy RTS - Aug 2022-20260825T020634Z-1-001,,
,169404,uncategorized,.fbx,,,,,Temple_FirstAge_Level2.fbx,Ultimate Fantasy RTS - Aug 2022-20260825T020634Z-1-001/Ultimate Fantasy RTS - Aug 2022/FBX/Temple_FirstAge_Level2.fbx,Ultimate Fantasy RTS - Aug 2022-20260825T020634Z-1-001,,
,302380,uncategorized,.fbx,,,,,Temple_FirstAge_Level3.fbx,Ultimate Fantasy RTS - Aug 2022-20260825T020634Z-1-001/Ultimate Fantasy RTS - Aug 2022/FBX/Temple_FirstAge_Level3.fbx,Ultimate Fantasy RTS - Aug 2022-20260825T020634Z-1-001,,
,22348,uncategorized,.fbx,,,,,Temple_SecondAge_Level1.fbx,Ultimate Fantasy RTS - Aug 2022-20260825T020634Z-1-001/Ultimate Fantasy RTS - Aug 2022/FBX/Temple_SecondAge_Level1.fbx,Ultimate Fantasy RTS - Aug 2022-20260825T020634Z-1-001,,
,49468,uncategorized,.fbx,,,,,Temple_SecondAge_Level2.fbx,Ultimate Fantasy RTS - Aug 2022-20260825T020634Z-1-001/Ultimate Fantasy RTS - Aug 2022/FBX/Temple_SecondAge_Level2.fbx,Ultimate Fantasy RTS - Aug 2022-20260825T020634Z-1-001,,
,91996,uncategorized,.fbx,,,,,Temple_SecondAge_Level3.fbx,Ultimate Fantasy RTS - Aug 2022-20260825T020634Z-1-001/Ultimate Fantasy RTS - Aug 2022/FBX/Temple_SecondAge_Level3.fbx,Ultimate Fantasy RTS - Aug 2022-20260825T020634Z-1-001,,
,56892,architecture,.fbx,,,,,TowerHouse_FirstAge.fbx,Ultimate Fantasy RTS - Aug 2022-20260825T020634Z-1-001/Ultimate Fantasy RTS - Aug 2022/FBX/TowerHouse_FirstAge.fbx,Ultimate Fantasy RTS - Aug 2022-20260825T020634Z-1-001,,
,94988,architecture,.fbx,,,,,TowerHouse_SecondAge.fbx,Ultimate Fantasy RTS - Aug 2022-20260825T020634Z-1-001/Ultimate Fantasy RTS - Aug 2022/FBX/TowerHouse_SecondAge.fbx,Ultimate Fantasy RTS - Aug 2022-20260825T020634Z-1-001,,
,31308,uncategorized,.fbx,,,,,TownCenter_FirstAge_Level1.fbx,Ultimate Fantasy RTS - Aug 2022-20260825T020634Z-1-001/Ultimate Fantasy RTS - Aug 2022/FBX/TownCenter_FirstAge_Level1.fbx,Ultimate Fantasy RTS - Aug 2022-20260825T020634Z-1-001,,
,105564,uncategorized,.fbx,,,,,TownCenter_FirstAge_Level2.fbx,Ultimate Fantasy RTS - Aug 2022-20260825T020634Z-1-001/Ultimate Fantasy RTS - Aug 2022/FBX/TownCenter_FirstAge_Level2.fbx,Ultimate Fantasy RTS - Aug 2022-20260825T020634Z-1-001,,
,165980,uncategorized,.fbx,,,,,TownCenter_FirstAge_Level3.fbx,Ultimate Fantasy RTS - Aug 2022-20260825T020634Z-1-001/Ultimate Fantasy RTS - Aug 2022/FBX/TownCenter_FirstAge_Level3.fbx,Ultimate Fantasy RTS - Aug 2022-20260825T020634Z-1-001,,
,137132,uncategorized,.fbx,,,,,TownCenter_SecondAge_Level1.fbx,Ultimate Fantasy RTS - Aug 2022-20260825T020634Z-1-001/Ultimate Fantasy RTS - Aug 2022/FBX/TownCenter_SecondAge_Level1.fbx,Ultimate Fantasy RTS - Aug 2022-20260825T020634Z-1-001,,
,233452,uncategorized,.fbx,,,,,TownCenter_SecondAge_Level2.fbx,Ultimate Fantasy RTS - Aug 2022-20260825T020634Z-1-001/Ultimate Fantasy RTS - Aug 2022/FBX/TownCenter_SecondAge_Level2.fbx,Ultimate Fantasy RTS - Aug 2022-20260825T020634Z-1-001,,
,337180,uncategorized,.fbx,,,,,TownCenter_SecondAge_Level3.fbx,Ultimate Fantasy RTS - Aug 2022-20260825T020634Z-1-001/Ultimate Fantasy RTS - Aug 2022/FBX/TownCenter_SecondAge_Level3.fbx,Ultimate Fantasy RTS - Aug 2022-20260825T020634Z-1-001,,
,23068,architecture,.fbx,,,,,Wall_FirstAge.fbx,Ultimate Fantasy RTS - Aug 2022-20260825T020634Z-1-001/Ultimate Fantasy RTS - Aug 2022/FBX/Wall_FirstAge.fbx,Ultimate Fantasy RTS - Aug 2022-20260825T020634Z-1-001,,
,20380,architecture,.fbx,,,,,Wall_SecondAge.fbx,Ultimate Fantasy RTS - Aug 2022-20260825T020634Z-1-001/Ultimate Fantasy RTS - Aug 2022/FBX/Wall_SecondAge.fbx,Ultimate Fantasy RTS - Aug 2022-20260825T020634Z-1-001,,
,51420,architecture,.fbx,,,,,WallTowers_Door_FirstAge.fbx,Ultimate Fantasy RTS - Aug 2022-20260825T020634Z-1-001/Ultimate Fantasy RTS - Aug 2022/FBX/WallTowers_Door_FirstAge.fbx,Ultimate Fantasy RTS - Aug 2022-20260825T020634Z-1-001,,
,44380,architecture,.fbx,,,,,WallTowers_Door_SecondAge.fbx,Ultimate Fantasy RTS - Aug 2022-20260825T020634Z-1-001/Ultimate Fantasy RTS - Aug 2022/FBX/WallTowers_Door_SecondAge.fbx,Ultimate Fantasy RTS - Aug 2022-20260825T020634Z-1-001,,
,53548,architecture,.fbx,,,,,WallTowers_DoorClosed_FirstAge.fbx,Ultimate Fantasy RTS - Aug 2022-20260825T020634Z-1-001/Ultimate Fantasy RTS - Aug 2022/FBX/WallTowers_DoorClosed_FirstAge.fbx,Ultimate Fantasy RTS - Aug 2022-20260825T020634Z-1-001,,
,46092,architecture,.fbx,,,,,WallTowers_DoorClosed_SecondAge.fbx,Ultimate Fantasy RTS - Aug 2022-20260825T020634Z-1-001/Ultimate Fantasy RTS - Aug 2022/FBX/WallTowers_DoorClosed_SecondAge.fbx,Ultimate Fantasy RTS - Aug 2022-20260825T020634Z-1-001,,
,45756,architecture,.fbx,,,,,WallTowers_FirstAge.fbx,Ultimate Fantasy RTS - Aug 2022-20260825T020634Z-1-001/Ultimate Fantasy RTS - Aug 2022/FBX/WallTowers_FirstAge.fbx,Ultimate Fantasy RTS - Aug 2022-20260825T020634Z-1-001,,
,41932,architecture,.fbx,,,,,WallTowers_SecondAge.fbx,Ultimate Fantasy RTS - Aug 2022-20260825T020634Z-1-001/Ultimate Fantasy RTS - Aug 2022/FBX/WallTowers_SecondAge.fbx,Ultimate Fantasy RTS - Aug 2022-20260825T020634Z-1-001,,
,31708,architecture,.fbx,,,,,WatchTower_FirstAge_Level1.fbx,Ultimate Fantasy RTS - Aug 2022-20260825T020634Z-1-001/Ultimate Fantasy RTS - Aug 2022/FBX/WatchTower_FirstAge_Level1.fbx,Ultimate Fantasy RTS - Aug 2022-20260825T020634Z-1-001,,
,30412,architecture,.fbx,,,,,WatchTower_FirstAge_Level2.fbx,Ultimate Fantasy RTS - Aug 2022-20260825T020634Z-1-001/Ultimate Fantasy RTS - Aug 2022/FBX/WatchTower_FirstAge_Level2.fbx,Ultimate Fantasy RTS - Aug 2022-20260825T020634Z-1-001,,
,41804,architecture,.fbx,,,,,WatchTower_FirstAge_Level3.fbx,Ultimate Fantasy RTS - Aug 2022-20260825T020634Z-1-001/Ultimate Fantasy RTS - Aug 2022/FBX/WatchTower_FirstAge_Level3.fbx,Ultimate Fantasy RTS - Aug 2022-20260825T020634Z-1-001,,
,98636,architecture,.fbx,,,,,WatchTower_SecondAge_Level1.fbx,Ultimate Fantasy RTS - Aug 2022-20260825T020634Z-1-001/Ultimate Fantasy RTS - Aug 2022/FBX/WatchTower_SecondAge_Level1.fbx,Ultimate Fantasy RTS - Aug 2022-20260825T020634Z-1-001,,
,83196,architecture,.fbx,,,,,WatchTower_SecondAge_Level2.fbx,Ultimate Fantasy RTS - Aug 2022-20260825T020634Z-1-001/Ultimate Fantasy RTS - Aug 2022/FBX/WatchTower_SecondAge_Level2.fbx,Ultimate Fantasy RTS - Aug 2022-20260825T020634Z-1-001,,
,76428,architecture,.fbx,,,,,WatchTower_SecondAge_Level3.fbx,Ultimate Fantasy RTS - Aug 2022-20260825T020634Z-1-001/Ultimate Fantasy RTS - Aug 2022/FBX/WatchTower_SecondAge_Level3.fbx,Ultimate Fantasy RTS - Aug 2022-20260825T020634Z-1-001,,
,65484,uncategorized,.fbx,,,,,Windmill_FirstAge.fbx,Ultimate Fantasy RTS - Aug 2022-20260825T020634Z-1-001/Ultimate Fantasy RTS - Aug 2022/FBX/Windmill_FirstAge.fbx,Ultimate Fantasy RTS - Aug 2022-20260825T020634Z-1-001,,
,56156,uncategorized,.fbx,,,,,Windmill_SecondAge.fbx,Ultimate Fantasy RTS - Aug 2022-20260825T020634Z-1-001/Ultimate Fantasy RTS - Aug 2022/FBX/Windmill_SecondAge.fbx,Ultimate Fantasy RTS - Aug 2022-20260825T020634Z-1-001,,
,113660,uncategorized,.fbx,,,,,Wonder_FirstAge_Level1.fbx,Ultimate Fantasy RTS - Aug 2022-20260825T020634Z-1-001/Ultimate Fantasy RTS - Aug 2022/FBX/Wonder_FirstAge_Level1.fbx,Ultimate Fantasy RTS - Aug 2022-20260825T020634Z-1-001,,
,212988,uncategorized,.fbx,,,,,Wonder_FirstAge_Level2.fbx,Ultimate Fantasy RTS - Aug 2022-20260825T020634Z-1-001/Ultimate Fantasy RTS - Aug 2022/FBX/Wonder_FirstAge_Level2.fbx,Ultimate Fantasy RTS - Aug 2022-20260825T020634Z-1-001,,
,290172,uncategorized,.fbx,,,,,Wonder_FirstAge_Level3.fbx,Ultimate Fantasy RTS - Aug 2022-20260825T020634Z-1-001/Ultimate Fantasy RTS - Aug 2022/FBX/Wonder_FirstAge_Level3.fbx,Ultimate Fantasy RTS - Aug 2022-20260825T020634Z-1-001,,
,35628,uncategorized,.fbx,,,,,Wonder_SecondAge_Level1.fbx,Ultimate Fantasy RTS - Aug 2022-20260825T020634Z-1-001/Ultimate Fantasy RTS - Aug 2022/FBX/Wonder_SecondAge_Level1.fbx,Ultimate Fantasy RTS - Aug 2022-20260825T020634Z-1-001,,
,135132,uncategorized,.fbx,,,,,Wonder_SecondAge_Level2.fbx,Ultimate Fantasy RTS - Aug 2022-20260825T020634Z-1-001/Ultimate Fantasy RTS - Aug 2022/FBX/Wonder_SecondAge_Level2.fbx,Ultimate Fantasy RTS - Aug 2022-20260825T020634Z-1-001,,
,160668,uncategorized,.fbx,,,,,Wonder_SecondAge_Level3.fbx,Ultimate Fantasy RTS - Aug 2022-20260825T020634Z-1-001/Ultimate Fantasy RTS - Aug 2022/FBX/Wonder_SecondAge_Level3.fbx,Ultimate Fantasy RTS - Aug 2022-20260825T020634Z-1-001,,
,113196,architecture,.fbx,,,,,WonderWalls_FirstAge.fbx,Ultimate Fantasy RTS - Aug 2022-20260825T020634Z-1-001/Ultimate Fantasy RTS - Aug 2022/FBX/WonderWalls_FirstAge.fbx,Ultimate Fantasy RTS - Aug 2022-20260825T020634Z-1-001,,
,108988,architecture,.fbx,,,,,WonderWalls_SecondAge.fbx,Ultimate Fantasy RTS - Aug 2022-20260825T020634Z-1-001/Ultimate Fantasy RTS - Aug 2022/FBX/WonderWalls_SecondAge.fbx,Ultimate Fantasy RTS - Aug 2022-20260825T020634Z-1-001,,
,336803,uncategorized,.gltf,,,,,Archery_FirstAge_Level1.gltf,Ultimate Fantasy RTS - Aug 2022-20260825T020634Z-1-001/Ultimate Fantasy RTS - Aug 2022/glTF/Archery_FirstAge_Level1.gltf,Ultimate Fantasy RTS - Aug 2022-20260825T020634Z-1-001,,
,429697,uncategorized,.gltf,,,,,Archery_FirstAge_Level2.gltf,Ultimate Fantasy RTS - Aug 2022-20260825T020634Z-1-001/Ultimate Fantasy RTS - Aug 2022/glTF/Archery_FirstAge_Level2.gltf,Ultimate Fantasy RTS - Aug 2022-20260825T020634Z-1-001,,
,535212,uncategorized,.gltf,,,,,Archery_FirstAge_Level3.gltf,Ultimate Fantasy RTS - Aug 2022-20260825T020634Z-1-001/Ultimate Fantasy RTS - Aug 2022/glTF/Archery_FirstAge_Level3.gltf,Ultimate Fantasy RTS - Aug 2022-20260825T020634Z-1-001,,
,512349,uncategorized,.gltf,,,,,Archery_SecondAge_Level1.gltf,Ultimate Fantasy RTS - Aug 2022-20260825T020634Z-1-001/Ultimate Fantasy RTS - Aug 2022/glTF/Archery_SecondAge_Level1.gltf,Ultimate Fantasy RTS - Aug 2022-20260825T020634Z-1-001,,
,594859,uncategorized,.gltf,,,,,Archery_SecondAge_Level2.gltf,Ultimate Fantasy RTS - Aug 2022-20260825T020634Z-1-001/Ultimate Fantasy RTS - Aug 2022/glTF/Archery_SecondAge_Level2.gltf,Ultimate Fantasy RTS - Aug 2022-20260825T020634Z-1-001,,
,839513,uncategorized,.gltf,,,,,Archery_SecondAge_Level3.gltf,Ultimate Fantasy RTS - Aug 2022-20260825T020634Z-1-001/Ultimate Fantasy RTS - Aug 2022/glTF/Archery_SecondAge_Level3.gltf,Ultimate Fantasy RTS - Aug 2022-20260825T020634Z-1-001,,
,107856,props,.gltf,,,,,Barracks_FirstAge_Level1.gltf,Ultimate Fantasy RTS - Aug 2022-20260825T020634Z-1-001/Ultimate Fantasy RTS - Aug 2022/glTF/Barracks_FirstAge_Level1.gltf,Ultimate Fantasy RTS - Aug 2022-20260825T020634Z-1-001,,
,186323,props,.gltf,,,,,Barracks_FirstAge_Level2.gltf,Ultimate Fantasy RTS - Aug 2022-20260825T020634Z-1-001/Ultimate Fantasy RTS - Aug 2022/glTF/Barracks_FirstAge_Level2.gltf,Ultimate Fantasy RTS - Aug 2022-20260825T020634Z-1-001,,
,367936,props,.gltf,,,,,Barracks_FirstAge_Level3.gltf,Ultimate Fantasy RTS - Aug 2022-20260825T020634Z-1-001/Ultimate Fantasy RTS - Aug 2022/glTF/Barracks_FirstAge_Level3.gltf,Ultimate Fantasy RTS - Aug 2022-20260825T020634Z-1-001,,
,306649,props,.gltf,,,,,Barracks_SecondAge_Level1.gltf,Ultimate Fantasy RTS - Aug 2022-20260825T020634Z-1-001/Ultimate Fantasy RTS - Aug 2022/glTF/Barracks_SecondAge_Level1.gltf,Ultimate Fantasy RTS - Aug 2022-20260825T020634Z-1-001,,
,655342,props,.gltf,,,,,Barracks_SecondAge_Level2.gltf,Ultimate Fantasy RTS - Aug 2022-20260825T020634Z-1-001/Ultimate Fantasy RTS - Aug 2022/glTF/Barracks_SecondAge_Level2.gltf,Ultimate Fantasy RTS - Aug 2022-20260825T020634Z-1-001,,
,786768,props,.gltf,,,,,Barracks_SecondAge_Level3.gltf,Ultimate Fantasy RTS - Aug 2022-20260825T020634Z-1-001/Ultimate Fantasy RTS - Aug 2022/glTF/Barracks_SecondAge_Level3.gltf,Ultimate Fantasy RTS - Aug 2022-20260825T020634Z-1-001,,
,30797,props,.gltf,,,,,Barrel.gltf,Ultimate Fantasy RTS - Aug 2022-20260825T020634Z-1-001/Ultimate Fantasy RTS - Aug 2022/glTF/Barrel.gltf,Ultimate Fantasy RTS - Aug 2022-20260825T020634Z-1-001,,
,20750,props,.gltf,,,,,Crate.gltf,Ultimate Fantasy RTS - Aug 2022-20260825T020634Z-1-001/Ultimate Fantasy RTS - Aug 2022/glTF/Crate.gltf,Ultimate Fantasy RTS - Aug 2022-20260825T020634Z-1-001,,
,37369,props,.gltf,,,,,Crate_Big_Stack2.gltf,Ultimate Fantasy RTS - Aug 2022-20260825T020634Z-1-001/Ultimate Fantasy RTS - Aug 2022/glTF/Crate_Big_Stack2.gltf,Ultimate Fantasy RTS - Aug 2022-20260825T020634Z-1-001,,
,37369,props,.gltf,,,,,Crate_Stack1.gltf,Ultimate Fantasy RTS - Aug 2022-20260825T020634Z-1-001/Ultimate Fantasy RTS - Aug 2022/glTF/Crate_Stack1.gltf,Ultimate Fantasy RTS - Aug 2022-20260825T020634Z-1-001,,
,37368,props,.gltf,,,,,Crate_Stack2.gltf,Ultimate Fantasy RTS - Aug 2022-20260825T020634Z-1-001/Ultimate Fantasy RTS - Aug 2022/glTF/Crate_Stack2.gltf,Ultimate Fantasy RTS - Aug 2022-20260825T020634Z-1-001,,
,25164,water,.gltf,,,,,Dock_FirstAge.gltf,Ultimate Fantasy RTS - Aug 2022-20260825T020634Z-1-001/Ultimate Fantasy RTS - Aug 2022/glTF/Dock_FirstAge.gltf,Ultimate Fantasy RTS - Aug 2022-20260825T020634Z-1-001,,
,24017,terrain,.gltf,,,,,Farm_Dirt_Level1.gltf,Ultimate Fantasy RTS - Aug 2022-20260825T020634Z-1-001/Ultimate Fantasy RTS - Aug 2022/glTF/Farm_Dirt_Level1.gltf,Ultimate Fantasy RTS - Aug 2022-20260825T020634Z-1-001,,
,165969,terrain,.gltf,,,,,Farm_Dirt_Level2.gltf,Ultimate Fantasy RTS - Aug 2022-20260825T020634Z-1-001/Ultimate Fantasy RTS - Aug 2022/glTF/Farm_Dirt_Level2.gltf,Ultimate Fantasy RTS - Aug 2022-20260825T020634Z-1-001,,
,2637559,terrain,.gltf,,,,,Farm_Dirt_Level3.gltf,Ultimate Fantasy RTS - Aug 2022-20260825T020634Z-1-001/Ultimate Fantasy RTS - Aug 2022/glTF/Farm_Dirt_Level3.gltf,Ultimate Fantasy RTS - Aug 2022-20260825T020634Z-1-001,,
,11063,uncategorized,.gltf,,,,,Farm_FirstAge_Level1.gltf,Ultimate Fantasy RTS - Aug 2022-20260825T020634Z-1-001/Ultimate Fantasy RTS - Aug 2022/glTF/Farm_FirstAge_Level1.gltf,Ultimate Fantasy RTS - Aug 2022-20260825T020634Z-1-001,,
,485655,uncategorized,.gltf,,,,,Farm_FirstAge_Level1_Wheat.gltf,Ultimate Fantasy RTS - Aug 2022-20260825T020634Z-1-001/Ultimate Fantasy RTS - Aug 2022/glTF/Farm_FirstAge_Level1_Wheat.gltf,Ultimate Fantasy RTS - Aug 2022-20260825T020634Z-1-001,,
,19702,uncategorized,.gltf,,,,,Farm_FirstAge_Level2.gltf,Ultimate Fantasy RTS - Aug 2022-20260825T020634Z-1-001/Ultimate Fantasy RTS - Aug 2022/glTF/Farm_FirstAge_Level2.gltf,Ultimate Fantasy RTS - Aug 2022-20260825T020634Z-1-001,,
,990402,uncategorized,.gltf,,,,,Farm_FirstAge_Level2_Wheat.gltf,Ultimate Fantasy RTS - Aug 2022-20260825T020634Z-1-001/Ultimate Fantasy RTS - Aug 2022/glTF/Farm_FirstAge_Level2_Wheat.gltf,Ultimate Fantasy RTS - Aug 2022-20260825T020634Z-1-001,,
,24021,uncategorized,.gltf,,,,,Farm_FirstAge_Level3.gltf,Ultimate Fantasy RTS - Aug 2022-20260825T020634Z-1-001/Ultimate Fantasy RTS - Aug 2022/glTF/Farm_FirstAge_Level3.gltf,Ultimate Fantasy RTS - Aug 2022-20260825T020634Z-1-001,,
,1245202,uncategorized,.gltf,,,,,Farm_FirstAge_Level3_Wheat.gltf,Ultimate Fantasy RTS - Aug 2022-20260825T020634Z-1-001/Ultimate Fantasy RTS - Aug 2022/glTF/Farm_FirstAge_Level3_Wheat.gltf,Ultimate Fantasy RTS - Aug 2022-20260825T020634Z-1-001,,
,172557,uncategorized,.gltf,,,,,Farm_SecondAge_Level1.gltf,Ultimate Fantasy RTS - Aug 2022-20260825T020634Z-1-001/Ultimate Fantasy RTS - Aug 2022/glTF/Farm_SecondAge_Level1.gltf,Ultimate Fantasy RTS - Aug 2022-20260825T020634Z-1-001,,
,365613,uncategorized,.gltf,,,,,Farm_SecondAge_Level1_Wheat.gltf,Ultimate Fantasy RTS - Aug 2022-20260825T020634Z-1-001/Ultimate Fantasy RTS - Aug 2022/glTF/Farm_SecondAge_Level1_Wheat.gltf,Ultimate Fantasy RTS - Aug 2022-20260825T020634Z-1-001,,
,193471,uncategorized,.gltf,,,,,Farm_SecondAge_Level2.gltf,Ultimate Fantasy RTS - Aug 2022-20260825T020634Z-1-001/Ultimate Fantasy RTS - Aug 2022/glTF/Farm_SecondAge_Level2.gltf,Ultimate Fantasy RTS - Aug 2022-20260825T020634Z-1-001,,
,541582,uncategorized,.gltf,,,,,Farm_SecondAge_Level2_Wheat.gltf,Ultimate Fantasy RTS - Aug 2022-20260825T020634Z-1-001/Ultimate Fantasy RTS - Aug 2022/glTF/Farm_SecondAge_Level2_Wheat.gltf,Ultimate Fantasy RTS - Aug 2022-20260825T020634Z-1-001,,
,311869,uncategorized,.gltf,,,,,Farm_SecondAge_Level3.gltf,Ultimate Fantasy RTS - Aug 2022-20260825T020634Z-1-001/Ultimate Fantasy RTS - Aug 2022/glTF/Farm_SecondAge_Level3.gltf,Ultimate Fantasy RTS - Aug 2022-20260825T020634Z-1-001,,
,710058,uncategorized,.gltf,,,,,Farm_SecondAge_Level3_Wheat.gltf,Ultimate Fantasy RTS - Aug 2022-20260825T020634Z-1-001/Ultimate Fantasy RTS - Aug 2022/glTF/Farm_SecondAge_Level3_Wheat.gltf,Ultimate Fantasy RTS - Aug 2022-20260825T020634Z-1-001,,
,32724,architecture,.gltf,,,,,Houses_FirstAge_1_Level1.gltf,Ultimate Fantasy RTS - Aug 2022-20260825T020634Z-1-001/Ultimate Fantasy RTS - Aug 2022/glTF/Houses_FirstAge_1_Level1.gltf,Ultimate Fantasy RTS - Aug 2022-20260825T020634Z-1-001,,
,49081,architecture,.gltf,,,,,Houses_FirstAge_1_Level2.gltf,Ultimate Fantasy RTS - Aug 2022-20260825T020634Z-1-001/Ultimate Fantasy RTS - Aug 2022/glTF/Houses_FirstAge_1_Level2.gltf,Ultimate Fantasy RTS - Aug 2022-20260825T020634Z-1-001,,
,77593,architecture,.gltf,,,,,Houses_FirstAge_1_Level3.gltf,Ultimate Fantasy RTS - Aug 2022-20260825T020634Z-1-001/Ultimate Fantasy RTS - Aug 2022/glTF/Houses_FirstAge_1_Level3.gltf,Ultimate Fantasy RTS - Aug 2022-20260825T020634Z-1-001,,
,60378,architecture,.gltf,,,,,Houses_FirstAge_2_Level1.gltf,Ultimate Fantasy RTS - Aug 2022-20260825T020634Z-1-001/Ultimate Fantasy RTS - Aug 2022/glTF/Houses_FirstAge_2_Level1.gltf,Ultimate Fantasy RTS - Aug 2022-20260825T020634Z-1-001,,
,79473,architecture,.gltf,,,,,Houses_FirstAge_2_Level2.gltf,Ultimate Fantasy RTS - Aug 2022-20260825T020634Z-1-001/Ultimate Fantasy RTS - Aug 2022/glTF/Houses_FirstAge_2_Level2.gltf,Ultimate Fantasy RTS - Aug 2022-20260825T020634Z-1-001,,
,128532,architecture,.gltf,,,,,Houses_FirstAge_2_Level3.gltf,Ultimate Fantasy RTS - Aug 2022-20260825T020634Z-1-001/Ultimate Fantasy RTS - Aug 2022/glTF/Houses_FirstAge_2_Level3.gltf,Ultimate Fantasy RTS - Aug 2022-20260825T020634Z-1-001,,
,23673,architecture,.gltf,,,,,Houses_FirstAge_3_Level1.gltf,Ultimate Fantasy RTS - Aug 2022-20260825T020634Z-1-001/Ultimate Fantasy RTS - Aug 2022/glTF/Houses_FirstAge_3_Level1.gltf,Ultimate Fantasy RTS - Aug 2022-20260825T020634Z-1-001,,
,49179,architecture,.gltf,,,,,Houses_FirstAge_3_Level2.gltf,Ultimate Fantasy RTS - Aug 2022-20260825T020634Z-1-001/Ultimate Fantasy RTS - Aug 2022/glTF/Houses_FirstAge_3_Level2.gltf,Ultimate Fantasy RTS - Aug 2022-20260825T020634Z-1-001,,
,124075,architecture,.gltf,,,,,Houses_FirstAge_3_Level3.gltf,Ultimate Fantasy RTS - Aug 2022-20260825T020634Z-1-001/Ultimate Fantasy RTS - Aug 2022/glTF/Houses_FirstAge_3_Level3.gltf,Ultimate Fantasy RTS - Aug 2022-20260825T020634Z-1-001,,
,145717,architecture,.gltf,,,,,Houses_SecondAge_1_Level1.gltf,Ultimate Fantasy RTS - Aug 2022-20260825T020634Z-1-001/Ultimate Fantasy RTS - Aug 2022/glTF/Houses_SecondAge_1_Level1.gltf,Ultimate Fantasy RTS - Aug 2022-20260825T020634Z-1-001,,
,210869,architecture,.gltf,,,,,Houses_SecondAge_1_Level2.gltf,Ultimate Fantasy RTS - Aug 2022-20260825T020634Z-1-001/Ultimate Fantasy RTS - Aug 2022/glTF/Houses_SecondAge_1_Level2.gltf,Ultimate Fantasy RTS - Aug 2022-20260825T020634Z-1-001,,
,206024,architecture,.gltf,,,,,Houses_SecondAge_1_Level3.gltf,Ultimate Fantasy RTS - Aug 2022-20260825T020634Z-1-001/Ultimate Fantasy RTS - Aug 2022/glTF/Houses_SecondAge_1_Level3.gltf,Ultimate Fantasy RTS - Aug 2022-20260825T020634Z-1-001,,
,104014,architecture,.gltf,,,,,Houses_SecondAge_2_Level1.gltf,Ultimate Fantasy RTS - Aug 2022-20260825T020634Z-1-001/Ultimate Fantasy RTS - Aug 2022/glTF/Houses_SecondAge_2_Level1.gltf,Ultimate Fantasy RTS - Aug 2022-20260825T020634Z-1-001,,
,242585,architecture,.gltf,,,,,Houses_SecondAge_2_Level2.gltf,Ultimate Fantasy RTS - Aug 2022-20260825T020634Z-1-001/Ultimate Fantasy RTS - Aug 2022/glTF/Houses_SecondAge_2_Level2.gltf,Ultimate Fantasy RTS - Aug 2022-20260825T020634Z-1-001,,
,352099,architecture,.gltf,,,,,Houses_SecondAge_2_Level3.gltf,Ultimate Fantasy RTS - Aug 2022-20260825T020634Z-1-001/Ultimate Fantasy RTS - Aug 2022/glTF/Houses_SecondAge_2_Level3.gltf,Ultimate Fantasy RTS - Aug 2022-20260825T020634Z-1-001,,
,67213,architecture,.gltf,,,,,Houses_SecondAge_3_Level1.gltf,Ultimate Fantasy RTS - Aug 2022-20260825T020634Z-1-001/Ultimate Fantasy RTS - Aug 2022/glTF/Houses_SecondAge_3_Level1.gltf,Ultimate Fantasy RTS - Aug 2022-20260825T020634Z-1-001,,
,152388,architecture,.gltf,,,,,Houses_SecondAge_3_Level2.gltf,Ultimate Fantasy RTS - Aug 2022-20260825T020634Z-1-001/Ultimate Fantasy RTS - Aug 2022/glTF/Houses_SecondAge_3_Level2.gltf,Ultimate Fantasy RTS - Aug 2022-20260825T020634Z-1-001,,
,220435,architecture,.gltf,,,,,Houses_SecondAge_3_Level3.gltf,Ultimate Fantasy RTS - Aug 2022-20260825T020634Z-1-001/Ultimate Fantasy RTS - Aug 2022/glTF/Houses_SecondAge_3_Level3.gltf,Ultimate Fantasy RTS - Aug 2022-20260825T020634Z-1-001,,
,37454,vegetation,.gltf,,,,,Logs.gltf,Ultimate Fantasy RTS - Aug 2022-20260825T020634Z-1-001/Ultimate Fantasy RTS - Aug 2022/glTF/Logs.gltf,Ultimate Fantasy RTS - Aug 2022-20260825T020634Z-1-001,,
,191538,uncategorized,.gltf,,,,,Market_FirstAge_Level1.gltf,Ultimate Fantasy RTS - Aug 2022-20260825T020634Z-1-001/Ultimate Fantasy RTS - Aug 2022/glTF/Market_FirstAge_Level1.gltf,Ultimate Fantasy RTS - Aug 2022-20260825T020634Z-1-001,,
,334655,uncategorized,.gltf,,,,,Market_FirstAge_Level2.gltf,Ultimate Fantasy RTS - Aug 2022-20260825T020634Z-1-001/Ultimate Fantasy RTS - Aug 2022/glTF/Market_FirstAge_Level2.gltf,Ultimate Fantasy RTS - Aug 2022-20260825T020634Z-1-001,,
,515796,uncategorized,.gltf,,,,,Market_FirstAge_Level3.gltf,Ultimate Fantasy RTS - Aug 2022-20260825T020634Z-1-001/Ultimate Fantasy RTS - Aug 2022/glTF/Market_FirstAge_Level3.gltf,Ultimate Fantasy RTS - Aug 2022-20260825T020634Z-1-001,,
,462724,uncategorized,.gltf,,,,,Market_SecondAge_Level1.gltf,Ultimate Fantasy RTS - Aug 2022-20260825T020634Z-1-001/Ultimate Fantasy RTS - Aug 2022/glTF/Market_SecondAge_Level1.gltf,Ultimate Fantasy RTS - Aug 2022-20260825T020634Z-1-001,,
,784809,uncategorized,.gltf,,,,,Market_SecondAge_Level2.gltf,Ultimate Fantasy RTS - Aug 2022-20260825T020634Z-1-001/Ultimate Fantasy RTS - Aug 2022/glTF/Market_SecondAge_Level2.gltf,Ultimate Fantasy RTS - Aug 2022-20260825T020634Z-1-001,,
,1321371,uncategorized,.gltf,,,,,Market_SecondAge_Level3.gltf,Ultimate Fantasy RTS - Aug 2022-20260825T020634Z-1-001/Ultimate Fantasy RTS - Aug 2022/glTF/Market_SecondAge_Level3.gltf,Ultimate Fantasy RTS - Aug 2022-20260825T020634Z-1-001,,
,190856,uncategorized,.gltf,,,,,Mine.gltf,Ultimate Fantasy RTS - Aug 2022-20260825T020634Z-1-001/Ultimate Fantasy RTS - Aug 2022/glTF/Mine.gltf,Ultimate Fantasy RTS - Aug 2022-20260825T020634Z-1-001,,
,206700,terrain,.gltf,,,,,Mountain_Group_1.gltf,Ultimate Fantasy RTS - Aug 2022-20260825T020634Z-1-001/Ultimate Fantasy RTS - Aug 2022/glTF/Mountain_Group_1.gltf,Ultimate Fantasy RTS - Aug 2022-20260825T020634Z-1-001,,
,78706,terrain,.gltf,,,,,Mountain_Group_2.gltf,Ultimate Fantasy RTS - Aug 2022-20260825T020634Z-1-001/Ultimate Fantasy RTS - Aug 2022/glTF/Mountain_Group_2.gltf,Ultimate Fantasy RTS - Aug 2022-20260825T020634Z-1-001,,
,23608,terrain,.gltf,,,,,Mountain_Single.gltf,Ultimate Fantasy RTS - Aug 2022-20260825T020634Z-1-001/Ultimate Fantasy RTS - Aug 2022/glTF/Mountain_Single.gltf,Ultimate Fantasy RTS - Aug 2022-20260825T020634Z-1-001,,
,63627,terrain,.gltf,,,,,MountainLarge_Single.gltf,Ultimate Fantasy RTS - Aug 2022-20260825T020634Z-1-001/Ultimate Fantasy RTS - Aug 2022/glTF/MountainLarge_Single.gltf,Ultimate Fantasy RTS - Aug 2022-20260825T020634Z-1-001,,
,293882,uncategorized,.gltf,,,,,Port_FirstAge_Level1.gltf,Ultimate Fantasy RTS - Aug 2022-20260825T020634Z-1-001/Ultimate Fantasy RTS - Aug 2022/glTF/Port_FirstAge_Level1.gltf,Ultimate Fantasy RTS - Aug 2022-20260825T020634Z-1-001,,
,401405,uncategorized,.gltf,,,,,Port_FirstAge_Level2.gltf,Ultimate Fantasy RTS - Aug 2022-20260825T020634Z-1-001/Ultimate Fantasy RTS - Aug 2022/glTF/Port_FirstAge_Level2.gltf,Ultimate Fantasy RTS - Aug 2022-20260825T020634Z-1-001,,
,292839,uncategorized,.gltf,,,,,Port_FirstAge_Level3.gltf,Ultimate Fantasy RTS - Aug 2022-20260825T020634Z-1-001/Ultimate Fantasy RTS - Aug 2022/glTF/Port_FirstAge_Level3.gltf,Ultimate Fantasy RTS - Aug 2022-20260825T020634Z-1-001,,
,551060,uncategorized,.gltf,,,,,Port_SecondAge_Level1.gltf,Ultimate Fantasy RTS - Aug 2022-20260825T020634Z-1-001/Ultimate Fantasy RTS - Aug 2022/glTF/Port_SecondAge_Level1.gltf,Ultimate Fantasy RTS - Aug 2022-20260825T020634Z-1-001,,
,634358,uncategorized,.gltf,,,,,Port_SecondAge_Level2.gltf,Ultimate Fantasy RTS - Aug 2022-20260825T020634Z-1-001/Ultimate Fantasy RTS - Aug 2022/glTF/Port_SecondAge_Level2.gltf,Ultimate Fantasy RTS - Aug 2022-20260825T020634Z-1-001,,
,719218,uncategorized,.gltf,,,,,Port_SecondAge_Level3.gltf,Ultimate Fantasy RTS - Aug 2022-20260825T020634Z-1-001/Ultimate Fantasy RTS - Aug 2022/glTF/Port_SecondAge_Level3.gltf,Ultimate Fantasy RTS - Aug 2022-20260825T020634Z-1-001,,
,66406,uncategorized,.gltf,,,,,Resource_Gold_1.gltf,Ultimate Fantasy RTS - Aug 2022-20260825T020634Z-1-001/Ultimate Fantasy RTS - Aug 2022/glTF/Resource_Gold_1.gltf,Ultimate Fantasy RTS - Aug 2022-20260825T020634Z-1-001,,
,68640,uncategorized,.gltf,,,,,Resource_Gold_2.gltf,Ultimate Fantasy RTS - Aug 2022-20260825T020634Z-1-001/Ultimate Fantasy RTS - Aug 2022/glTF/Resource_Gold_2.gltf,Ultimate Fantasy RTS - Aug 2022-20260825T020634Z-1-001,,
,60280,uncategorized,.gltf,,,,,Resource_Gold_3.gltf,Ultimate Fantasy RTS - Aug 2022-20260825T020634Z-1-001/Ultimate Fantasy RTS - Aug 2022/glTF/Resource_Gold_3.gltf,Ultimate Fantasy RTS - Aug 2022-20260825T020634Z-1-001,,
,16537,vegetation,.gltf,,,,,Resource_PineTree.gltf,Ultimate Fantasy RTS - Aug 2022-20260825T020634Z-1-001/Ultimate Fantasy RTS - Aug 2022/glTF/Resource_PineTree.gltf,Ultimate Fantasy RTS - Aug 2022-20260825T020634Z-1-001,,
,133261,vegetation,.gltf,,,,,Resource_PineTree_Group.gltf,Ultimate Fantasy RTS - Aug 2022-20260825T020634Z-1-001/Ultimate Fantasy RTS - Aug 2022/glTF/Resource_PineTree_Group.gltf,Ultimate Fantasy RTS - Aug 2022-20260825T020634Z-1-001,,
,41985,vegetation,.gltf,,,,,Resource_PineTree_Group_Cut.gltf,Ultimate Fantasy RTS - Aug 2022-20260825T020634Z-1-001/Ultimate Fantasy RTS - Aug 2022/glTF/Resource_PineTree_Group_Cut.gltf,Ultimate Fantasy RTS - Aug 2022-20260825T020634Z-1-001,,
,41053,terrain,.gltf,,,,,Resource_Rock_1.gltf,Ultimate Fantasy RTS - Aug 2022-20260825T020634Z-1-001/Ultimate Fantasy RTS - Aug 2022/glTF/Resource_Rock_1.gltf,Ultimate Fantasy RTS - Aug 2022-20260825T020634Z-1-001,,
,37975,terrain,.gltf,,,,,Resource_Rock_2.gltf,Ultimate Fantasy RTS - Aug 2022-20260825T020634Z-1-001/Ultimate Fantasy RTS - Aug 2022/glTF/Resource_Rock_2.gltf,Ultimate Fantasy RTS - Aug 2022-20260825T020634Z-1-001,,
,28317,terrain,.gltf,,,,,Resource_Rock_3.gltf,Ultimate Fantasy RTS - Aug 2022-20260825T020634Z-1-001/Ultimate Fantasy RTS - Aug 2022/glTF/Resource_Rock_3.gltf,Ultimate Fantasy RTS - Aug 2022-20260825T020634Z-1-001,,
,18032,vegetation,.gltf,,,,,Resource_Tree1.gltf,Ultimate Fantasy RTS - Aug 2022-20260825T020634Z-1-001/Ultimate Fantasy RTS - Aug 2022/glTF/Resource_Tree1.gltf,Ultimate Fantasy RTS - Aug 2022-20260825T020634Z-1-001,,
,13736,vegetation,.gltf,,,,,Resource_Tree2.gltf,Ultimate Fantasy RTS - Aug 2022-20260825T020634Z-1-001/Ultimate Fantasy RTS - Aug 2022/glTF/Resource_Tree2.gltf,Ultimate Fantasy RTS - Aug 2022-20260825T020634Z-1-001,,
,123646,vegetation,.gltf,,,,,Resource_Tree_Group.gltf,Ultimate Fantasy RTS - Aug 2022-20260825T020634Z-1-001/Ultimate Fantasy RTS - Aug 2022/glTF/Resource_Tree_Group.gltf,Ultimate Fantasy RTS - Aug 2022-20260825T020634Z-1-001,,
,34048,vegetation,.gltf,,,,,Resource_Tree_Group_Cut.gltf,Ultimate Fantasy RTS - Aug 2022-20260825T020634Z-1-001/Ultimate Fantasy RTS - Aug 2022/glTF/Resource_Tree_Group_Cut.gltf,Ultimate Fantasy RTS - Aug 2022-20260825T020634Z-1-001,,
,12363,terrain,.gltf,,,,,Rock.gltf,Ultimate Fantasy RTS - Aug 2022-20260825T020634Z-1-001/Ultimate Fantasy RTS - Aug 2022/glTF/Rock.gltf,Ultimate Fantasy RTS - Aug 2022-20260825T020634Z-1-001,,
,54634,terrain,.gltf,,,,,Rock_Group.gltf,Ultimate Fantasy RTS - Aug 2022-20260825T020634Z-1-001/Ultimate Fantasy RTS - Aug 2022/glTF/Rock_Group.gltf,Ultimate Fantasy RTS - Aug 2022-20260825T020634Z-1-001,,
,477834,uncategorized,.gltf,,,,,Storage_FirstAge_Leve3.gltf,Ultimate Fantasy RTS - Aug 2022-20260825T020634Z-1-001/Ultimate Fantasy RTS - Aug 2022/glTF/Storage_FirstAge_Leve3.gltf,Ultimate Fantasy RTS - Aug 2022-20260825T020634Z-1-001,,
,267400,uncategorized,.gltf,,,,,Storage_FirstAge_Level1.gltf,Ultimate Fantasy RTS - Aug 2022-20260825T020634Z-1-001/Ultimate Fantasy RTS - Aug 2022/glTF/Storage_FirstAge_Level1.gltf,Ultimate Fantasy RTS - Aug 2022-20260825T020634Z-1-001,,
,342120,uncategorized,.gltf,,,,,Storage_FirstAge_Level2.gltf,Ultimate Fantasy RTS - Aug 2022-20260825T020634Z-1-001/Ultimate Fantasy RTS - Aug 2022/glTF/Storage_FirstAge_Level2.gltf,Ultimate Fantasy RTS - Aug 2022-20260825T020634Z-1-001,,
,687873,uncategorized,.gltf,,,,,Storage_SecondAge_Level1.gltf,Ultimate Fantasy RTS - Aug 2022-20260825T020634Z-1-001/Ultimate Fantasy RTS - Aug 2022/glTF/Storage_SecondAge_Level1.gltf,Ultimate Fantasy RTS - Aug 2022-20260825T020634Z-1-001,,
,737684,uncategorized,.gltf,,,,,Storage_SecondAge_Level2.gltf,Ultimate Fantasy RTS - Aug 2022-20260825T020634Z-1-001/Ultimate Fantasy RTS - Aug 2022/glTF/Storage_SecondAge_Level2.gltf,Ultimate Fantasy RTS - Aug 2022-20260825T020634Z-1-001,,
,708787,uncategorized,.gltf,,,,,Storage_SecondAge_Level3.gltf,Ultimate Fantasy RTS - Aug 2022-20260825T020634Z-1-001/Ultimate Fantasy RTS - Aug 2022/glTF/Storage_SecondAge_Level3.gltf,Ultimate Fantasy RTS - Aug 2022-20260825T020634Z-1-001,,
,371539,uncategorized,.gltf,,,,,Temple_FirstAge_Level1.gltf,Ultimate Fantasy RTS - Aug 2022-20260825T020634Z-1-001/Ultimate Fantasy RTS - Aug 2022/glTF/Temple_FirstAge_Level1.gltf,Ultimate Fantasy RTS - Aug 2022-20260825T020634Z-1-001,,
,455362,uncategorized,.gltf,,,,,Temple_FirstAge_Level2.gltf,Ultimate Fantasy RTS - Aug 2022-20260825T020634Z-1-001/Ultimate Fantasy RTS - Aug 2022/glTF/Temple_FirstAge_Level2.gltf,Ultimate Fantasy RTS - Aug 2022-20260825T020634Z-1-001,,
,846578,uncategorized,.gltf,,,,,Temple_FirstAge_Level3.gltf,Ultimate Fantasy RTS - Aug 2022-20260825T020634Z-1-001/Ultimate Fantasy RTS - Aug 2022/glTF/Temple_FirstAge_Level3.gltf,Ultimate Fantasy RTS - Aug 2022-20260825T020634Z-1-001,,
,36372,uncategorized,.gltf,,,,,Temple_SecondAge_Level1.gltf,Ultimate Fantasy RTS - Aug 2022-20260825T020634Z-1-001/Ultimate Fantasy RTS - Aug 2022/glTF/Temple_SecondAge_Level1.gltf,Ultimate Fantasy RTS - Aug 2022-20260825T020634Z-1-001,,
,168851,uncategorized,.gltf,,,,,Temple_SecondAge_Level2.gltf,Ultimate Fantasy RTS - Aug 2022-20260825T020634Z-1-001/Ultimate Fantasy RTS - Aug 2022/glTF/Temple_SecondAge_Level2.gltf,Ultimate Fantasy RTS - Aug 2022-20260825T020634Z-1-001,,
,391069,uncategorized,.gltf,,,,,Temple_SecondAge_Level3.gltf,Ultimate Fantasy RTS - Aug 2022-20260825T020634Z-1-001/Ultimate Fantasy RTS - Aug 2022/glTF/Temple_SecondAge_Level3.gltf,Ultimate Fantasy RTS - Aug 2022-20260825T020634Z-1-001,,
,161651,architecture,.gltf,,,,,TowerHouse_FirstAge.gltf,Ultimate Fantasy RTS - Aug 2022-20260825T020634Z-1-001/Ultimate Fantasy RTS - Aug 2022/glTF/TowerHouse_FirstAge.gltf,Ultimate Fantasy RTS - Aug 2022-20260825T020634Z-1-001,,
,310805,architecture,.gltf,,,,,TowerHouse_SecondAge.gltf,Ultimate Fantasy RTS - Aug 2022-20260825T020634Z-1-001/Ultimate Fantasy RTS - Aug 2022/glTF/TowerHouse_SecondAge.gltf,Ultimate Fantasy RTS - Aug 2022-20260825T020634Z-1-001,,
,66568,uncategorized,.gltf,,,,,TownCenter_FirstAge_Level1.gltf,Ultimate Fantasy RTS - Aug 2022-20260825T020634Z-1-001/Ultimate Fantasy RTS - Aug 2022/glTF/TownCenter_FirstAge_Level1.gltf,Ultimate Fantasy RTS - Aug 2022-20260825T020634Z-1-001,,
,214011,uncategorized,.gltf,,,,,TownCenter_FirstAge_Level2.gltf,Ultimate Fantasy RTS - Aug 2022-20260825T020634Z-1-001/Ultimate Fantasy RTS - Aug 2022/glTF/TownCenter_FirstAge_Level2.gltf,Ultimate Fantasy RTS - Aug 2022-20260825T020634Z-1-001,,
,321458,uncategorized,.gltf,,,,,TownCenter_FirstAge_Level3.gltf,Ultimate Fantasy RTS - Aug 2022-20260825T020634Z-1-001/Ultimate Fantasy RTS - Aug 2022/glTF/TownCenter_FirstAge_Level3.gltf,Ultimate Fantasy RTS - Aug 2022-20260825T020634Z-1-001,,
,234182,uncategorized,.gltf,,,,,TownCenter_SecondAge_Level1.gltf,Ultimate Fantasy RTS - Aug 2022-20260825T020634Z-1-001/Ultimate Fantasy RTS - Aug 2022/glTF/TownCenter_SecondAge_Level1.gltf,Ultimate Fantasy RTS - Aug 2022-20260825T020634Z-1-001,,
,379563,uncategorized,.gltf,,,,,TownCenter_SecondAge_Level2.gltf,Ultimate Fantasy RTS - Aug 2022-20260825T020634Z-1-001/Ultimate Fantasy RTS - Aug 2022/glTF/TownCenter_SecondAge_Level2.gltf,Ultimate Fantasy RTS - Aug 2022-20260825T020634Z-1-001,,
,532793,uncategorized,.gltf,,,,,TownCenter_SecondAge_Level3.gltf,Ultimate Fantasy RTS - Aug 2022-20260825T020634Z-1-001/Ultimate Fantasy RTS - Aug 2022/glTF/TownCenter_SecondAge_Level3.gltf,Ultimate Fantasy RTS - Aug 2022-20260825T020634Z-1-001,,
,25295,architecture,.gltf,,,,,Wall_FirstAge.gltf,Ultimate Fantasy RTS - Aug 2022-20260825T020634Z-1-001/Ultimate Fantasy RTS - Aug 2022/glTF/Wall_FirstAge.gltf,Ultimate Fantasy RTS - Aug 2022-20260825T020634Z-1-001,,
,24946,architecture,.gltf,,,,,Wall_SecondAge.gltf,Ultimate Fantasy RTS - Aug 2022-20260825T020634Z-1-001/Ultimate Fantasy RTS - Aug 2022/glTF/Wall_SecondAge.gltf,Ultimate Fantasy RTS - Aug 2022-20260825T020634Z-1-001,,
,111774,architecture,.gltf,,,,,WallTowers_Door_FirstAge.gltf,Ultimate Fantasy RTS - Aug 2022-20260825T020634Z-1-001/Ultimate Fantasy RTS - Aug 2022/glTF/WallTowers_Door_FirstAge.gltf,Ultimate Fantasy RTS - Aug 2022-20260825T020634Z-1-001,,
,181866,architecture,.gltf,,,,,WallTowers_Door_SecondAge.gltf,Ultimate Fantasy RTS - Aug 2022-20260825T020634Z-1-001/Ultimate Fantasy RTS - Aug 2022/glTF/WallTowers_Door_SecondAge.gltf,Ultimate Fantasy RTS - Aug 2022-20260825T020634Z-1-001,,
,121860,architecture,.gltf,,,,,WallTowers_DoorClosed_FirstAge.gltf,Ultimate Fantasy RTS - Aug 2022-20260825T020634Z-1-001/Ultimate Fantasy RTS - Aug 2022/glTF/WallTowers_DoorClosed_FirstAge.gltf,Ultimate Fantasy RTS - Aug 2022-20260825T020634Z-1-001,,
,200928,architecture,.gltf,,,,,WallTowers_DoorClosed_SecondAge.gltf,Ultimate Fantasy RTS - Aug 2022-20260825T020634Z-1-001/Ultimate Fantasy RTS - Aug 2022/glTF/WallTowers_DoorClosed_SecondAge.gltf,Ultimate Fantasy RTS - Aug 2022-20260825T020634Z-1-001,,
,82773,architecture,.gltf,,,,,WallTowers_FirstAge.gltf,Ultimate Fantasy RTS - Aug 2022-20260825T020634Z-1-001/Ultimate Fantasy RTS - Aug 2022/glTF/WallTowers_FirstAge.gltf,Ultimate Fantasy RTS - Aug 2022-20260825T020634Z-1-001,,
,170756,architecture,.gltf,,,,,WallTowers_SecondAge.gltf,Ultimate Fantasy RTS - Aug 2022-20260825T020634Z-1-001/Ultimate Fantasy RTS - Aug 2022/glTF/WallTowers_SecondAge.gltf,Ultimate Fantasy RTS - Aug 2022-20260825T020634Z-1-001,,
,52593,architecture,.gltf,,,,,WatchTower_FirstAge_Level1.gltf,Ultimate Fantasy RTS - Aug 2022-20260825T020634Z-1-001/Ultimate Fantasy RTS - Aug 2022/glTF/WatchTower_FirstAge_Level1.gltf,Ultimate Fantasy RTS - Aug 2022-20260825T020634Z-1-001,,
,71852,architecture,.gltf,,,,,WatchTower_FirstAge_Level2.gltf,Ultimate Fantasy RTS - Aug 2022-20260825T020634Z-1-001/Ultimate Fantasy RTS - Aug 2022/glTF/WatchTower_FirstAge_Level2.gltf,Ultimate Fantasy RTS - Aug 2022-20260825T020634Z-1-001,,
,130098,architecture,.gltf,,,,,WatchTower_FirstAge_Level3.gltf,Ultimate Fantasy RTS - Aug 2022-20260825T020634Z-1-001/Ultimate Fantasy RTS - Aug 2022/glTF/WatchTower_FirstAge_Level3.gltf,Ultimate Fantasy RTS - Aug 2022-20260825T020634Z-1-001,,
,291886,architecture,.gltf,,,,,WatchTower_SecondAge_Level1.gltf,Ultimate Fantasy RTS - Aug 2022-20260825T020634Z-1-001/Ultimate Fantasy RTS - Aug 2022/glTF/WatchTower_SecondAge_Level1.gltf,Ultimate Fantasy RTS - Aug 2022-20260825T020634Z-1-001,,
,276170,architecture,.gltf,,,,,WatchTower_SecondAge_Level2.gltf,Ultimate Fantasy RTS - Aug 2022-20260825T020634Z-1-001/Ultimate Fantasy RTS - Aug 2022/glTF/WatchTower_SecondAge_Level2.gltf,Ultimate Fantasy RTS - Aug 2022-20260825T020634Z-1-001,,
,257040,architecture,.gltf,,,,,WatchTower_SecondAge_Level3.gltf,Ultimate Fantasy RTS - Aug 2022-20260825T020634Z-1-001/Ultimate Fantasy RTS - Aug 2022/glTF/WatchTower_SecondAge_Level3.gltf,Ultimate Fantasy RTS - Aug 2022-20260825T020634Z-1-001,,
,183663,uncategorized,.gltf,,,,,Windmill_FirstAge.gltf,Ultimate Fantasy RTS - Aug 2022-20260825T020634Z-1-001/Ultimate Fantasy RTS - Aug 2022/glTF/Windmill_FirstAge.gltf,Ultimate Fantasy RTS - Aug 2022-20260825T020634Z-1-001,,
,170665,uncategorized,.gltf,,,,,Windmill_SecondAge.gltf,Ultimate Fantasy RTS - Aug 2022-20260825T020634Z-1-001/Ultimate Fantasy RTS - Aug 2022/glTF/Windmill_SecondAge.gltf,Ultimate Fantasy RTS - Aug 2022-20260825T020634Z-1-001,,
,328790,uncategorized,.gltf,,,,,Wonder_FirstAge_Level1.gltf,Ultimate Fantasy RTS - Aug 2022-20260825T020634Z-1-001/Ultimate Fantasy RTS - Aug 2022/glTF/Wonder_FirstAge_Level1.gltf,Ultimate Fantasy RTS - Aug 2022-20260825T020634Z-1-001,,
,637139,uncategorized,.gltf,,,,,Wonder_FirstAge_Level2.gltf,Ultimate Fantasy RTS - Aug 2022-20260825T020634Z-1-001/Ultimate Fantasy RTS - Aug 2022/glTF/Wonder_FirstAge_Level2.gltf,Ultimate Fantasy RTS - Aug 2022-20260825T020634Z-1-001,,
,845651,uncategorized,.gltf,,,,,Wonder_FirstAge_Level3.gltf,Ultimate Fantasy RTS - Aug 2022-20260825T020634Z-1-001/Ultimate Fantasy RTS - Aug 2022/glTF/Wonder_FirstAge_Level3.gltf,Ultimate Fantasy RTS - Aug 2022-20260825T020634Z-1-001,,
,58522,uncategorized,.gltf,,,,,Wonder_SecondAge_Level1.gltf,Ultimate Fantasy RTS - Aug 2022-20260825T020634Z-1-001/Ultimate Fantasy RTS - Aug 2022/glTF/Wonder_SecondAge_Level1.gltf,Ultimate Fantasy RTS - Aug 2022-20260825T020634Z-1-001,,
,734083,uncategorized,.gltf,,,,,Wonder_SecondAge_Level2.gltf,Ultimate Fantasy RTS - Aug 2022-20260825T020634Z-1-001/Ultimate Fantasy RTS - Aug 2022/glTF/Wonder_SecondAge_Level2.gltf,Ultimate Fantasy RTS - Aug 2022-20260825T020634Z-1-001,,
,798211,uncategorized,.gltf,,,,,Wonder_SecondAge_Level3.gltf,Ultimate Fantasy RTS - Aug 2022-20260825T020634Z-1-001/Ultimate Fantasy RTS - Aug 2022/glTF/Wonder_SecondAge_Level3.gltf,Ultimate Fantasy RTS - Aug 2022-20260825T020634Z-1-001,,
,315457,architecture,.gltf,,,,,WonderWalls_FirstAge.gltf,Ultimate Fantasy RTS - Aug 2022-20260825T020634Z-1-001/Ultimate Fantasy RTS - Aug 2022/glTF/WonderWalls_FirstAge.gltf,Ultimate Fantasy RTS - Aug 2022-20260825T020634Z-1-001,,
,643290,architecture,.gltf,,,,,WonderWalls_SecondAge.gltf,Ultimate Fantasy RTS - Aug 2022-20260825T020634Z-1-001/Ultimate Fantasy RTS - Aug 2022/glTF/WonderWalls_SecondAge.gltf,Ultimate Fantasy RTS - Aug 2022-20260825T020634Z-1-001,,
,374,uncategorized,.txt,,,,,License.txt,Ultimate Fantasy RTS - Aug 2022-20260825T020634Z-1-001/Ultimate Fantasy RTS - Aug 2022/License.txt,Ultimate Fantasy RTS - Aug 2022-20260825T020634Z-1-001,,
,968,uncategorized,.mtl,,,,,Archery_FirstAge_Level1.mtl,Ultimate Fantasy RTS - Aug 2022-20260825T020634Z-1-001/Ultimate Fantasy RTS - Aug 2022/OBJ/Archery_FirstAge_Level1.mtl,Ultimate Fantasy RTS - Aug 2022-20260825T020634Z-1-001,,
,279003,uncategorized,.obj,,,,,Archery_FirstAge_Level1.obj,Ultimate Fantasy RTS - Aug 2022-20260825T020634Z-1-001/Ultimate Fantasy RTS - Aug 2022/OBJ/Archery_FirstAge_Level1.obj,Ultimate Fantasy RTS - Aug 2022-20260825T020634Z-1-001,,
,1147,uncategorized,.mtl,,,,,Archery_FirstAge_Level2.mtl,Ultimate Fantasy RTS - Aug 2022-20260825T020634Z-1-001/Ultimate Fantasy RTS - Aug 2022/OBJ/Archery_FirstAge_Level2.mtl,Ultimate Fantasy RTS - Aug 2022-20260825T020634Z-1-001,,
,331135,uncategorized,.obj,,,,,Archery_FirstAge_Level2.obj,Ultimate Fantasy RTS - Aug 2022-20260825T020634Z-1-001/Ultimate Fantasy RTS - Aug 2022/OBJ/Archery_FirstAge_Level2.obj,Ultimate Fantasy RTS - Aug 2022-20260825T020634Z-1-001,,
,1147,uncategorized,.mtl,,,,,Archery_FirstAge_Level3.mtl,Ultimate Fantasy RTS - Aug 2022-20260825T020634Z-1-001/Ultimate Fantasy RTS - Aug 2022/OBJ/Archery_FirstAge_Level3.mtl,Ultimate Fantasy RTS - Aug 2022-20260825T020634Z-1-001,,
,402310,uncategorized,.obj,,,,,Archery_FirstAge_Level3.obj,Ultimate Fantasy RTS - Aug 2022-20260825T020634Z-1-001/Ultimate Fantasy RTS - Aug 2022/OBJ/Archery_FirstAge_Level3.obj,Ultimate Fantasy RTS - Aug 2022-20260825T020634Z-1-001,,
,1333,uncategorized,.mtl,,,,,Archery_SecondAge_Level1.mtl,Ultimate Fantasy RTS - Aug 2022-20260825T020634Z-1-001/Ultimate Fantasy RTS - Aug 2022/OBJ/Archery_SecondAge_Level1.mtl,Ultimate Fantasy RTS - Aug 2022-20260825T020634Z-1-001,,
,414067,uncategorized,.obj,,,,,Archery_SecondAge_Level1.obj,Ultimate Fantasy RTS - Aug 2022-20260825T020634Z-1-001/Ultimate Fantasy RTS - Aug 2022/OBJ/Archery_SecondAge_Level1.obj,Ultimate Fantasy RTS - Aug 2022-20260825T020634Z-1-001,,
,1512,uncategorized,.mtl,,,,,Archery_SecondAge_Level2.mtl,Ultimate Fantasy RTS - Aug 2022-20260825T020634Z-1-001/Ultimate Fantasy RTS - Aug 2022/OBJ/Archery_SecondAge_Level2.mtl,Ultimate Fantasy RTS - Aug 2022-20260825T020634Z-1-001,,
,454112,uncategorized,.obj,,,,,Archery_SecondAge_Level2.obj,Ultimate Fantasy RTS - Aug 2022-20260825T020634Z-1-001/Ultimate Fantasy RTS - Aug 2022/OBJ/Archery_SecondAge_Level2.obj,Ultimate Fantasy RTS - Aug 2022-20260825T020634Z-1-001,,
,1697,uncategorized,.mtl,,,,,Archery_SecondAge_Level3.mtl,Ultimate Fantasy RTS - Aug 2022-20260825T020634Z-1-001/Ultimate Fantasy RTS - Aug 2022/OBJ/Archery_SecondAge_Level3.mtl,Ultimate Fantasy RTS - Aug 2022-20260825T020634Z-1-001,,
,632540,uncategorized,.obj,,,,,Archery_SecondAge_Level3.obj,Ultimate Fantasy RTS - Aug 2022-20260825T020634Z-1-001/Ultimate Fantasy RTS - Aug 2022/OBJ/Archery_SecondAge_Level3.obj,Ultimate Fantasy RTS - Aug 2022-20260825T020634Z-1-001,,
,1519,props,.mtl,,,,,Barracks_FirstAge_Level1.mtl,Ultimate Fantasy RTS - Aug 2022-20260825T020634Z-1-001/Ultimate Fantasy RTS - Aug 2022/OBJ/Barracks_FirstAge_Level1.mtl,Ultimate Fantasy RTS - Aug 2022-20260825T020634Z-1-001,,
,65828,props,.obj,,,,,Barracks_FirstAge_Level1.obj,Ultimate Fantasy RTS - Aug 2022-20260825T020634Z-1-001/Ultimate Fantasy RTS - Aug 2022/OBJ/Barracks_FirstAge_Level1.obj,Ultimate Fantasy RTS - Aug 2022-20260825T020634Z-1-001,,
,1519,props,.mtl,,,,,Barracks_FirstAge_Level2.mtl,Ultimate Fantasy RTS - Aug 2022-20260825T020634Z-1-001/Ultimate Fantasy RTS - Aug 2022/OBJ/Barracks_FirstAge_Level2.mtl,Ultimate Fantasy RTS - Aug 2022-20260825T020634Z-1-001,,
,124245,props,.obj,,,,,Barracks_FirstAge_Level2.obj,Ultimate Fantasy RTS - Aug 2022-20260825T020634Z-1-001/Ultimate Fantasy RTS - Aug 2022/OBJ/Barracks_FirstAge_Level2.obj,Ultimate Fantasy RTS - Aug 2022-20260825T020634Z-1-001,,
,1519,props,.mtl,,,,,Barracks_FirstAge_Level3.mtl,Ultimate Fantasy RTS - Aug 2022-20260825T020634Z-1-001/Ultimate Fantasy RTS - Aug 2022/OBJ/Barracks_FirstAge_Level3.mtl,Ultimate Fantasy RTS - Aug 2022-20260825T020634Z-1-001,,
,270820,props,.obj,,,,,Barracks_FirstAge_Level3.obj,Ultimate Fantasy RTS - Aug 2022-20260825T020634Z-1-001/Ultimate Fantasy RTS - Aug 2022/OBJ/Barracks_FirstAge_Level3.obj,Ultimate Fantasy RTS - Aug 2022-20260825T020634Z-1-001,,
,1699,props,.mtl,,,,,Barracks_SecondAge_Level1.mtl,Ultimate Fantasy RTS - Aug 2022-20260825T020634Z-1-001/Ultimate Fantasy RTS - Aug 2022/OBJ/Barracks_SecondAge_Level1.mtl,Ultimate Fantasy RTS - Aug 2022-20260825T020634Z-1-001,,
,199467,props,.obj,,,,,Barracks_SecondAge_Level1.obj,Ultimate Fantasy RTS - Aug 2022-20260825T020634Z-1-001/Ultimate Fantasy RTS - Aug 2022/OBJ/Barracks_SecondAge_Level1.obj,Ultimate Fantasy RTS - Aug 2022-20260825T020634Z-1-001,,
,1699,props,.mtl,,,,,Barracks_SecondAge_Level2.mtl,Ultimate Fantasy RTS - Aug 2022-20260825T020634Z-1-001/Ultimate Fantasy RTS - Aug 2022/OBJ/Barracks_SecondAge_Level2.mtl,Ultimate Fantasy RTS - Aug 2022-20260825T020634Z-1-001,,
,423869,props,.obj,,,,,Barracks_SecondAge_Level2.obj,Ultimate Fantasy RTS - Aug 2022-20260825T020634Z-1-001/Ultimate Fantasy RTS - Aug 2022/OBJ/Barracks_SecondAge_Level2.obj,Ultimate Fantasy RTS - Aug 2022-20260825T020634Z-1-001,,
,1699,props,.mtl,,,,,Barracks_SecondAge_Level3.mtl,Ultimate Fantasy RTS - Aug 2022-20260825T020634Z-1-001/Ultimate Fantasy RTS - Aug 2022/OBJ/Barracks_SecondAge_Level3.mtl,Ultimate Fantasy RTS - Aug 2022-20260825T020634Z-1-001,,
,507158,props,.obj,,,,,Barracks_SecondAge_Level3.obj,Ultimate Fantasy RTS - Aug 2022-20260825T020634Z-1-001/Ultimate Fantasy RTS - Aug 2022/OBJ/Barracks_SecondAge_Level3.obj,Ultimate Fantasy RTS - Aug 2022-20260825T020634Z-1-001,,
,418,props,.mtl,,,,,Barrel.mtl,Ultimate Fantasy RTS - Aug 2022-20260825T020634Z-1-001/Ultimate Fantasy RTS - Aug 2022/OBJ/Barrel.mtl,Ultimate Fantasy RTS - Aug 2022-20260825T020634Z-1-001,,
,17084,props,.obj,,,,,Barrel.obj,Ultimate Fantasy RTS - Aug 2022-20260825T020634Z-1-001/Ultimate Fantasy RTS - Aug 2022/OBJ/Barrel.obj,Ultimate Fantasy RTS - Aug 2022-20260825T020634Z-1-001,,
,416,props,.mtl,,,,,Crate.mtl,Ultimate Fantasy RTS - Aug 2022-20260825T020634Z-1-001/Ultimate Fantasy RTS - Aug 2022/OBJ/Crate.mtl,Ultimate Fantasy RTS - Aug 2022-20260825T020634Z-1-001,,
,14636,props,.obj,,,,,Crate.obj,Ultimate Fantasy RTS - Aug 2022-20260825T020634Z-1-001/Ultimate Fantasy RTS - Aug 2022/OBJ/Crate.obj,Ultimate Fantasy RTS - Aug 2022-20260825T020634Z-1-001,,
,427,props,.mtl,,,,,Crate_Big_Stack2.mtl,Ultimate Fantasy RTS - Aug 2022-20260825T020634Z-1-001/Ultimate Fantasy RTS - Aug 2022/OBJ/Crate_Big_Stack2.mtl,Ultimate Fantasy RTS - Aug 2022-20260825T020634Z-1-001,,
,29584,props,.obj,,,,,Crate_Big_Stack2.obj,Ultimate Fantasy RTS - Aug 2022-20260825T020634Z-1-001/Ultimate Fantasy RTS - Aug 2022/OBJ/Crate_Big_Stack2.obj,Ultimate Fantasy RTS - Aug 2022-20260825T020634Z-1-001,,
,423,props,.mtl,,,,,Crate_Stack1.mtl,Ultimate Fantasy RTS - Aug 2022-20260825T020634Z-1-001/Ultimate Fantasy RTS - Aug 2022/OBJ/Crate_Stack1.mtl,Ultimate Fantasy RTS - Aug 2022-20260825T020634Z-1-001,,
,29703,props,.obj,,,,,Crate_Stack1.obj,Ultimate Fantasy RTS - Aug 2022-20260825T020634Z-1-001/Ultimate Fantasy RTS - Aug 2022/OBJ/Crate_Stack1.obj,Ultimate Fantasy RTS - Aug 2022-20260825T020634Z-1-001,,
,423,props,.mtl,,,,,Crate_Stack2.mtl,Ultimate Fantasy RTS - Aug 2022-20260825T020634Z-1-001/Ultimate Fantasy RTS - Aug 2022/OBJ/Crate_Stack2.mtl,Ultimate Fantasy RTS - Aug 2022-20260825T020634Z-1-001,,
,29579,props,.obj,,,,,Crate_Stack2.obj,Ultimate Fantasy RTS - Aug 2022-20260825T020634Z-1-001/Ultimate Fantasy RTS - Aug 2022/OBJ/Crate_Stack2.obj,Ultimate Fantasy RTS - Aug 2022-20260825T020634Z-1-001,,
,424,water,.mtl,,,,,Dock_FirstAge.mtl,Ultimate Fantasy RTS - Aug 2022-20260825T020634Z-1-001/Ultimate Fantasy RTS - Aug 2022/OBJ/Dock_FirstAge.mtl,Ultimate Fantasy RTS - Aug 2022-20260825T020634Z-1-001,,
,17440,water,.obj,,,,,Dock_FirstAge.obj,Ultimate Fantasy RTS - Aug 2022-20260825T020634Z-1-001/Ultimate Fantasy RTS - Aug 2022/OBJ/Dock_FirstAge.obj,Ultimate Fantasy RTS - Aug 2022-20260825T020634Z-1-001,,
,243,terrain,.mtl,,,,,Farm_Dirt_Level1.mtl,Ultimate Fantasy RTS - Aug 2022-20260825T020634Z-1-001/Ultimate Fantasy RTS - Aug 2022/OBJ/Farm_Dirt_Level1.mtl,Ultimate Fantasy RTS - Aug 2022-20260825T020634Z-1-001,,
,35276,terrain,.obj,,,,,Farm_Dirt_Level1.obj,Ultimate Fantasy RTS - Aug 2022-20260825T020634Z-1-001/Ultimate Fantasy RTS - Aug 2022/OBJ/Farm_Dirt_Level1.obj,Ultimate Fantasy RTS - Aug 2022-20260825T020634Z-1-001,,
,422,terrain,.mtl,,,,,Farm_Dirt_Level2.mtl,Ultimate Fantasy RTS - Aug 2022-20260825T020634Z-1-001/Ultimate Fantasy RTS - Aug 2022/OBJ/Farm_Dirt_Level2.mtl,Ultimate Fantasy RTS - Aug 2022-20260825T020634Z-1-001,,
,300935,terrain,.obj,,,,,Farm_Dirt_Level2.obj,Ultimate Fantasy RTS - Aug 2022-20260825T020634Z-1-001/Ultimate Fantasy RTS - Aug 2022/OBJ/Farm_Dirt_Level2.obj,Ultimate Fantasy RTS - Aug 2022-20260825T020634Z-1-001,,
,1154,terrain,.mtl,,,,,Farm_Dirt_Level3.mtl,Ultimate Fantasy RTS - Aug 2022-20260825T020634Z-1-001/Ultimate Fantasy RTS - Aug 2022/OBJ/Farm_Dirt_Level3.mtl,Ultimate Fantasy RTS - Aug 2022-20260825T020634Z-1-001,,
,1917033,terrain,.obj,,,,,Farm_Dirt_Level3.obj,Ultimate Fantasy RTS - Aug 2022-20260825T020634Z-1-001/Ultimate Fantasy RTS - Aug 2022/OBJ/Farm_Dirt_Level3.obj,Ultimate Fantasy RTS - Aug 2022-20260825T020634Z-1-001,,
,247,uncategorized,.mtl,,,,,Farm_FirstAge_Level1.mtl,Ultimate Fantasy RTS - Aug 2022-20260825T020634Z-1-001/Ultimate Fantasy RTS - Aug 2022/OBJ/Farm_FirstAge_Level1.mtl,Ultimate Fantasy RTS - Aug 2022-20260825T020634Z-1-001,,
,16029,uncategorized,.obj,,,,,Farm_FirstAge_Level1.obj,Ultimate Fantasy RTS - Aug 2022-20260825T020634Z-1-001/Ultimate Fantasy RTS - Aug 2022/OBJ/Farm_FirstAge_Level1.obj,Ultimate Fantasy RTS - Aug 2022-20260825T020634Z-1-001,,
,254,uncategorized,.mtl,,,,,Farm_FirstAge_Level1_Wheat.mtl,Ultimate Fantasy RTS - Aug 2022-20260825T020634Z-1-001/Ultimate Fantasy RTS - Aug 2022/OBJ/Farm_FirstAge_Level1_Wheat.mtl,Ultimate Fantasy RTS - Aug 2022-20260825T020634Z-1-001,,
,339175,uncategorized,.obj,,,,,Farm_FirstAge_Level1_Wheat.obj,Ultimate Fantasy RTS - Aug 2022-20260825T020634Z-1-001/Ultimate Fantasy RTS - Aug 2022/OBJ/Farm_FirstAge_Level1_Wheat.obj,Ultimate Fantasy RTS - Aug 2022-20260825T020634Z-1-001,,
,247,uncategorized,.mtl,,,,,Farm_FirstAge_Level2.mtl,Ultimate Fantasy RTS - Aug 2022-20260825T020634Z-1-001/Ultimate Fantasy RTS - Aug 2022/OBJ/Farm_FirstAge_Level2.mtl,Ultimate Fantasy RTS - Aug 2022-20260825T020634Z-1-001,,
,27486,uncategorized,.obj,,,,,Farm_FirstAge_Level2.obj,Ultimate Fantasy RTS - Aug 2022-20260825T020634Z-1-001/Ultimate Fantasy RTS - Aug 2022/OBJ/Farm_FirstAge_Level2.obj,Ultimate Fantasy RTS - Aug 2022-20260825T020634Z-1-001,,
,254,uncategorized,.mtl,,,,,Farm_FirstAge_Level2_Wheat.mtl,Ultimate Fantasy RTS - Aug 2022-20260825T020634Z-1-001/Ultimate Fantasy RTS - Aug 2022/OBJ/Farm_FirstAge_Level2_Wheat.mtl,Ultimate Fantasy RTS - Aug 2022-20260825T020634Z-1-001,,
,702650,uncategorized,.obj,,,,,Farm_FirstAge_Level2_Wheat.obj,Ultimate Fantasy RTS - Aug 2022-20260825T020634Z-1-001/Ultimate Fantasy RTS - Aug 2022/OBJ/Farm_FirstAge_Level2_Wheat.obj,Ultimate Fantasy RTS - Aug 2022-20260825T020634Z-1-001,,
,247,uncategorized,.mtl,,,,,Farm_FirstAge_Level3.mtl,Ultimate Fantasy RTS - Aug 2022-20260825T020634Z-1-001/Ultimate Fantasy RTS - Aug 2022/OBJ/Farm_FirstAge_Level3.mtl,Ultimate Fantasy RTS - Aug 2022-20260825T020634Z-1-001,,
,35288,uncategorized,.obj,,,,,Farm_FirstAge_Level3.obj,Ultimate Fantasy RTS - Aug 2022-20260825T020634Z-1-001/Ultimate Fantasy RTS - Aug 2022/OBJ/Farm_FirstAge_Level3.obj,Ultimate Fantasy RTS - Aug 2022-20260825T020634Z-1-001,,
,254,uncategorized,.mtl,,,,,Farm_FirstAge_Level3_Wheat.mtl,Ultimate Fantasy RTS - Aug 2022-20260825T020634Z-1-001/Ultimate Fantasy RTS - Aug 2022/OBJ/Farm_FirstAge_Level3_Wheat.mtl,Ultimate Fantasy RTS - Aug 2022-20260825T020634Z-1-001,,
,876224,uncategorized,.obj,,,,,Farm_FirstAge_Level3_Wheat.obj,Ultimate Fantasy RTS - Aug 2022-20260825T020634Z-1-001/Ultimate Fantasy RTS - Aug 2022/OBJ/Farm_FirstAge_Level3_Wheat.obj,Ultimate Fantasy RTS - Aug 2022-20260825T020634Z-1-001,,
,1331,uncategorized,.mtl,,,,,Farm_SecondAge_Level1.mtl,Ultimate Fantasy RTS - Aug 2022-20260825T020634Z-1-001/Ultimate Fantasy RTS - Aug 2022/OBJ/Farm_SecondAge_Level1.mtl,Ultimate Fantasy RTS - Aug 2022-20260825T020634Z-1-001,,
,145435,uncategorized,.obj,,,,,Farm_SecondAge_Level1.obj,Ultimate Fantasy RTS - Aug 2022-20260825T020634Z-1-001/Ultimate Fantasy RTS - Aug 2022/OBJ/Farm_SecondAge_Level1.obj,Ultimate Fantasy RTS - Aug 2022-20260825T020634Z-1-001,,
,255,uncategorized,.mtl,,,,,Farm_SecondAge_Level1_Wheat.mtl,Ultimate Fantasy RTS - Aug 2022-20260825T020634Z-1-001/Ultimate Fantasy RTS - Aug 2022/OBJ/Farm_SecondAge_Level1_Wheat.mtl,Ultimate Fantasy RTS - Aug 2022-20260825T020634Z-1-001,,
,239548,uncategorized,.obj,,,,,Farm_SecondAge_Level1_Wheat.obj,Ultimate Fantasy RTS - Aug 2022-20260825T020634Z-1-001/Ultimate Fantasy RTS - Aug 2022/OBJ/Farm_SecondAge_Level1_Wheat.obj,Ultimate Fantasy RTS - Aug 2022-20260825T020634Z-1-001,,
,1331,uncategorized,.mtl,,,,,Farm_SecondAge_Level2.mtl,Ultimate Fantasy RTS - Aug 2022-20260825T020634Z-1-001/Ultimate Fantasy RTS - Aug 2022/OBJ/Farm_SecondAge_Level2.mtl,Ultimate Fantasy RTS - Aug 2022-20260825T020634Z-1-001,,
,168309,uncategorized,.obj,,,,,Farm_SecondAge_Level2.obj,Ultimate Fantasy RTS - Aug 2022-20260825T020634Z-1-001/Ultimate Fantasy RTS - Aug 2022/OBJ/Farm_SecondAge_Level2.obj,Ultimate Fantasy RTS - Aug 2022-20260825T020634Z-1-001,,
,255,uncategorized,.mtl,,,,,Farm_SecondAge_Level2_Wheat.mtl,Ultimate Fantasy RTS - Aug 2022-20260825T020634Z-1-001/Ultimate Fantasy RTS - Aug 2022/OBJ/Farm_SecondAge_Level2_Wheat.mtl,Ultimate Fantasy RTS - Aug 2022-20260825T020634Z-1-001,,
,356453,uncategorized,.obj,,,,,Farm_SecondAge_Level2_Wheat.obj,Ultimate Fantasy RTS - Aug 2022-20260825T020634Z-1-001/Ultimate Fantasy RTS - Aug 2022/OBJ/Farm_SecondAge_Level2_Wheat.obj,Ultimate Fantasy RTS - Aug 2022-20260825T020634Z-1-001,,
,1331,uncategorized,.mtl,,,,,Farm_SecondAge_Level3.mtl,Ultimate Fantasy RTS - Aug 2022-20260825T020634Z-1-001/Ultimate Fantasy RTS - Aug 2022/OBJ/Farm_SecondAge_Level3.mtl,Ultimate Fantasy RTS - Aug 2022-20260825T020634Z-1-001,,
,276931,uncategorized,.obj,,,,,Farm_SecondAge_Level3.obj,Ultimate Fantasy RTS - Aug 2022-20260825T020634Z-1-001/Ultimate Fantasy RTS - Aug 2022/OBJ/Farm_SecondAge_Level3.obj,Ultimate Fantasy RTS - Aug 2022-20260825T020634Z-1-001,,
,255,uncategorized,.mtl,,,,,Farm_SecondAge_Level3_Wheat.mtl,Ultimate Fantasy RTS - Aug 2022-20260825T020634Z-1-001/Ultimate Fantasy RTS - Aug 2022/OBJ/Farm_SecondAge_Level3_Wheat.mtl,Ultimate Fantasy RTS - Aug 2022-20260825T020634Z-1-001,,
,456565,uncategorized,.obj,,,,,Farm_SecondAge_Level3_Wheat.obj,Ultimate Fantasy RTS - Aug 2022-20260825T020634Z-1-001/Ultimate Fantasy RTS - Aug 2022/OBJ/Farm_SecondAge_Level3_Wheat.obj,Ultimate Fantasy RTS - Aug 2022-20260825T020634Z-1-001,,
,430,architecture,.mtl,,,,,Houses_FirstAge_1_Level1.mtl,Ultimate Fantasy RTS - Aug 2022-20260825T020634Z-1-001/Ultimate Fantasy RTS - Aug 2022/OBJ/Houses_FirstAge_1_Level1.mtl,Ultimate Fantasy RTS - Aug 2022-20260825T020634Z-1-001,,
,17391,architecture,.obj,,,,,Houses_FirstAge_1_Level1.obj,Ultimate Fantasy RTS - Aug 2022-20260825T020634Z-1-001/Ultimate Fantasy RTS - Aug 2022/OBJ/Houses_FirstAge_1_Level1.obj,Ultimate Fantasy RTS - Aug 2022-20260825T020634Z-1-001,,
,430,architecture,.mtl,,,,,Houses_FirstAge_1_Level2.mtl,Ultimate Fantasy RTS - Aug 2022-20260825T020634Z-1-001/Ultimate Fantasy RTS - Aug 2022/OBJ/Houses_FirstAge_1_Level2.mtl,Ultimate Fantasy RTS - Aug 2022-20260825T020634Z-1-001,,
,26279,architecture,.obj,,,,,Houses_FirstAge_1_Level2.obj,Ultimate Fantasy RTS - Aug 2022-20260825T020634Z-1-001/Ultimate Fantasy RTS - Aug 2022/OBJ/Houses_FirstAge_1_Level2.obj,Ultimate Fantasy RTS - Aug 2022-20260825T020634Z-1-001,,
,430,architecture,.mtl,,,,,Houses_FirstAge_1_Level3.mtl,Ultimate Fantasy RTS - Aug 2022-20260825T020634Z-1-001/Ultimate Fantasy RTS - Aug 2022/OBJ/Houses_FirstAge_1_Level3.mtl,Ultimate Fantasy RTS - Aug 2022-20260825T020634Z-1-001,,
,46324,architecture,.obj,,,,,Houses_FirstAge_1_Level3.obj,Ultimate Fantasy RTS - Aug 2022-20260825T020634Z-1-001/Ultimate Fantasy RTS - Aug 2022/OBJ/Houses_FirstAge_1_Level3.obj,Ultimate Fantasy RTS - Aug 2022-20260825T020634Z-1-001,,
,430,architecture,.mtl,,,,,Houses_FirstAge_2_Level1.mtl,Ultimate Fantasy RTS - Aug 2022-20260825T020634Z-1-001/Ultimate Fantasy RTS - Aug 2022/OBJ/Houses_FirstAge_2_Level1.mtl,Ultimate Fantasy RTS - Aug 2022-20260825T020634Z-1-001,,
,33801,architecture,.obj,,,,,Houses_FirstAge_2_Level1.obj,Ultimate Fantasy RTS - Aug 2022-20260825T020634Z-1-001/Ultimate Fantasy RTS - Aug 2022/OBJ/Houses_FirstAge_2_Level1.obj,Ultimate Fantasy RTS - Aug 2022-20260825T020634Z-1-001,,
,614,architecture,.mtl,,,,,Houses_FirstAge_2_Level2.mtl,Ultimate Fantasy RTS - Aug 2022-20260825T020634Z-1-001/Ultimate Fantasy RTS - Aug 2022/OBJ/Houses_FirstAge_2_Level2.mtl,Ultimate Fantasy RTS - Aug 2022-20260825T020634Z-1-001,,
,45022,architecture,.obj,,,,,Houses_FirstAge_2_Level2.obj,Ultimate Fantasy RTS - Aug 2022-20260825T020634Z-1-001/Ultimate Fantasy RTS - Aug 2022/OBJ/Houses_FirstAge_2_Level2.obj,Ultimate Fantasy RTS - Aug 2022-20260825T020634Z-1-001,,
,614,architecture,.mtl,,,,,Houses_FirstAge_2_Level3.mtl,Ultimate Fantasy RTS - Aug 2022-20260825T020634Z-1-001/Ultimate Fantasy RTS - Aug 2022/OBJ/Houses_FirstAge_2_Level3.mtl,Ultimate Fantasy RTS - Aug 2022-20260825T020634Z-1-001,,
,76827,architecture,.obj,,,,,Houses_FirstAge_2_Level3.obj,Ultimate Fantasy RTS - Aug 2022-20260825T020634Z-1-001/Ultimate Fantasy RTS - Aug 2022/OBJ/Houses_FirstAge_2_Level3.obj,Ultimate Fantasy RTS - Aug 2022-20260825T020634Z-1-001,,
,435,architecture,.mtl,,,,,Houses_FirstAge_3_Level1.mtl,Ultimate Fantasy RTS - Aug 2022-20260825T020634Z-1-001/Ultimate Fantasy RTS - Aug 2022/OBJ/Houses_FirstAge_3_Level1.mtl,Ultimate Fantasy RTS - Aug 2022-20260825T020634Z-1-001,,
,12918,architecture,.obj,,,,,Houses_FirstAge_3_Level1.obj,Ultimate Fantasy RTS - Aug 2022-20260825T020634Z-1-001/Ultimate Fantasy RTS - Aug 2022/OBJ/Houses_FirstAge_3_Level1.obj,Ultimate Fantasy RTS - Aug 2022-20260825T020634Z-1-001,,
,435,architecture,.mtl,,,,,Houses_FirstAge_3_Level2.mtl,Ultimate Fantasy RTS - Aug 2022-20260825T020634Z-1-001/Ultimate Fantasy RTS - Aug 2022/OBJ/Houses_FirstAge_3_Level2.mtl,Ultimate Fantasy RTS - Aug 2022-20260825T020634Z-1-001,,
,27604,architecture,.obj,,,,,Houses_FirstAge_3_Level2.obj,Ultimate Fantasy RTS - Aug 2022-20260825T020634Z-1-001/Ultimate Fantasy RTS - Aug 2022/OBJ/Houses_FirstAge_3_Level2.obj,Ultimate Fantasy RTS - Aug 2022-20260825T020634Z-1-001,,
,435,architecture,.mtl,,,,,Houses_FirstAge_3_Level3.mtl,Ultimate Fantasy RTS - Aug 2022-20260825T020634Z-1-001/Ultimate Fantasy RTS - Aug 2022/OBJ/Houses_FirstAge_3_Level3.mtl,Ultimate Fantasy RTS - Aug 2022-20260825T020634Z-1-001,,
,73807,architecture,.obj,,,,,Houses_FirstAge_3_Level3.obj,Ultimate Fantasy RTS - Aug 2022-20260825T020634Z-1-001/Ultimate Fantasy RTS - Aug 2022/OBJ/Houses_FirstAge_3_Level3.obj,Ultimate Fantasy RTS - Aug 2022-20260825T020634Z-1-001,,
,972,architecture,.mtl,,,,,Houses_SecondAge_1_Level1.mtl,Ultimate Fantasy RTS - Aug 2022-20260825T020634Z-1-001/Ultimate Fantasy RTS - Aug 2022/OBJ/Houses_SecondAge_1_Level1.mtl,Ultimate Fantasy RTS - Aug 2022-20260825T020634Z-1-001,,
,111673,architecture,.obj,,,,,Houses_SecondAge_1_Level1.obj,Ultimate Fantasy RTS - Aug 2022-20260825T020634Z-1-001/Ultimate Fantasy RTS - Aug 2022/OBJ/Houses_SecondAge_1_Level1.obj,Ultimate Fantasy RTS - Aug 2022-20260825T020634Z-1-001,,
,972,architecture,.mtl,,,,,Houses_SecondAge_1_Level2.mtl,Ultimate Fantasy RTS - Aug 2022-20260825T020634Z-1-001/Ultimate Fantasy RTS - Aug 2022/OBJ/Houses_SecondAge_1_Level2.mtl,Ultimate Fantasy RTS - Aug 2022-20260825T020634Z-1-001,,
,164346,architecture,.obj,,,,,Houses_SecondAge_1_Level2.obj,Ultimate Fantasy RTS - Aug 2022-20260825T020634Z-1-001/Ultimate Fantasy RTS - Aug 2022/OBJ/Houses_SecondAge_1_Level2.obj,Ultimate Fantasy RTS - Aug 2022-20260825T020634Z-1-001,,
,1157,architecture,.mtl,,,,,Houses_SecondAge_1_Level3.mtl,Ultimate Fantasy RTS - Aug 2022-20260825T020634Z-1-001/Ultimate Fantasy RTS - Aug 2022/OBJ/Houses_SecondAge_1_Level3.mtl,Ultimate Fantasy RTS - Aug 2022-20260825T020634Z-1-001,,
,168143,architecture,.obj,,,,,Houses_SecondAge_1_Level3.obj,Ultimate Fantasy RTS - Aug 2022-20260825T020634Z-1-001/Ultimate Fantasy RTS - Aug 2022/OBJ/Houses_SecondAge_1_Level3.obj,Ultimate Fantasy RTS - Aug 2022-20260825T020634Z-1-001,,
,972,architecture,.mtl,,,,,Houses_SecondAge_2_Level1.mtl,Ultimate Fantasy RTS - Aug 2022-20260825T020634Z-1-001/Ultimate Fantasy RTS - Aug 2022/OBJ/Houses_SecondAge_2_Level1.mtl,Ultimate Fantasy RTS - Aug 2022-20260825T020634Z-1-001,,
,62832,architecture,.obj,,,,,Houses_SecondAge_2_Level1.obj,Ultimate Fantasy RTS - Aug 2022-20260825T020634Z-1-001/Ultimate Fantasy RTS - Aug 2022/OBJ/Houses_SecondAge_2_Level1.obj,Ultimate Fantasy RTS - Aug 2022-20260825T020634Z-1-001,,
,972,architecture,.mtl,,,,,Houses_SecondAge_2_Level2.mtl,Ultimate Fantasy RTS - Aug 2022-20260825T020634Z-1-001/Ultimate Fantasy RTS - Aug 2022/OBJ/Houses_SecondAge_2_Level2.mtl,Ultimate Fantasy RTS - Aug 2022-20260825T020634Z-1-001,,
,168062,architecture,.obj,,,,,Houses_SecondAge_2_Level2.obj,Ultimate Fantasy RTS - Aug 2022-20260825T020634Z-1-001/Ultimate Fantasy RTS - Aug 2022/OBJ/Houses_SecondAge_2_Level2.obj,Ultimate Fantasy RTS - Aug 2022-20260825T020634Z-1-001,,
,972,architecture,.mtl,,,,,Houses_SecondAge_2_Level3.mtl,Ultimate Fantasy RTS - Aug 2022-20260825T020634Z-1-001/Ultimate Fantasy RTS - Aug 2022/OBJ/Houses_SecondAge_2_Level3.mtl,Ultimate Fantasy RTS - Aug 2022-20260825T020634Z-1-001,,
,250906,architecture,.obj,,,,,Houses_SecondAge_2_Level3.obj,Ultimate Fantasy RTS - Aug 2022-20260825T020634Z-1-001/Ultimate Fantasy RTS - Aug 2022/OBJ/Houses_SecondAge_2_Level3.obj,Ultimate Fantasy RTS - Aug 2022-20260825T020634Z-1-001,,
,972,architecture,.mtl,,,,,Houses_SecondAge_3_Level1.mtl,Ultimate Fantasy RTS - Aug 2022-20260825T020634Z-1-001/Ultimate Fantasy RTS - Aug 2022/OBJ/Houses_SecondAge_3_Level1.mtl,Ultimate Fantasy RTS - Aug 2022-20260825T020634Z-1-001,,
,38210,architecture,.obj,,,,,Houses_SecondAge_3_Level1.obj,Ultimate Fantasy RTS - Aug 2022-20260825T020634Z-1-001/Ultimate Fantasy RTS - Aug 2022/OBJ/Houses_SecondAge_3_Level1.obj,Ultimate Fantasy RTS - Aug 2022-20260825T020634Z-1-001,,
,972,architecture,.mtl,,,,,Houses_SecondAge_3_Level2.mtl,Ultimate Fantasy RTS - Aug 2022-20260825T020634Z-1-001/Ultimate Fantasy RTS - Aug 2022/OBJ/Houses_SecondAge_3_Level2.mtl,Ultimate Fantasy RTS - Aug 2022-20260825T020634Z-1-001,,
,96547,architecture,.obj,,,,,Houses_SecondAge_3_Level2.obj,Ultimate Fantasy RTS - Aug 2022-20260825T020634Z-1-001/Ultimate Fantasy RTS - Aug 2022/OBJ/Houses_SecondAge_3_Level2.obj,Ultimate Fantasy RTS - Aug 2022-20260825T020634Z-1-001,,
,972,architecture,.mtl,,,,,Houses_SecondAge_3_Level3.mtl,Ultimate Fantasy RTS - Aug 2022-20260825T020634Z-1-001/Ultimate Fantasy RTS - Aug 2022/OBJ/Houses_SecondAge_3_Level3.mtl,Ultimate Fantasy RTS - Aug 2022-20260825T020634Z-1-001,,
,138418,architecture,.obj,,,,,Houses_SecondAge_3_Level3.obj,Ultimate Fantasy RTS - Aug 2022-20260825T020634Z-1-001/Ultimate Fantasy RTS - Aug 2022/OBJ/Houses_SecondAge_3_Level3.obj,Ultimate Fantasy RTS - Aug 2022-20260825T020634Z-1-001,,
,415,vegetation,.mtl,,,,,Logs.mtl,Ultimate Fantasy RTS - Aug 2022-20260825T020634Z-1-001/Ultimate Fantasy RTS - Aug 2022/OBJ/Logs.mtl,Ultimate Fantasy RTS - Aug 2022-20260825T020634Z-1-001,,
,33486,vegetation,.obj,,,,,Logs.obj,Ultimate Fantasy RTS - Aug 2022-20260825T020634Z-1-001/Ultimate Fantasy RTS - Aug 2022/OBJ/Logs.obj,Ultimate Fantasy RTS - Aug 2022-20260825T020634Z-1-001,,
,969,uncategorized,.mtl,,,,,Market_FirstAge_Level1.mtl,Ultimate Fantasy RTS - Aug 2022-20260825T020634Z-1-001/Ultimate Fantasy RTS - Aug 2022/OBJ/Market_FirstAge_Level1.mtl,Ultimate Fantasy RTS - Aug 2022-20260825T020634Z-1-001,,
,252888,uncategorized,.obj,,,,,Market_FirstAge_Level1.obj,Ultimate Fantasy RTS - Aug 2022-20260825T020634Z-1-001/Ultimate Fantasy RTS - Aug 2022/OBJ/Market_FirstAge_Level1.obj,Ultimate Fantasy RTS - Aug 2022-20260825T020634Z-1-001,,
,1326,uncategorized,.mtl,,,,,Market_FirstAge_Level2.mtl,Ultimate Fantasy RTS - Aug 2022-20260825T020634Z-1-001/Ultimate Fantasy RTS - Aug 2022/OBJ/Market_FirstAge_Level2.mtl,Ultimate Fantasy RTS - Aug 2022-20260825T020634Z-1-001,,
,361740,uncategorized,.obj,,,,,Market_FirstAge_Level2.obj,Ultimate Fantasy RTS - Aug 2022-20260825T020634Z-1-001/Ultimate Fantasy RTS - Aug 2022/OBJ/Market_FirstAge_Level2.obj,Ultimate Fantasy RTS - Aug 2022-20260825T020634Z-1-001,,
,1326,uncategorized,.mtl,,,,,Market_FirstAge_Level3.mtl,Ultimate Fantasy RTS - Aug 2022-20260825T020634Z-1-001/Ultimate Fantasy RTS - Aug 2022/OBJ/Market_FirstAge_Level3.mtl,Ultimate Fantasy RTS - Aug 2022-20260825T020634Z-1-001,,
,368804,uncategorized,.obj,,,,,Market_FirstAge_Level3.obj,Ultimate Fantasy RTS - Aug 2022-20260825T020634Z-1-001/Ultimate Fantasy RTS - Aug 2022/OBJ/Market_FirstAge_Level3.obj,Ultimate Fantasy RTS - Aug 2022-20260825T020634Z-1-001,,
,1512,uncategorized,.mtl,,,,,Market_SecondAge_Level1.mtl,Ultimate Fantasy RTS - Aug 2022-20260825T020634Z-1-001/Ultimate Fantasy RTS - Aug 2022/OBJ/Market_SecondAge_Level1.mtl,Ultimate Fantasy RTS - Aug 2022-20260825T020634Z-1-001,,
,354590,uncategorized,.obj,,,,,Market_SecondAge_Level1.obj,Ultimate Fantasy RTS - Aug 2022-20260825T020634Z-1-001/Ultimate Fantasy RTS - Aug 2022/OBJ/Market_SecondAge_Level1.obj,Ultimate Fantasy RTS - Aug 2022-20260825T020634Z-1-001,,
,1512,uncategorized,.mtl,,,,,Market_SecondAge_Level2.mtl,Ultimate Fantasy RTS - Aug 2022-20260825T020634Z-1-001/Ultimate Fantasy RTS - Aug 2022/OBJ/Market_SecondAge_Level2.mtl,Ultimate Fantasy RTS - Aug 2022-20260825T020634Z-1-001,,
,611905,uncategorized,.obj,,,,,Market_SecondAge_Level2.obj,Ultimate Fantasy RTS - Aug 2022-20260825T020634Z-1-001/Ultimate Fantasy RTS - Aug 2022/OBJ/Market_SecondAge_Level2.obj,Ultimate Fantasy RTS - Aug 2022-20260825T020634Z-1-001,,
,1512,uncategorized,.mtl,,,,,Market_SecondAge_Level3.mtl,Ultimate Fantasy RTS - Aug 2022-20260825T020634Z-1-001/Ultimate Fantasy RTS - Aug 2022/OBJ/Market_SecondAge_Level3.mtl,Ultimate Fantasy RTS - Aug 2022-20260825T020634Z-1-001,,
,1054896,uncategorized,.obj,,,,,Market_SecondAge_Level3.obj,Ultimate Fantasy RTS - Aug 2022-20260825T020634Z-1-001/Ultimate Fantasy RTS - Aug 2022/OBJ/Market_SecondAge_Level3.obj,Ultimate Fantasy RTS - Aug 2022-20260825T020634Z-1-001,,
,958,uncategorized,.mtl,,,,,Mine.mtl,Ultimate Fantasy RTS - Aug 2022-20260825T020634Z-1-001/Ultimate Fantasy RTS - Aug 2022/OBJ/Mine.mtl,Ultimate Fantasy RTS - Aug 2022-20260825T020634Z-1-001,,
,177134,uncategorized,.obj,,,,,Mine.obj,Ultimate Fantasy RTS - Aug 2022-20260825T020634Z-1-001/Ultimate Fantasy RTS - Aug 2022/OBJ/Mine.obj,Ultimate Fantasy RTS - Aug 2022-20260825T020634Z-1-001,,
,600,terrain,.mtl,,,,,Mountain_Group_1.mtl,Ultimate Fantasy RTS - Aug 2022-20260825T020634Z-1-001/Ultimate Fantasy RTS - Aug 2022/OBJ/Mountain_Group_1.mtl,Ultimate Fantasy RTS - Aug 2022-20260825T020634Z-1-001,,
,138678,terrain,.obj,,,,,Mountain_Group_1.obj,Ultimate Fantasy RTS - Aug 2022-20260825T020634Z-1-001/Ultimate Fantasy RTS - Aug 2022/OBJ/Mountain_Group_1.obj,Ultimate Fantasy RTS - Aug 2022-20260825T020634Z-1-001,,
,600,terrain,.mtl,,,,,Mountain_Group_2.mtl,Ultimate Fantasy RTS - Aug 2022-20260825T020634Z-1-001/Ultimate Fantasy RTS - Aug 2022/OBJ/Mountain_Group_2.mtl,Ultimate Fantasy RTS - Aug 2022-20260825T020634Z-1-001,,
,48702,terrain,.obj,,,,,Mountain_Group_2.obj,Ultimate Fantasy RTS - Aug 2022-20260825T020634Z-1-001/Ultimate Fantasy RTS - Aug 2022/OBJ/Mountain_Group_2.obj,Ultimate Fantasy RTS - Aug 2022-20260825T020634Z-1-001,,
,421,terrain,.mtl,,,,,Mountain_Single.mtl,Ultimate Fantasy RTS - Aug 2022-20260825T020634Z-1-001/Ultimate Fantasy RTS - Aug 2022/OBJ/Mountain_Single.mtl,Ultimate Fantasy RTS - Aug 2022-20260825T020634Z-1-001,,
,12778,terrain,.obj,,,,,Mountain_Single.obj,Ultimate Fantasy RTS - Aug 2022-20260825T020634Z-1-001/Ultimate Fantasy RTS - Aug 2022/OBJ/Mountain_Single.obj,Ultimate Fantasy RTS - Aug 2022-20260825T020634Z-1-001,,
,604,terrain,.mtl,,,,,MountainLarge_Single.mtl,Ultimate Fantasy RTS - Aug 2022-20260825T020634Z-1-001/Ultimate Fantasy RTS - Aug 2022/OBJ/MountainLarge_Single.mtl,Ultimate Fantasy RTS - Aug 2022-20260825T020634Z-1-001,,
,38047,terrain,.obj,,,,,MountainLarge_Single.obj,Ultimate Fantasy RTS - Aug 2022-20260825T020634Z-1-001/Ultimate Fantasy RTS - Aug 2022/OBJ/MountainLarge_Single.obj,Ultimate Fantasy RTS - Aug 2022-20260825T020634Z-1-001,,
,796,uncategorized,.mtl,,,,,Port_FirstAge_Level1.mtl,Ultimate Fantasy RTS - Aug 2022-20260825T020634Z-1-001/Ultimate Fantasy RTS - Aug 2022/OBJ/Port_FirstAge_Level1.mtl,Ultimate Fantasy RTS - Aug 2022-20260825T020634Z-1-001,,
,237557,uncategorized,.obj,,,,,Port_FirstAge_Level1.obj,Ultimate Fantasy RTS - Aug 2022-20260825T020634Z-1-001/Ultimate Fantasy RTS - Aug 2022/OBJ/Port_FirstAge_Level1.obj,Ultimate Fantasy RTS - Aug 2022-20260825T020634Z-1-001,,
,796,uncategorized,.mtl,,,,,Port_FirstAge_Level2.mtl,Ultimate Fantasy RTS - Aug 2022-20260825T020634Z-1-001/Ultimate Fantasy RTS - Aug 2022/OBJ/Port_FirstAge_Level2.mtl,Ultimate Fantasy RTS - Aug 2022-20260825T020634Z-1-001,,
,321353,uncategorized,.obj,,,,,Port_FirstAge_Level2.obj,Ultimate Fantasy RTS - Aug 2022-20260825T020634Z-1-001/Ultimate Fantasy RTS - Aug 2022/OBJ/Port_FirstAge_Level2.obj,Ultimate Fantasy RTS - Aug 2022-20260825T020634Z-1-001,,
,796,uncategorized,.mtl,,,,,Port_FirstAge_Level3.mtl,Ultimate Fantasy RTS - Aug 2022-20260825T020634Z-1-001/Ultimate Fantasy RTS - Aug 2022/OBJ/Port_FirstAge_Level3.mtl,Ultimate Fantasy RTS - Aug 2022-20260825T020634Z-1-001,,
,232959,uncategorized,.obj,,,,,Port_FirstAge_Level3.obj,Ultimate Fantasy RTS - Aug 2022-20260825T020634Z-1-001/Ultimate Fantasy RTS - Aug 2022/OBJ/Port_FirstAge_Level3.obj,Ultimate Fantasy RTS - Aug 2022-20260825T020634Z-1-001,,
,1154,uncategorized,.mtl,,,,,Port_SecondAge_Level1.mtl,Ultimate Fantasy RTS - Aug 2022-20260825T020634Z-1-001/Ultimate Fantasy RTS - Aug 2022/OBJ/Port_SecondAge_Level1.mtl,Ultimate Fantasy RTS - Aug 2022-20260825T020634Z-1-001,,
,452575,uncategorized,.obj,,,,,Port_SecondAge_Level1.obj,Ultimate Fantasy RTS - Aug 2022-20260825T020634Z-1-001/Ultimate Fantasy RTS - Aug 2022/OBJ/Port_SecondAge_Level1.obj,Ultimate Fantasy RTS - Aug 2022-20260825T020634Z-1-001,,
,1697,uncategorized,.mtl,,,,,Port_SecondAge_Level2.mtl,Ultimate Fantasy RTS - Aug 2022-20260825T020634Z-1-001/Ultimate Fantasy RTS - Aug 2022/OBJ/Port_SecondAge_Level2.mtl,Ultimate Fantasy RTS - Aug 2022-20260825T020634Z-1-001,,
,497381,uncategorized,.obj,,,,,Port_SecondAge_Level2.obj,Ultimate Fantasy RTS - Aug 2022-20260825T020634Z-1-001/Ultimate Fantasy RTS - Aug 2022/OBJ/Port_SecondAge_Level2.obj,Ultimate Fantasy RTS - Aug 2022-20260825T020634Z-1-001,,
,1697,uncategorized,.mtl,,,,,Port_SecondAge_Level3.mtl,Ultimate Fantasy RTS - Aug 2022-20260825T020634Z-1-001/Ultimate Fantasy RTS - Aug 2022/OBJ/Port_SecondAge_Level3.mtl,Ultimate Fantasy RTS - Aug 2022-20260825T020634Z-1-001,,
,565384,uncategorized,.obj,,,,,Port_SecondAge_Level3.obj,Ultimate Fantasy RTS - Aug 2022-20260825T020634Z-1-001/Ultimate Fantasy RTS - Aug 2022/OBJ/Port_SecondAge_Level3.obj,Ultimate Fantasy RTS - Aug 2022-20260825T020634Z-1-001,,
,421,uncategorized,.mtl,,,,,Resource_Gold_1.mtl,Ultimate Fantasy RTS - Aug 2022-20260825T020634Z-1-001/Ultimate Fantasy RTS - Aug 2022/OBJ/Resource_Gold_1.mtl,Ultimate Fantasy RTS - Aug 2022-20260825T020634Z-1-001,,
,73945,uncategorized,.obj,,,,,Resource_Gold_1.obj,Ultimate Fantasy RTS - Aug 2022-20260825T020634Z-1-001/Ultimate Fantasy RTS - Aug 2022/OBJ/Resource_Gold_1.obj,Ultimate Fantasy RTS - Aug 2022-20260825T020634Z-1-001,,
,421,uncategorized,.mtl,,,,,Resource_Gold_2.mtl,Ultimate Fantasy RTS - Aug 2022-20260825T020634Z-1-001/Ultimate Fantasy RTS - Aug 2022/OBJ/Resource_Gold_2.mtl,Ultimate Fantasy RTS - Aug 2022-20260825T020634Z-1-001,,
,75816,uncategorized,.obj,,,,,Resource_Gold_2.obj,Ultimate Fantasy RTS - Aug 2022-20260825T020634Z-1-001/Ultimate Fantasy RTS - Aug 2022/OBJ/Resource_Gold_2.obj,Ultimate Fantasy RTS - Aug 2022-20260825T020634Z-1-001,,
,421,uncategorized,.mtl,,,,,Resource_Gold_3.mtl,Ultimate Fantasy RTS - Aug 2022-20260825T020634Z-1-001/Ultimate Fantasy RTS - Aug 2022/OBJ/Resource_Gold_3.mtl,Ultimate Fantasy RTS - Aug 2022-20260825T020634Z-1-001,,
,63966,uncategorized,.obj,,,,,Resource_Gold_3.obj,Ultimate Fantasy RTS - Aug 2022-20260825T020634Z-1-001/Ultimate Fantasy RTS - Aug 2022/OBJ/Resource_Gold_3.obj,Ultimate Fantasy RTS - Aug 2022-20260825T020634Z-1-001,,
,423,vegetation,.mtl,,,,,Resource_PineTree.mtl,Ultimate Fantasy RTS - Aug 2022-20260825T020634Z-1-001/Ultimate Fantasy RTS - Aug 2022/OBJ/Resource_PineTree.mtl,Ultimate Fantasy RTS - Aug 2022-20260825T020634Z-1-001,,
,23010,vegetation,.obj,,,,,Resource_PineTree.obj,Ultimate Fantasy RTS - Aug 2022-20260825T020634Z-1-001/Ultimate Fantasy RTS - Aug 2022/OBJ/Resource_PineTree.obj,Ultimate Fantasy RTS - Aug 2022-20260825T020634Z-1-001,,
,429,vegetation,.mtl,,,,,Resource_PineTree_Group.mtl,Ultimate Fantasy RTS - Aug 2022-20260825T020634Z-1-001/Ultimate Fantasy RTS - Aug 2022/OBJ/Resource_PineTree_Group.mtl,Ultimate Fantasy RTS - Aug 2022-20260825T020634Z-1-001,,
,237689,vegetation,.obj,,,,,Resource_PineTree_Group.obj,Ultimate Fantasy RTS - Aug 2022-20260825T020634Z-1-001/Ultimate Fantasy RTS - Aug 2022/OBJ/Resource_PineTree_Group.obj,Ultimate Fantasy RTS - Aug 2022-20260825T020634Z-1-001,,
,438,vegetation,.mtl,,,,,Resource_PineTree_Group_Cut.mtl,Ultimate Fantasy RTS - Aug 2022-20260825T020634Z-1-001/Ultimate Fantasy RTS - Aug 2022/OBJ/Resource_PineTree_Group_Cut.mtl,Ultimate Fantasy RTS - Aug 2022-20260825T020634Z-1-001,,
,39365,vegetation,.obj,,,,,Resource_PineTree_Group_Cut.obj,Ultimate Fantasy RTS - Aug 2022-20260825T020634Z-1-001/Ultimate Fantasy RTS - Aug 2022/OBJ/Resource_PineTree_Group_Cut.obj,Ultimate Fantasy RTS - Aug 2022-20260825T020634Z-1-001,,
,243,terrain,.mtl,,,,,Resource_Rock_1.mtl,Ultimate Fantasy RTS - Aug 2022-20260825T020634Z-1-001/Ultimate Fantasy RTS - Aug 2022/OBJ/Resource_Rock_1.mtl,Ultimate Fantasy RTS - Aug 2022-20260825T020634Z-1-001,,
,46709,terrain,.obj,,,,,Resource_Rock_1.obj,Ultimate Fantasy RTS - Aug 2022-20260825T020634Z-1-001/Ultimate Fantasy RTS - Aug 2022/OBJ/Resource_Rock_1.obj,Ultimate Fantasy RTS - Aug 2022-20260825T020634Z-1-001,,
,243,terrain,.mtl,,,,,Resource_Rock_2.mtl,Ultimate Fantasy RTS - Aug 2022-20260825T020634Z-1-001/Ultimate Fantasy RTS - Aug 2022/OBJ/Resource_Rock_2.mtl,Ultimate Fantasy RTS - Aug 2022-20260825T020634Z-1-001,,
,42824,terrain,.obj,,,,,Resource_Rock_2.obj,Ultimate Fantasy RTS - Aug 2022-20260825T020634Z-1-001/Ultimate Fantasy RTS - Aug 2022/OBJ/Resource_Rock_2.obj,Ultimate Fantasy RTS - Aug 2022-20260825T020634Z-1-001,,
,243,terrain,.mtl,,,,,Resource_Rock_3.mtl,Ultimate Fantasy RTS - Aug 2022-20260825T020634Z-1-001/Ultimate Fantasy RTS - Aug 2022/OBJ/Resource_Rock_3.mtl,Ultimate Fantasy RTS - Aug 2022-20260825T020634Z-1-001,,
,30312,terrain,.obj,,,,,Resource_Rock_3.obj,Ultimate Fantasy RTS - Aug 2022-20260825T020634Z-1-001/Ultimate Fantasy RTS - Aug 2022/OBJ/Resource_Rock_3.obj,Ultimate Fantasy RTS - Aug 2022-20260825T020634Z-1-001,,
,420,vegetation,.mtl,,,,,Resource_Tree1.mtl,Ultimate Fantasy RTS - Aug 2022-20260825T020634Z-1-001/Ultimate Fantasy RTS - Aug 2022/OBJ/Resource_Tree1.mtl,Ultimate Fantasy RTS - Aug 2022-20260825T020634Z-1-001,,
,26041,vegetation,.obj,,,,,Resource_Tree1.obj,Ultimate Fantasy RTS - Aug 2022-20260825T020634Z-1-001/Ultimate Fantasy RTS - Aug 2022/OBJ/Resource_Tree1.obj,Ultimate Fantasy RTS - Aug 2022-20260825T020634Z-1-001,,
,420,vegetation,.mtl,,,,,Resource_Tree2.mtl,Ultimate Fantasy RTS - Aug 2022-20260825T020634Z-1-001/Ultimate Fantasy RTS - Aug 2022/OBJ/Resource_Tree2.mtl,Ultimate Fantasy RTS - Aug 2022-20260825T020634Z-1-001,,
,17743,vegetation,.obj,,,,,Resource_Tree2.obj,Ultimate Fantasy RTS - Aug 2022-20260825T020634Z-1-001/Ultimate Fantasy RTS - Aug 2022/OBJ/Resource_Tree2.obj,Ultimate Fantasy RTS - Aug 2022-20260825T020634Z-1-001,,
,425,vegetation,.mtl,,,,,Resource_Tree_Group.mtl,Ultimate Fantasy RTS - Aug 2022-20260825T020634Z-1-001/Ultimate Fantasy RTS - Aug 2022/OBJ/Resource_Tree_Group.mtl,Ultimate Fantasy RTS - Aug 2022-20260825T020634Z-1-001,,
,239173,vegetation,.obj,,,,,Resource_Tree_Group.obj,Ultimate Fantasy RTS - Aug 2022-20260825T020634Z-1-001/Ultimate Fantasy RTS - Aug 2022/OBJ/Resource_Tree_Group.obj,Ultimate Fantasy RTS - Aug 2022-20260825T020634Z-1-001,,
,434,vegetation,.mtl,,,,,Resource_Tree_Group_Cut.mtl,Ultimate Fantasy RTS - Aug 2022-20260825T020634Z-1-001/Ultimate Fantasy RTS - Aug 2022/OBJ/Resource_Tree_Group_Cut.mtl,Ultimate Fantasy RTS - Aug 2022-20260825T020634Z-1-001,,
,31648,vegetation,.obj,,,,,Resource_Tree_Group_Cut.obj,Ultimate Fantasy RTS - Aug 2022-20260825T020634Z-1-001/Ultimate Fantasy RTS - Aug 2022/OBJ/Resource_Tree_Group_Cut.obj,Ultimate Fantasy RTS - Aug 2022-20260825T020634Z-1-001,,
,232,terrain,.mtl,,,,,Rock.mtl,Ultimate Fantasy RTS - Aug 2022-20260825T020634Z-1-001/Ultimate Fantasy RTS - Aug 2022/OBJ/Rock.mtl,Ultimate Fantasy RTS - Aug 2022-20260825T020634Z-1-001,,
,11694,terrain,.obj,,,,,Rock.obj,Ultimate Fantasy RTS - Aug 2022-20260825T020634Z-1-001/Ultimate Fantasy RTS - Aug 2022/OBJ/Rock.obj,Ultimate Fantasy RTS - Aug 2022-20260825T020634Z-1-001,,
,238,terrain,.mtl,,,,,Rock_Group.mtl,Ultimate Fantasy RTS - Aug 2022-20260825T020634Z-1-001/Ultimate Fantasy RTS - Aug 2022/OBJ/Rock_Group.mtl,Ultimate Fantasy RTS - Aug 2022-20260825T020634Z-1-001,,
,59310,terrain,.obj,,,,,Rock_Group.obj,Ultimate Fantasy RTS - Aug 2022-20260825T020634Z-1-001/Ultimate Fantasy RTS - Aug 2022/OBJ/Rock_Group.obj,Ultimate Fantasy RTS - Aug 2022-20260825T020634Z-1-001,,
,433,uncategorized,.mtl,,,,,Storage_FirstAge_Leve3.mtl,Ultimate Fantasy RTS - Aug 2022-20260825T020634Z-1-001/Ultimate Fantasy RTS - Aug 2022/OBJ/Storage_FirstAge_Leve3.mtl,Ultimate Fantasy RTS - Aug 2022-20260825T020634Z-1-001,,
,426840,uncategorized,.obj,,,,,Storage_FirstAge_Leve3.obj,Ultimate Fantasy RTS - Aug 2022-20260825T020634Z-1-001/Ultimate Fantasy RTS - Aug 2022/OBJ/Storage_FirstAge_Leve3.obj,Ultimate Fantasy RTS - Aug 2022-20260825T020634Z-1-001,,
,434,uncategorized,.mtl,,,,,Storage_FirstAge_Level1.mtl,Ultimate Fantasy RTS - Aug 2022-20260825T020634Z-1-001/Ultimate Fantasy RTS - Aug 2022/OBJ/Storage_FirstAge_Level1.mtl,Ultimate Fantasy RTS - Aug 2022-20260825T020634Z-1-001,,
,217202,uncategorized,.obj,,,,,Storage_FirstAge_Level1.obj,Ultimate Fantasy RTS - Aug 2022-20260825T020634Z-1-001/Ultimate Fantasy RTS - Aug 2022/OBJ/Storage_FirstAge_Level1.obj,Ultimate Fantasy RTS - Aug 2022-20260825T020634Z-1-001,,
,434,uncategorized,.mtl,,,,,Storage_FirstAge_Level2.mtl,Ultimate Fantasy RTS - Aug 2022-20260825T020634Z-1-001/Ultimate Fantasy RTS - Aug 2022/OBJ/Storage_FirstAge_Level2.mtl,Ultimate Fantasy RTS - Aug 2022-20260825T020634Z-1-001,,
,296887,uncategorized,.obj,,,,,Storage_FirstAge_Level2.obj,Ultimate Fantasy RTS - Aug 2022-20260825T020634Z-1-001/Ultimate Fantasy RTS - Aug 2022/OBJ/Storage_FirstAge_Level2.obj,Ultimate Fantasy RTS - Aug 2022-20260825T020634Z-1-001,,
,1341,uncategorized,.mtl,,,,,Storage_SecondAge_Level1.mtl,Ultimate Fantasy RTS - Aug 2022-20260825T020634Z-1-001/Ultimate Fantasy RTS - Aug 2022/OBJ/Storage_SecondAge_Level1.mtl,Ultimate Fantasy RTS - Aug 2022-20260825T020634Z-1-001,,
,612787,uncategorized,.obj,,,,,Storage_SecondAge_Level1.obj,Ultimate Fantasy RTS - Aug 2022-20260825T020634Z-1-001/Ultimate Fantasy RTS - Aug 2022/OBJ/Storage_SecondAge_Level1.obj,Ultimate Fantasy RTS - Aug 2022-20260825T020634Z-1-001,,
,1341,uncategorized,.mtl,,,,,Storage_SecondAge_Level2.mtl,Ultimate Fantasy RTS - Aug 2022-20260825T020634Z-1-001/Ultimate Fantasy RTS - Aug 2022/OBJ/Storage_SecondAge_Level2.mtl,Ultimate Fantasy RTS - Aug 2022-20260825T020634Z-1-001,,
,650052,uncategorized,.obj,,,,,Storage_SecondAge_Level2.obj,Ultimate Fantasy RTS - Aug 2022-20260825T020634Z-1-001/Ultimate Fantasy RTS - Aug 2022/OBJ/Storage_SecondAge_Level2.obj,Ultimate Fantasy RTS - Aug 2022-20260825T020634Z-1-001,,
,1341,uncategorized,.mtl,,,,,Storage_SecondAge_Level3.mtl,Ultimate Fantasy RTS - Aug 2022-20260825T020634Z-1-001/Ultimate Fantasy RTS - Aug 2022/OBJ/Storage_SecondAge_Level3.mtl,Ultimate Fantasy RTS - Aug 2022-20260825T020634Z-1-001,,
,631107,uncategorized,.obj,,,,,Storage_SecondAge_Level3.obj,Ultimate Fantasy RTS - Aug 2022-20260825T020634Z-1-001/Ultimate Fantasy RTS - Aug 2022/OBJ/Storage_SecondAge_Level3.obj,Ultimate Fantasy RTS - Aug 2022-20260825T020634Z-1-001,,
,611,uncategorized,.mtl,,,,,Temple_FirstAge_Level1.mtl,Ultimate Fantasy RTS - Aug 2022-20260825T020634Z-1-001/Ultimate Fantasy RTS - Aug 2022/OBJ/Temple_FirstAge_Level1.mtl,Ultimate Fantasy RTS - Aug 2022-20260825T020634Z-1-001,,
,332245,uncategorized,.obj,,,,,Temple_FirstAge_Level1.obj,Ultimate Fantasy RTS - Aug 2022-20260825T020634Z-1-001/Ultimate Fantasy RTS - Aug 2022/OBJ/Temple_FirstAge_Level1.obj,Ultimate Fantasy RTS - Aug 2022-20260825T020634Z-1-001,,
,611,uncategorized,.mtl,,,,,Temple_FirstAge_Level2.mtl,Ultimate Fantasy RTS - Aug 2022-20260825T020634Z-1-001/Ultimate Fantasy RTS - Aug 2022/OBJ/Temple_FirstAge_Level2.mtl,Ultimate Fantasy RTS - Aug 2022-20260825T020634Z-1-001,,
,409225,uncategorized,.obj,,,,,Temple_FirstAge_Level2.obj,Ultimate Fantasy RTS - Aug 2022-20260825T020634Z-1-001/Ultimate Fantasy RTS - Aug 2022/OBJ/Temple_FirstAge_Level2.obj,Ultimate Fantasy RTS - Aug 2022-20260825T020634Z-1-001,,
,611,uncategorized,.mtl,,,,,Temple_FirstAge_Level3.mtl,Ultimate Fantasy RTS - Aug 2022-20260825T020634Z-1-001/Ultimate Fantasy RTS - Aug 2022/OBJ/Temple_FirstAge_Level3.mtl,Ultimate Fantasy RTS - Aug 2022-20260825T020634Z-1-001,,
,759089,uncategorized,.obj,,,,,Temple_FirstAge_Level3.obj,Ultimate Fantasy RTS - Aug 2022-20260825T020634Z-1-001/Ultimate Fantasy RTS - Aug 2022/OBJ/Temple_FirstAge_Level3.obj,Ultimate Fantasy RTS - Aug 2022-20260825T020634Z-1-001,,
,608,uncategorized,.mtl,,,,,Temple_SecondAge_Level1.mtl,Ultimate Fantasy RTS - Aug 2022-20260825T020634Z-1-001/Ultimate Fantasy RTS - Aug 2022/OBJ/Temple_SecondAge_Level1.mtl,Ultimate Fantasy RTS - Aug 2022-20260825T020634Z-1-001,,
,16659,uncategorized,.obj,,,,,Temple_SecondAge_Level1.obj,Ultimate Fantasy RTS - Aug 2022-20260825T020634Z-1-001/Ultimate Fantasy RTS - Aug 2022/OBJ/Temple_SecondAge_Level1.obj,Ultimate Fantasy RTS - Aug 2022-20260825T020634Z-1-001,,
,608,uncategorized,.mtl,,,,,Temple_SecondAge_Level2.mtl,Ultimate Fantasy RTS - Aug 2022-20260825T020634Z-1-001/Ultimate Fantasy RTS - Aug 2022/OBJ/Temple_SecondAge_Level2.mtl,Ultimate Fantasy RTS - Aug 2022-20260825T020634Z-1-001,,
,89758,uncategorized,.obj,,,,,Temple_SecondAge_Level2.obj,Ultimate Fantasy RTS - Aug 2022-20260825T020634Z-1-001/Ultimate Fantasy RTS - Aug 2022/OBJ/Temple_SecondAge_Level2.obj,Ultimate Fantasy RTS - Aug 2022-20260825T020634Z-1-001,,
,608,uncategorized,.mtl,,,,,Temple_SecondAge_Level3.mtl,Ultimate Fantasy RTS - Aug 2022-20260825T020634Z-1-001/Ultimate Fantasy RTS - Aug 2022/OBJ/Temple_SecondAge_Level3.mtl,Ultimate Fantasy RTS - Aug 2022-20260825T020634Z-1-001,,
,208951,uncategorized,.obj,,,,,Temple_SecondAge_Level3.obj,Ultimate Fantasy RTS - Aug 2022-20260825T020634Z-1-001/Ultimate Fantasy RTS - Aug 2022/OBJ/Temple_SecondAge_Level3.obj,Ultimate Fantasy RTS - Aug 2022-20260825T020634Z-1-001,,
,787,architecture,.mtl,,,,,TowerHouse_FirstAge.mtl,Ultimate Fantasy RTS - Aug 2022-20260825T020634Z-1-001/Ultimate Fantasy RTS - Aug 2022/OBJ/TowerHouse_FirstAge.mtl,Ultimate Fantasy RTS - Aug 2022-20260825T020634Z-1-001,,
,128330,architecture,.obj,,,,,TowerHouse_FirstAge.obj,Ultimate Fantasy RTS - Aug 2022-20260825T020634Z-1-001/Ultimate Fantasy RTS - Aug 2022/OBJ/TowerHouse_FirstAge.obj,Ultimate Fantasy RTS - Aug 2022-20260825T020634Z-1-001,,
,1152,architecture,.mtl,,,,,TowerHouse_SecondAge.mtl,Ultimate Fantasy RTS - Aug 2022-20260825T020634Z-1-001/Ultimate Fantasy RTS - Aug 2022/OBJ/TowerHouse_SecondAge.mtl,Ultimate Fantasy RTS - Aug 2022-20260825T020634Z-1-001,,
,238333,architecture,.obj,,,,,TowerHouse_SecondAge.obj,Ultimate Fantasy RTS - Aug 2022-20260825T020634Z-1-001/Ultimate Fantasy RTS - Aug 2022/OBJ/TowerHouse_SecondAge.obj,Ultimate Fantasy RTS - Aug 2022-20260825T020634Z-1-001,,
,437,uncategorized,.mtl,,,,,TownCenter_FirstAge_Level1.mtl,Ultimate Fantasy RTS - Aug 2022-20260825T020634Z-1-001/Ultimate Fantasy RTS - Aug 2022/OBJ/TownCenter_FirstAge_Level1.mtl,Ultimate Fantasy RTS - Aug 2022-20260825T020634Z-1-001,,
,50710,uncategorized,.obj,,,,,TownCenter_FirstAge_Level1.obj,Ultimate Fantasy RTS - Aug 2022-20260825T020634Z-1-001/Ultimate Fantasy RTS - Aug 2022/OBJ/TownCenter_FirstAge_Level1.obj,Ultimate Fantasy RTS - Aug 2022-20260825T020634Z-1-001,,
,795,uncategorized,.mtl,,,,,TownCenter_FirstAge_Level2.mtl,Ultimate Fantasy RTS - Aug 2022-20260825T020634Z-1-001/Ultimate Fantasy RTS - Aug 2022/OBJ/TownCenter_FirstAge_Level2.mtl,Ultimate Fantasy RTS - Aug 2022-20260825T020634Z-1-001,,
,238023,uncategorized,.obj,,,,,TownCenter_FirstAge_Level2.obj,Ultimate Fantasy RTS - Aug 2022-20260825T020634Z-1-001/Ultimate Fantasy RTS - Aug 2022/OBJ/TownCenter_FirstAge_Level2.obj,Ultimate Fantasy RTS - Aug 2022-20260825T020634Z-1-001,,
,616,uncategorized,.mtl,,,,,TownCenter_FirstAge_Level3.mtl,Ultimate Fantasy RTS - Aug 2022-20260825T020634Z-1-001/Ultimate Fantasy RTS - Aug 2022/OBJ/TownCenter_FirstAge_Level3.mtl,Ultimate Fantasy RTS - Aug 2022-20260825T020634Z-1-001,,
,401563,uncategorized,.obj,,,,,TownCenter_FirstAge_Level3.obj,Ultimate Fantasy RTS - Aug 2022-20260825T020634Z-1-001/Ultimate Fantasy RTS - Aug 2022/OBJ/TownCenter_FirstAge_Level3.obj,Ultimate Fantasy RTS - Aug 2022-20260825T020634Z-1-001,,
,434,uncategorized,.mtl,,,,,TownCenter_SecondAge_Level1.mtl,Ultimate Fantasy RTS - Aug 2022-20260825T020634Z-1-001/Ultimate Fantasy RTS - Aug 2022/OBJ/TownCenter_SecondAge_Level1.mtl,Ultimate Fantasy RTS - Aug 2022-20260825T020634Z-1-001,,
,325483,uncategorized,.obj,,,,,TownCenter_SecondAge_Level1.obj,Ultimate Fantasy RTS - Aug 2022-20260825T020634Z-1-001/Ultimate Fantasy RTS - Aug 2022/OBJ/TownCenter_SecondAge_Level1.obj,Ultimate Fantasy RTS - Aug 2022-20260825T020634Z-1-001,,
,613,uncategorized,.mtl,,,,,TownCenter_SecondAge_Level2.mtl,Ultimate Fantasy RTS - Aug 2022-20260825T020634Z-1-001/Ultimate Fantasy RTS - Aug 2022/OBJ/TownCenter_SecondAge_Level2.mtl,Ultimate Fantasy RTS - Aug 2022-20260825T020634Z-1-001,,
,579184,uncategorized,.obj,,,,,TownCenter_SecondAge_Level2.obj,Ultimate Fantasy RTS - Aug 2022-20260825T020634Z-1-001/Ultimate Fantasy RTS - Aug 2022/OBJ/TownCenter_SecondAge_Level2.obj,Ultimate Fantasy RTS - Aug 2022-20260825T020634Z-1-001,,
,613,uncategorized,.mtl,,,,,TownCenter_SecondAge_Level3.mtl,Ultimate Fantasy RTS - Aug 2022-20260825T020634Z-1-001/Ultimate Fantasy RTS - Aug 2022/OBJ/TownCenter_SecondAge_Level3.mtl,Ultimate Fantasy RTS - Aug 2022-20260825T020634Z-1-001,,
,851871,uncategorized,.obj,,,,,TownCenter_SecondAge_Level3.obj,Ultimate Fantasy RTS - Aug 2022-20260825T020634Z-1-001/Ultimate Fantasy RTS - Aug 2022/OBJ/TownCenter_SecondAge_Level3.obj,Ultimate Fantasy RTS - Aug 2022-20260825T020634Z-1-001,,
,424,architecture,.mtl,,,,,Wall_FirstAge.mtl,Ultimate Fantasy RTS - Aug 2022-20260825T020634Z-1-001/Ultimate Fantasy RTS - Aug 2022/OBJ/Wall_FirstAge.mtl,Ultimate Fantasy RTS - Aug 2022-20260825T020634Z-1-001,,
,17277,architecture,.obj,,,,,Wall_FirstAge.obj,Ultimate Fantasy RTS - Aug 2022-20260825T020634Z-1-001/Ultimate Fantasy RTS - Aug 2022/OBJ/Wall_FirstAge.obj,Ultimate Fantasy RTS - Aug 2022-20260825T020634Z-1-001,,
,605,architecture,.mtl,,,,,Wall_SecondAge.mtl,Ultimate Fantasy RTS - Aug 2022-20260825T020634Z-1-001/Ultimate Fantasy RTS - Aug 2022/OBJ/Wall_SecondAge.mtl,Ultimate Fantasy RTS - Aug 2022-20260825T020634Z-1-001,,
,11147,architecture,.obj,,,,,Wall_SecondAge.obj,Ultimate Fantasy RTS - Aug 2022-20260825T020634Z-1-001/Ultimate Fantasy RTS - Aug 2022/OBJ/Wall_SecondAge.obj,Ultimate Fantasy RTS - Aug 2022-20260825T020634Z-1-001,,
,435,architecture,.mtl,,,,,WallTowers_Door_FirstAge.mtl,Ultimate Fantasy RTS - Aug 2022-20260825T020634Z-1-001/Ultimate Fantasy RTS - Aug 2022/OBJ/WallTowers_Door_FirstAge.mtl,Ultimate Fantasy RTS - Aug 2022-20260825T020634Z-1-001,,
,101887,architecture,.obj,,,,,WallTowers_Door_FirstAge.obj,Ultimate Fantasy RTS - Aug 2022-20260825T020634Z-1-001/Ultimate Fantasy RTS - Aug 2022/OBJ/WallTowers_Door_FirstAge.obj,Ultimate Fantasy RTS - Aug 2022-20260825T020634Z-1-001,,
,794,architecture,.mtl,,,,,WallTowers_Door_SecondAge.mtl,Ultimate Fantasy RTS - Aug 2022-20260825T020634Z-1-001/Ultimate Fantasy RTS - Aug 2022/OBJ/WallTowers_Door_SecondAge.mtl,Ultimate Fantasy RTS - Aug 2022-20260825T020634Z-1-001,,
,108149,architecture,.obj,,,,,WallTowers_Door_SecondAge.obj,Ultimate Fantasy RTS - Aug 2022-20260825T020634Z-1-001/Ultimate Fantasy RTS - Aug 2022/OBJ/WallTowers_Door_SecondAge.obj,Ultimate Fantasy RTS - Aug 2022-20260825T020634Z-1-001,,
,441,architecture,.mtl,,,,,WallTowers_DoorClosed_FirstAge.mtl,Ultimate Fantasy RTS - Aug 2022-20260825T020634Z-1-001/Ultimate Fantasy RTS - Aug 2022/OBJ/WallTowers_DoorClosed_FirstAge.mtl,Ultimate Fantasy RTS - Aug 2022-20260825T020634Z-1-001,,
,108825,architecture,.obj,,,,,WallTowers_DoorClosed_FirstAge.obj,Ultimate Fantasy RTS - Aug 2022-20260825T020634Z-1-001/Ultimate Fantasy RTS - Aug 2022/OBJ/WallTowers_DoorClosed_FirstAge.obj,Ultimate Fantasy RTS - Aug 2022-20260825T020634Z-1-001,,
,979,architecture,.mtl,,,,,WallTowers_DoorClosed_SecondAge.mtl,Ultimate Fantasy RTS - Aug 2022-20260825T020634Z-1-001/Ultimate Fantasy RTS - Aug 2022/OBJ/WallTowers_DoorClosed_SecondAge.mtl,Ultimate Fantasy RTS - Aug 2022-20260825T020634Z-1-001,,
,115440,architecture,.obj,,,,,WallTowers_DoorClosed_SecondAge.obj,Ultimate Fantasy RTS - Aug 2022-20260825T020634Z-1-001/Ultimate Fantasy RTS - Aug 2022/OBJ/WallTowers_DoorClosed_SecondAge.obj,Ultimate Fantasy RTS - Aug 2022-20260825T020634Z-1-001,,
,430,architecture,.mtl,,,,,WallTowers_FirstAge.mtl,Ultimate Fantasy RTS - Aug 2022-20260825T020634Z-1-001/Ultimate Fantasy RTS - Aug 2022/OBJ/WallTowers_FirstAge.mtl,Ultimate Fantasy RTS - Aug 2022-20260825T020634Z-1-001,,
,69901,architecture,.obj,,,,,WallTowers_FirstAge.obj,Ultimate Fantasy RTS - Aug 2022-20260825T020634Z-1-001/Ultimate Fantasy RTS - Aug 2022/OBJ/WallTowers_FirstAge.obj,Ultimate Fantasy RTS - Aug 2022-20260825T020634Z-1-001,,
,789,architecture,.mtl,,,,,WallTowers_SecondAge.mtl,Ultimate Fantasy RTS - Aug 2022-20260825T020634Z-1-001/Ultimate Fantasy RTS - Aug 2022/OBJ/WallTowers_SecondAge.mtl,Ultimate Fantasy RTS - Aug 2022-20260825T020634Z-1-001,,
,99441,architecture,.obj,,,,,WallTowers_SecondAge.obj,Ultimate Fantasy RTS - Aug 2022-20260825T020634Z-1-001/Ultimate Fantasy RTS - Aug 2022/OBJ/WallTowers_SecondAge.obj,Ultimate Fantasy RTS - Aug 2022-20260825T020634Z-1-001,,
,615,architecture,.mtl,,,,,WatchTower_FirstAge_Level1.mtl,Ultimate Fantasy RTS - Aug 2022-20260825T020634Z-1-001/Ultimate Fantasy RTS - Aug 2022/OBJ/WatchTower_FirstAge_Level1.mtl,Ultimate Fantasy RTS - Aug 2022-20260825T020634Z-1-001,,
,44434,architecture,.obj,,,,,WatchTower_FirstAge_Level1.obj,Ultimate Fantasy RTS - Aug 2022-20260825T020634Z-1-001/Ultimate Fantasy RTS - Aug 2022/OBJ/WatchTower_FirstAge_Level1.obj,Ultimate Fantasy RTS - Aug 2022-20260825T020634Z-1-001,,
,615,architecture,.mtl,,,,,WatchTower_FirstAge_Level2.mtl,Ultimate Fantasy RTS - Aug 2022-20260825T020634Z-1-001/Ultimate Fantasy RTS - Aug 2022/OBJ/WatchTower_FirstAge_Level2.mtl,Ultimate Fantasy RTS - Aug 2022-20260825T020634Z-1-001,,
,45830,architecture,.obj,,,,,WatchTower_FirstAge_Level2.obj,Ultimate Fantasy RTS - Aug 2022-20260825T020634Z-1-001/Ultimate Fantasy RTS - Aug 2022/OBJ/WatchTower_FirstAge_Level2.obj,Ultimate Fantasy RTS - Aug 2022-20260825T020634Z-1-001,,
,615,architecture,.mtl,,,,,WatchTower_FirstAge_Level3.mtl,Ultimate Fantasy RTS - Aug 2022-20260825T020634Z-1-001/Ultimate Fantasy RTS - Aug 2022/OBJ/WatchTower_FirstAge_Level3.mtl,Ultimate Fantasy RTS - Aug 2022-20260825T020634Z-1-001,,
,83030,architecture,.obj,,,,,WatchTower_FirstAge_Level3.obj,Ultimate Fantasy RTS - Aug 2022-20260825T020634Z-1-001/Ultimate Fantasy RTS - Aug 2022/OBJ/WatchTower_FirstAge_Level3.obj,Ultimate Fantasy RTS - Aug 2022-20260825T020634Z-1-001,,
,980,architecture,.mtl,,,,,WatchTower_SecondAge_Level1.mtl,Ultimate Fantasy RTS - Aug 2022-20260825T020634Z-1-001/Ultimate Fantasy RTS - Aug 2022/OBJ/WatchTower_SecondAge_Level1.mtl,Ultimate Fantasy RTS - Aug 2022-20260825T020634Z-1-001,,
,240821,architecture,.obj,,,,,WatchTower_SecondAge_Level1.obj,Ultimate Fantasy RTS - Aug 2022-20260825T020634Z-1-001/Ultimate Fantasy RTS - Aug 2022/OBJ/WatchTower_SecondAge_Level1.obj,Ultimate Fantasy RTS - Aug 2022-20260825T020634Z-1-001,,
,980,architecture,.mtl,,,,,WatchTower_SecondAge_Level2.mtl,Ultimate Fantasy RTS - Aug 2022-20260825T020634Z-1-001/Ultimate Fantasy RTS - Aug 2022/OBJ/WatchTower_SecondAge_Level2.mtl,Ultimate Fantasy RTS - Aug 2022-20260825T020634Z-1-001,,
,212815,architecture,.obj,,,,,WatchTower_SecondAge_Level2.obj,Ultimate Fantasy RTS - Aug 2022-20260825T020634Z-1-001/Ultimate Fantasy RTS - Aug 2022/OBJ/WatchTower_SecondAge_Level2.obj,Ultimate Fantasy RTS - Aug 2022-20260825T020634Z-1-001,,
,975,architecture,.mtl,,,,,WatchTower_SecondAge_Level3.mtl,Ultimate Fantasy RTS - Aug 2022-20260825T020634Z-1-001/Ultimate Fantasy RTS - Aug 2022/OBJ/WatchTower_SecondAge_Level3.mtl,Ultimate Fantasy RTS - Aug 2022-20260825T020634Z-1-001,,
,180703,architecture,.obj,,,,,WatchTower_SecondAge_Level3.obj,Ultimate Fantasy RTS - Aug 2022-20260825T020634Z-1-001/Ultimate Fantasy RTS - Aug 2022/OBJ/WatchTower_SecondAge_Level3.obj,Ultimate Fantasy RTS - Aug 2022-20260825T020634Z-1-001,,
,786,uncategorized,.mtl,,,,,Windmill_FirstAge.mtl,Ultimate Fantasy RTS - Aug 2022-20260825T020634Z-1-001/Ultimate Fantasy RTS - Aug 2022/OBJ/Windmill_FirstAge.mtl,Ultimate Fantasy RTS - Aug 2022-20260825T020634Z-1-001,,
,139337,uncategorized,.obj,,,,,Windmill_FirstAge.obj,Ultimate Fantasy RTS - Aug 2022-20260825T020634Z-1-001/Ultimate Fantasy RTS - Aug 2022/OBJ/Windmill_FirstAge.obj,Ultimate Fantasy RTS - Aug 2022-20260825T020634Z-1-001,,
,1330,uncategorized,.mtl,,,,,Windmill_SecondAge.mtl,Ultimate Fantasy RTS - Aug 2022-20260825T020634Z-1-001/Ultimate Fantasy RTS - Aug 2022/OBJ/Windmill_SecondAge.mtl,Ultimate Fantasy RTS - Aug 2022-20260825T020634Z-1-001,,
,112576,uncategorized,.obj,,,,,Windmill_SecondAge.obj,Ultimate Fantasy RTS - Aug 2022-20260825T020634Z-1-001/Ultimate Fantasy RTS - Aug 2022/OBJ/Windmill_SecondAge.obj,Ultimate Fantasy RTS - Aug 2022-20260825T020634Z-1-001,,
,611,uncategorized,.mtl,,,,,Wonder_FirstAge_Level1.mtl,Ultimate Fantasy RTS - Aug 2022-20260825T020634Z-1-001/Ultimate Fantasy RTS - Aug 2022/OBJ/Wonder_FirstAge_Level1.mtl,Ultimate Fantasy RTS - Aug 2022-20260825T020634Z-1-001,,
,298347,uncategorized,.obj,,,,,Wonder_FirstAge_Level1.obj,Ultimate Fantasy RTS - Aug 2022-20260825T020634Z-1-001/Ultimate Fantasy RTS - Aug 2022/OBJ/Wonder_FirstAge_Level1.obj,Ultimate Fantasy RTS - Aug 2022-20260825T020634Z-1-001,,
,611,uncategorized,.mtl,,,,,Wonder_FirstAge_Level2.mtl,Ultimate Fantasy RTS - Aug 2022-20260825T020634Z-1-001/Ultimate Fantasy RTS - Aug 2022/OBJ/Wonder_FirstAge_Level2.mtl,Ultimate Fantasy RTS - Aug 2022-20260825T020634Z-1-001,,
,599629,uncategorized,.obj,,,,,Wonder_FirstAge_Level2.obj,Ultimate Fantasy RTS - Aug 2022-20260825T020634Z-1-001/Ultimate Fantasy RTS - Aug 2022/OBJ/Wonder_FirstAge_Level2.obj,Ultimate Fantasy RTS - Aug 2022-20260825T020634Z-1-001,,
,611,uncategorized,.mtl,,,,,Wonder_FirstAge_Level3.mtl,Ultimate Fantasy RTS - Aug 2022-20260825T020634Z-1-001/Ultimate Fantasy RTS - Aug 2022/OBJ/Wonder_FirstAge_Level3.mtl,Ultimate Fantasy RTS - Aug 2022-20260825T020634Z-1-001,,
,791980,uncategorized,.obj,,,,,Wonder_FirstAge_Level3.obj,Ultimate Fantasy RTS - Aug 2022-20260825T020634Z-1-001/Ultimate Fantasy RTS - Aug 2022/OBJ/Wonder_FirstAge_Level3.obj,Ultimate Fantasy RTS - Aug 2022-20260825T020634Z-1-001,,
,792,uncategorized,.mtl,,,,,Wonder_SecondAge_Level1.mtl,Ultimate Fantasy RTS - Aug 2022-20260825T020634Z-1-001/Ultimate Fantasy RTS - Aug 2022/OBJ/Wonder_SecondAge_Level1.mtl,Ultimate Fantasy RTS - Aug 2022-20260825T020634Z-1-001,,
,54372,uncategorized,.obj,,,,,Wonder_SecondAge_Level1.obj,Ultimate Fantasy RTS - Aug 2022-20260825T020634Z-1-001/Ultimate Fantasy RTS - Aug 2022/OBJ/Wonder_SecondAge_Level1.obj,Ultimate Fantasy RTS - Aug 2022-20260825T020634Z-1-001,,
,792,uncategorized,.mtl,,,,,Wonder_SecondAge_Level2.mtl,Ultimate Fantasy RTS - Aug 2022-20260825T020634Z-1-001/Ultimate Fantasy RTS - Aug 2022/OBJ/Wonder_SecondAge_Level2.mtl,Ultimate Fantasy RTS - Aug 2022-20260825T020634Z-1-001,,
,499932,uncategorized,.obj,,,,,Wonder_SecondAge_Level2.obj,Ultimate Fantasy RTS - Aug 2022-20260825T020634Z-1-001/Ultimate Fantasy RTS - Aug 2022/OBJ/Wonder_SecondAge_Level2.obj,Ultimate Fantasy RTS - Aug 2022-20260825T020634Z-1-001,,
,792,uncategorized,.mtl,,,,,Wonder_SecondAge_Level3.mtl,Ultimate Fantasy RTS - Aug 2022-20260825T020634Z-1-001/Ultimate Fantasy RTS - Aug 2022/OBJ/Wonder_SecondAge_Level3.mtl,Ultimate Fantasy RTS - Aug 2022-20260825T020634Z-1-001,,
,580255,uncategorized,.obj,,,,,Wonder_SecondAge_Level3.obj,Ultimate Fantasy RTS - Aug 2022-20260825T020634Z-1-001/Ultimate Fantasy RTS - Aug 2022/OBJ/Wonder_SecondAge_Level3.obj,Ultimate Fantasy RTS - Aug 2022-20260825T020634Z-1-001,,
,609,architecture,.mtl,,,,,WonderWalls_FirstAge.mtl,Ultimate Fantasy RTS - Aug 2022-20260825T020634Z-1-001/Ultimate Fantasy RTS - Aug 2022/OBJ/WonderWalls_FirstAge.mtl,Ultimate Fantasy RTS - Aug 2022-20260825T020634Z-1-001,,
,294215,architecture,.obj,,,,,WonderWalls_FirstAge.obj,Ultimate Fantasy RTS - Aug 2022-20260825T020634Z-1-001/Ultimate Fantasy RTS - Aug 2022/OBJ/WonderWalls_FirstAge.obj,Ultimate Fantasy RTS - Aug 2022-20260825T020634Z-1-001,,
,612,architecture,.mtl,,,,,WonderWalls_SecondAge.mtl,Ultimate Fantasy RTS - Aug 2022-20260825T020634Z-1-001/Ultimate Fantasy RTS - Aug 2022/OBJ/WonderWalls_SecondAge.mtl,Ultimate Fantasy RTS - Aug 2022-20260825T020634Z-1-001,,
,413004,architecture,.obj,,,,,WonderWalls_SecondAge.obj,Ultimate Fantasy RTS - Aug 2022-20260825T020634Z-1-001/Ultimate Fantasy RTS - Aug 2022/OBJ/WonderWalls_SecondAge.obj,Ultimate Fantasy RTS - Aug 2022-20260825T020634Z-1-001,,
False,217919,uncategorized,.png,1,True,1024,RGBA,Archery_FirstAge_Level1.png,Ultimate Fantasy RTS - Aug 2022-20260825T020634Z-1-001/Ultimate Fantasy RTS - Aug 2022/PNG/Archery_FirstAge_Level1.png,Ultimate Fantasy RTS - Aug 2022-20260825T020634Z-1-001,True,1024
False,315247,uncategorized,.png,1,True,1024,RGBA,Archery_FirstAge_Level2.png,Ultimate Fantasy RTS - Aug 2022-20260825T020634Z-1-001/Ultimate Fantasy RTS - Aug 2022/PNG/Archery_FirstAge_Level2.png,Ultimate Fantasy RTS - Aug 2022-20260825T020634Z-1-001,True,1024
False,434977,uncategorized,.png,1,True,1024,RGBA,Archery_FirstAge_Level3.png,Ultimate Fantasy RTS - Aug 2022-20260825T020634Z-1-001/Ultimate Fantasy RTS - Aug 2022/PNG/Archery_FirstAge_Level3.png,Ultimate Fantasy RTS - Aug 2022-20260825T020634Z-1-001,True,1024
False,321045,uncategorized,.png,1,True,1024,RGBA,Archery_SecondAge_Level1.png,Ultimate Fantasy RTS - Aug 2022-20260825T020634Z-1-001/Ultimate Fantasy RTS - Aug 2022/PNG/Archery_SecondAge_Level1.png,Ultimate Fantasy RTS - Aug 2022-20260825T020634Z-1-001,True,1024
False,491037,uncategorized,.png,1,True,1024,RGBA,Archery_SecondAge_Level2.png,Ultimate Fantasy RTS - Aug 2022-20260825T020634Z-1-001/Ultimate Fantasy RTS - Aug 2022/PNG/Archery_SecondAge_Level2.png,Ultimate Fantasy RTS - Aug 2022-20260825T020634Z-1-001,True,1024
False,588651,uncategorized,.png,1,True,1024,RGBA,Archery_SecondAge_Level3.png,Ultimate Fantasy RTS - Aug 2022-20260825T020634Z-1-001/Ultimate Fantasy RTS - Aug 2022/PNG/Archery_SecondAge_Level3.png,Ultimate Fantasy RTS - Aug 2022-20260825T020634Z-1-001,True,1024
False,196477,props,.png,1,True,1024,RGBA,Barracks_FirstAge_Level1.png,Ultimate Fantasy RTS - Aug 2022-20260825T020634Z-1-001/Ultimate Fantasy RTS - Aug 2022/PNG/Barracks_FirstAge_Level1.png,Ultimate Fantasy RTS - Aug 2022-20260825T020634Z-1-001,True,1024
False,314417,props,.png,1,True,1024,RGBA,Barracks_FirstAge_Level2.png,Ultimate Fantasy RTS - Aug 2022-20260825T020634Z-1-001/Ultimate Fantasy RTS - Aug 2022/PNG/Barracks_FirstAge_Level2.png,Ultimate Fantasy RTS - Aug 2022-20260825T020634Z-1-001,True,1024
False,490430,props,.png,1,True,1024,RGBA,Barracks_FirstAge_Level3.png,Ultimate Fantasy RTS - Aug 2022-20260825T020634Z-1-001/Ultimate Fantasy RTS - Aug 2022/PNG/Barracks_FirstAge_Level3.png,Ultimate Fantasy RTS - Aug 2022-20260825T020634Z-1-001,True,1024
False,273907,props,.png,1,True,1024,RGBA,Barracks_SecondAge_Level1.png,Ultimate Fantasy RTS - Aug 2022-20260825T020634Z-1-001/Ultimate Fantasy RTS - Aug 2022/PNG/Barracks_SecondAge_Level1.png,Ultimate Fantasy RTS - Aug 2022-20260825T020634Z-1-001,True,1024
False,466485,props,.png,1,True,1024,RGBA,Barracks_SecondAge_Level2.png,Ultimate Fantasy RTS - Aug 2022-20260825T020634Z-1-001/Ultimate Fantasy RTS - Aug 2022/PNG/Barracks_SecondAge_Level2.png,Ultimate Fantasy RTS - Aug 2022-20260825T020634Z-1-001,True,1024
False,514778,props,.png,1,True,1024,RGBA,Barracks_SecondAge_Level3.png,Ultimate Fantasy RTS - Aug 2022-20260825T020634Z-1-001/Ultimate Fantasy RTS - Aug 2022/PNG/Barracks_SecondAge_Level3.png,Ultimate Fantasy RTS - Aug 2022-20260825T020634Z-1-001,True,1024
False,6438,props,.png,1,True,128,RGBA,Barrel.png,Ultimate Fantasy RTS - Aug 2022-20260825T020634Z-1-001/Ultimate Fantasy RTS - Aug 2022/PNG/Barrel.png,Ultimate Fantasy RTS - Aug 2022-20260825T020634Z-1-001,True,128
False,9015,props,.png,1,True,128,RGBA,Crate.png,Ultimate Fantasy RTS - Aug 2022-20260825T020634Z-1-001/Ultimate Fantasy RTS - Aug 2022/PNG/Crate.png,Ultimate Fantasy RTS - Aug 2022-20260825T020634Z-1-001,True,128
False,7743,props,.png,1,True,128,RGBA,Crate_Big_Stack2.png,Ultimate Fantasy RTS - Aug 2022-20260825T020634Z-1-001/Ultimate Fantasy RTS - Aug 2022/PNG/Crate_Big_Stack2.png,Ultimate Fantasy RTS - Aug 2022-20260825T020634Z-1-001,True,128
False,5624,props,.png,1,True,128,RGBA,Crate_Stack1.png,Ultimate Fantasy RTS - Aug 2022-20260825T020634Z-1-001/Ultimate Fantasy RTS - Aug 2022/PNG/Crate_Stack1.png,Ultimate Fantasy RTS - Aug 2022-20260825T020634Z-1-001,True,128
False,8427,props,.png,1,True,128,RGBA,Crate_Stack2.png,Ultimate Fantasy RTS - Aug 2022-20260825T020634Z-1-001/Ultimate Fantasy RTS - Aug 2022/PNG/Crate_Stack2.png,Ultimate Fantasy RTS - Aug 2022-20260825T020634Z-1-001,True,128
False,121122,water,.png,1,True,1024,RGBA,Dock_FirstAge.png,Ultimate Fantasy RTS - Aug 2022-20260825T020634Z-1-001/Ultimate Fantasy RTS - Aug 2022/PNG/Dock_FirstAge.png,Ultimate Fantasy RTS - Aug 2022-20260825T020634Z-1-001,True,1024
False,170608,terrain,.png,1,True,1024,RGBA,Farm_Dirt_Level1.png,Ultimate Fantasy RTS - Aug 2022-20260825T020634Z-1-001/Ultimate Fantasy RTS - Aug 2022/PNG/Farm_Dirt_Level1.png,Ultimate Fantasy RTS - Aug 2022-20260825T020634Z-1-001,True,1024
False,205452,terrain,.png,1,True,1024,RGBA,Farm_Dirt_Level2.png,Ultimate Fantasy RTS - Aug 2022-20260825T020634Z-1-001/Ultimate Fantasy RTS - Aug 2022/PNG/Farm_Dirt_Level2.png,Ultimate Fantasy RTS - Aug 2022-20260825T020634Z-1-001,True,1024
False,289681,terrain,.png,1,True,1024,RGBA,Farm_Dirt_Level3.png,Ultimate Fantasy RTS - Aug 2022-20260825T020634Z-1-001/Ultimate Fantasy RTS - Aug 2022/PNG/Farm_Dirt_Level3.png,Ultimate Fantasy RTS - Aug 2022-20260825T020634Z-1-001,True,1024
False,82450,uncategorized,.png,1,True,1024,RGBA,Farm_FirstAge_Level1.png,Ultimate Fantasy RTS - Aug 2022-20260825T020634Z-1-001/Ultimate Fantasy RTS - Aug 2022/PNG/Farm_FirstAge_Level1.png,Ultimate Fantasy RTS - Aug 2022-20260825T020634Z-1-001,True,1024
False,128322,uncategorized,.png,1,True,1024,RGBA,Farm_FirstAge_Level1_Wheat.png,Ultimate Fantasy RTS - Aug 2022-20260825T020634Z-1-001/Ultimate Fantasy RTS - Aug 2022/PNG/Farm_FirstAge_Level1_Wheat.png,Ultimate Fantasy RTS - Aug 2022-20260825T020634Z-1-001,True,1024
False,141365,uncategorized,.png,1,True,1024,RGBA,Farm_FirstAge_Level2.png,Ultimate Fantasy RTS - Aug 2022-20260825T020634Z-1-001/Ultimate Fantasy RTS - Aug 2022/PNG/Farm_FirstAge_Level2.png,Ultimate Fantasy RTS - Aug 2022-20260825T020634Z-1-001,True,1024
False,240436,uncategorized,.png,1,True,1024,RGBA,Farm_FirstAge_Level2_Wheat.png,Ultimate Fantasy RTS - Aug 2022-20260825T020634Z-1-001/Ultimate Fantasy RTS - Aug 2022/PNG/Farm_FirstAge_Level2_Wheat.png,Ultimate Fantasy RTS - Aug 2022-20260825T020634Z-1-001,True,1024
False,170608,uncategorized,.png,1,True,1024,RGBA,Farm_FirstAge_Level3.png,Ultimate Fantasy RTS - Aug 2022-20260825T020634Z-1-001/Ultimate Fantasy RTS - Aug 2022/PNG/Farm_FirstAge_Level3.png,Ultimate Fantasy RTS - Aug 2022-20260825T020634Z-1-001,True,1024
False,295991,uncategorized,.png,1,True,1024,RGBA,Farm_FirstAge_Level3_Wheat.png,Ultimate Fantasy RTS - Aug 2022-20260825T020634Z-1-001/Ultimate Fantasy RTS - Aug 2022/PNG/Farm_FirstAge_Level3_Wheat.png,Ultimate Fantasy RTS - Aug 2022-20260825T020634Z-1-001,True,1024
False,244663,uncategorized,.png,1,True,1024,RGBA,Farm_SecondAge_Level1.png,Ultimate Fantasy RTS - Aug 2022-20260825T020634Z-1-001/Ultimate Fantasy RTS - Aug 2022/PNG/Farm_SecondAge_Level1.png,Ultimate Fantasy RTS - Aug 2022-20260825T020634Z-1-001,True,1024
False,125516,uncategorized,.png,1,True,1024,RGBA,Farm_SecondAge_Level1_Wheat.png,Ultimate Fantasy RTS - Aug 2022-20260825T020634Z-1-001/Ultimate Fantasy RTS - Aug 2022/PNG/Farm_SecondAge_Level1_Wheat.png,Ultimate Fantasy RTS - Aug 2022-20260825T020634Z-1-001,True,1024
False,320569,uncategorized,.png,1,True,1024,RGBA,Farm_SecondAge_Level2.png,Ultimate Fantasy RTS - Aug 2022-20260825T020634Z-1-001/Ultimate Fantasy RTS - Aug 2022/PNG/Farm_SecondAge_Level2.png,Ultimate Fantasy RTS - Aug 2022-20260825T020634Z-1-001,True,1024
False,176134,uncategorized,.png,1,True,1024,RGBA,Farm_SecondAge_Level2_Wheat.png,Ultimate Fantasy RTS - Aug 2022-20260825T020634Z-1-001/Ultimate Fantasy RTS - Aug 2022/PNG/Farm_SecondAge_Level2_Wheat.png,Ultimate Fantasy RTS - Aug 2022-20260825T020634Z-1-001,True,1024
False,548062,uncategorized,.png,1,True,1024,RGBA,Farm_SecondAge_Level3.png,Ultimate Fantasy RTS - Aug 2022-20260825T020634Z-1-001/Ultimate Fantasy RTS - Aug 2022/PNG/Farm_SecondAge_Level3.png,Ultimate Fantasy RTS - Aug 2022-20260825T020634Z-1-001,True,1024
False,224462,uncategorized,.png,1,True,1024,RGBA,Farm_SecondAge_Level3_Wheat.png,Ultimate Fantasy RTS - Aug 2022-20260825T020634Z-1-001/Ultimate Fantasy RTS - Aug 2022/PNG/Farm_SecondAge_Level3_Wheat.png,Ultimate Fantasy RTS - Aug 2022-20260825T020634Z-1-001,True,1024
False,117114,architecture,.png,1,True,1024,RGBA,Houses_FirstAge_1_Level1.png,Ultimate Fantasy RTS - Aug 2022-20260825T020634Z-1-001/Ultimate Fantasy RTS - Aug 2022/PNG/Houses_FirstAge_1_Level1.png,Ultimate Fantasy RTS - Aug 2022-20260825T020634Z-1-001,True,1024
False,154966,architecture,.png,1,True,1024,RGBA,Houses_FirstAge_1_Level2.png,Ultimate Fantasy RTS - Aug 2022-20260825T020634Z-1-001/Ultimate Fantasy RTS - Aug 2022/PNG/Houses_FirstAge_1_Level2.png,Ultimate Fantasy RTS - Aug 2022-20260825T020634Z-1-001,True,1024
False,151421,architecture,.png,1,True,1024,RGBA,Houses_FirstAge_1_Level3.png,Ultimate Fantasy RTS - Aug 2022-20260825T020634Z-1-001/Ultimate Fantasy RTS - Aug 2022/PNG/Houses_FirstAge_1_Level3.png,Ultimate Fantasy RTS - Aug 2022-20260825T020634Z-1-001,True,1024
False,197460,architecture,.png,1,True,1024,RGBA,Houses_FirstAge_2_Level1.png,Ultimate Fantasy RTS - Aug 2022-20260825T020634Z-1-001/Ultimate Fantasy RTS - Aug 2022/PNG/Houses_FirstAge_2_Level1.png,Ultimate Fantasy RTS - Aug 2022-20260825T020634Z-1-001,True,1024
False,261338,architecture,.png,1,True,1024,RGBA,Houses_FirstAge_2_Level2.png,Ultimate Fantasy RTS - Aug 2022-20260825T020634Z-1-001/Ultimate Fantasy RTS - Aug 2022/PNG/Houses_FirstAge_2_Level2.png,Ultimate Fantasy RTS - Aug 2022-20260825T020634Z-1-001,True,1024
False,242111,architecture,.png,1,True,1024,RGBA,Houses_FirstAge_2_Level3.png,Ultimate Fantasy RTS - Aug 2022-20260825T020634Z-1-001/Ultimate Fantasy RTS - Aug 2022/PNG/Houses_FirstAge_2_Level3.png,Ultimate Fantasy RTS - Aug 2022-20260825T020634Z-1-001,True,1024
False,84003,architecture,.png,1,True,1024,RGBA,Houses_FirstAge_3_Level1.png,Ultimate Fantasy RTS - Aug 2022-20260825T020634Z-1-001/Ultimate Fantasy RTS - Aug 2022/PNG/Houses_FirstAge_3_Level1.png,Ultimate Fantasy RTS - Aug 2022-20260825T020634Z-1-001,True,1024
False,168874,architecture,.png,1,True,1024,RGBA,Houses_FirstAge_3_Level2.png,Ultimate Fantasy RTS - Aug 2022-20260825T020634Z-1-001/Ultimate Fantasy RTS - Aug 2022/PNG/Houses_FirstAge_3_Level2.png,Ultimate Fantasy RTS - Aug 2022-20260825T020634Z-1-001,True,1024
False,200340,architecture,.png,1,True,1024,RGBA,Houses_FirstAge_3_Level3.png,Ultimate Fantasy RTS - Aug 2022-20260825T020634Z-1-001/Ultimate Fantasy RTS - Aug 2022/PNG/Houses_FirstAge_3_Level3.png,Ultimate Fantasy RTS - Aug 2022-20260825T020634Z-1-001,True,1024
False,158438,architecture,.png,1,True,1024,RGBA,Houses_SecondAge_1_Level1.png,Ultimate Fantasy RTS - Aug 2022-20260825T020634Z-1-001/Ultimate Fantasy RTS - Aug 2022/PNG/Houses_SecondAge_1_Level1.png,Ultimate Fantasy RTS - Aug 2022-20260825T020634Z-1-001,True,1024
False,207193,architecture,.png,1,True,1024,RGBA,Houses_SecondAge_1_Level2.png,Ultimate Fantasy RTS - Aug 2022-20260825T020634Z-1-001/Ultimate Fantasy RTS - Aug 2022/PNG/Houses_SecondAge_1_Level2.png,Ultimate Fantasy RTS - Aug 2022-20260825T020634Z-1-001,True,1024
False,231348,architecture,.png,1,True,1024,RGBA,Houses_SecondAge_1_Level3.png,Ultimate Fantasy RTS - Aug 2022-20260825T020634Z-1-001/Ultimate Fantasy RTS - Aug 2022/PNG/Houses_SecondAge_1_Level3.png,Ultimate Fantasy RTS - Aug 2022-20260825T020634Z-1-001,True,1024
False,155127,architecture,.png,1,True,1024,RGBA,Houses_SecondAge_2_Level1.png,Ultimate Fantasy RTS - Aug 2022-20260825T020634Z-1-001/Ultimate Fantasy RTS - Aug 2022/PNG/Houses_SecondAge_2_Level1.png,Ultimate Fantasy RTS - Aug 2022-20260825T020634Z-1-001,True,1024
False,293900,architecture,.png,1,True,1024,RGBA,Houses_SecondAge_2_Level2.png,Ultimate Fantasy RTS - Aug 2022-20260825T020634Z-1-001/Ultimate Fantasy RTS - Aug 2022/PNG/Houses_SecondAge_2_Level2.png,Ultimate Fantasy RTS - Aug 2022-20260825T020634Z-1-001,True,1024
False,399586,architecture,.png,1,True,1024,RGBA,Houses_SecondAge_2_Level3.png,Ultimate Fantasy RTS - Aug 2022-20260825T020634Z-1-001/Ultimate Fantasy RTS - Aug 2022/PNG/Houses_SecondAge_2_Level3.png,Ultimate Fantasy RTS - Aug 2022-20260825T020634Z-1-001,True,1024
False,142987,architecture,.png,1,True,1024,RGBA,Houses_SecondAge_3_Level1.png,Ultimate Fantasy RTS - Aug 2022-20260825T020634Z-1-001/Ultimate Fantasy RTS - Aug 2022/PNG/Houses_SecondAge_3_Level1.png,Ultimate Fantasy RTS - Aug 2022-20260825T020634Z-1-001,True,1024
False,308524,architecture,.png,1,True,1024,RGBA,Houses_SecondAge_3_Level2.png,Ultimate Fantasy RTS - Aug 2022-20260825T020634Z-1-001/Ultimate Fantasy RTS - Aug 2022/PNG/Houses_SecondAge_3_Level2.png,Ultimate Fantasy RTS - Aug 2022-20260825T020634Z-1-001,True,1024
False,407545,architecture,.png,1,True,1024,RGBA,Houses_SecondAge_3_Level3.png,Ultimate Fantasy RTS - Aug 2022-20260825T020634Z-1-001/Ultimate Fantasy RTS - Aug 2022/PNG/Houses_SecondAge_3_Level3.png,Ultimate Fantasy RTS - Aug 2022-20260825T020634Z-1-001,True,1024
False,145045,vegetation,.png,1,True,1024,RGBA,Logs.png,Ultimate Fantasy RTS - Aug 2022-20260825T020634Z-1-001/Ultimate Fantasy RTS - Aug 2022/PNG/Logs.png,Ultimate Fantasy RTS - Aug 2022-20260825T020634Z-1-001,True,1024
False,161886,uncategorized,.png,1,True,1024,RGBA,Market_FirstAge_Level1.png,Ultimate Fantasy RTS - Aug 2022-20260825T020634Z-1-001/Ultimate Fantasy RTS - Aug 2022/PNG/Market_FirstAge_Level1.png,Ultimate Fantasy RTS - Aug 2022-20260825T020634Z-1-001,True,1024
False,348115,uncategorized,.png,1,True,1024,RGBA,Market_FirstAge_Level2.png,Ultimate Fantasy RTS - Aug 2022-20260825T020634Z-1-001/Ultimate Fantasy RTS - Aug 2022/PNG/Market_FirstAge_Level2.png,Ultimate Fantasy RTS - Aug 2022-20260825T020634Z-1-001,True,1024
False,436026,uncategorized,.png,1,True,1024,RGBA,Market_FirstAge_Level3.png,Ultimate Fantasy RTS - Aug 2022-20260825T020634Z-1-001/Ultimate Fantasy RTS - Aug 2022/PNG/Market_FirstAge_Level3.png,Ultimate Fantasy RTS - Aug 2022-20260825T020634Z-1-001,True,1024
False,270551,uncategorized,.png,1,True,1024,RGBA,Market_SecondAge_Level1.png,Ultimate Fantasy RTS - Aug 2022-20260825T020634Z-1-001/Ultimate Fantasy RTS - Aug 2022/PNG/Market_SecondAge_Level1.png,Ultimate Fantasy RTS - Aug 2022-20260825T020634Z-1-001,True,1024
False,430465,uncategorized,.png,1,True,1024,RGBA,Market_SecondAge_Level2.png,Ultimate Fantasy RTS - Aug 2022-20260825T020634Z-1-001/Ultimate Fantasy RTS - Aug 2022/PNG/Market_SecondAge_Level2.png,Ultimate Fantasy RTS - Aug 2022-20260825T020634Z-1-001,True,1024
False,676458,uncategorized,.png,1,True,1024,RGBA,Market_SecondAge_Level3.png,Ultimate Fantasy RTS - Aug 2022-20260825T020634Z-1-001/Ultimate Fantasy RTS - Aug 2022/PNG/Market_SecondAge_Level3.png,Ultimate Fantasy RTS - Aug 2022-20260825T020634Z-1-001,True,1024
False,212657,uncategorized,.png,1,True,1024,RGBA,Mine.png,Ultimate Fantasy RTS - Aug 2022-20260825T020634Z-1-001/Ultimate Fantasy RTS - Aug 2022/PNG/Mine.png,Ultimate Fantasy RTS - Aug 2022-20260825T020634Z-1-001,True,1024
False,158665,terrain,.png,1,True,1024,RGBA,Mountain_Single.png,Ultimate Fantasy RTS - Aug 2022-20260825T020634Z-1-001/Ultimate Fantasy RTS - Aug 2022/PNG/Mountain_Single.png,Ultimate Fantasy RTS - Aug 2022-20260825T020634Z-1-001,True,1024
False,169868,terrain,.png,1,True,1024,RGBA,MountainLarge_Single.png,Ultimate Fantasy RTS - Aug 2022-20260825T020634Z-1-001/Ultimate Fantasy RTS - Aug 2022/PNG/MountainLarge_Single.png,Ultimate Fantasy RTS - Aug 2022-20260825T020634Z-1-001,True,1024
False,187537,uncategorized,.png,1,True,1024,RGBA,Port_FirstAge_Level1.png,Ultimate Fantasy RTS - Aug 2022-20260825T020634Z-1-001/Ultimate Fantasy RTS - Aug 2022/PNG/Port_FirstAge_Level1.png,Ultimate Fantasy RTS - Aug 2022-20260825T020634Z-1-001,True,1024
False,358604,uncategorized,.png,1,True,1024,RGBA,Port_FirstAge_Level2.png,Ultimate Fantasy RTS - Aug 2022-20260825T020634Z-1-001/Ultimate Fantasy RTS - Aug 2022/PNG/Port_FirstAge_Level2.png,Ultimate Fantasy RTS - Aug 2022-20260825T020634Z-1-001,True,1024
False,423651,uncategorized,.png,1,True,1024,RGBA,Port_FirstAge_Level3.png,Ultimate Fantasy RTS - Aug 2022-20260825T020634Z-1-001/Ultimate Fantasy RTS - Aug 2022/PNG/Port_FirstAge_Level3.png,Ultimate Fantasy RTS - Aug 2022-20260825T020634Z-1-001,True,1024
False,609733,uncategorized,.png,1,True,1024,RGBA,Port_SecondAge_Level1.png,Ultimate Fantasy RTS - Aug 2022-20260825T020634Z-1-001/Ultimate Fantasy RTS - Aug 2022/PNG/Port_SecondAge_Level1.png,Ultimate Fantasy RTS - Aug 2022-20260825T020634Z-1-001,True,1024
False,658330,uncategorized,.png,1,True,1024,RGBA,Port_SecondAge_Level2.png,Ultimate Fantasy RTS - Aug 2022-20260825T020634Z-1-001/Ultimate Fantasy RTS - Aug 2022/PNG/Port_SecondAge_Level2.png,Ultimate Fantasy RTS - Aug 2022-20260825T020634Z-1-001,True,1024
False,716061,uncategorized,.png,1,True,1024,RGBA,Port_SecondAge_Level3.png,Ultimate Fantasy RTS - Aug 2022-20260825T020634Z-1-001/Ultimate Fantasy RTS - Aug 2022/PNG/Port_SecondAge_Level3.png,Ultimate Fantasy RTS - Aug 2022-20260825T020634Z-1-001,True,1024
False,56739,uncategorized,.png,1,True,256,RGBA,Resource_Gold_1.png,Ultimate Fantasy RTS - Aug 2022-20260825T020634Z-1-001/Ultimate Fantasy RTS - Aug 2022/PNG/Resource_Gold_1.png,Ultimate Fantasy RTS - Aug 2022-20260825T020634Z-1-001,True,256
False,55148,uncategorized,.png,1,True,256,RGBA,Resource_Gold_2.png,Ultimate Fantasy RTS - Aug 2022-20260825T020634Z-1-001/Ultimate Fantasy RTS - Aug 2022/PNG/Resource_Gold_2.png,Ultimate Fantasy RTS - Aug 2022-20260825T020634Z-1-001,True,256
False,43918,uncategorized,.png,1,True,256,RGBA,Resource_Gold_3.png,Ultimate Fantasy RTS - Aug 2022-20260825T020634Z-1-001/Ultimate Fantasy RTS - Aug 2022/PNG/Resource_Gold_3.png,Ultimate Fantasy RTS - Aug 2022-20260825T020634Z-1-001,True,256
False,21373,vegetation,.png,1,True,256,RGBA,Resource_PineTree.png,Ultimate Fantasy RTS - Aug 2022-20260825T020634Z-1-001/Ultimate Fantasy RTS - Aug 2022/PNG/Resource_PineTree.png,Ultimate Fantasy RTS - Aug 2022-20260825T020634Z-1-001,True,256
False,15454,vegetation,.png,1,True,256,RGBA,Resource_PineTree_2.png,Ultimate Fantasy RTS - Aug 2022-20260825T020634Z-1-001/Ultimate Fantasy RTS - Aug 2022/PNG/Resource_PineTree_2.png,Ultimate Fantasy RTS - Aug 2022-20260825T020634Z-1-001,True,256
False,18710,vegetation,.png,1,True,256,RGBA,Resource_PineTree_3.png,Ultimate Fantasy RTS - Aug 2022-20260825T020634Z-1-001/Ultimate Fantasy RTS - Aug 2022/PNG/Resource_PineTree_3.png,Ultimate Fantasy RTS - Aug 2022-20260825T020634Z-1-001,True,256
False,21123,vegetation,.png,1,True,256,RGBA,Resource_PineTree_4.png,Ultimate Fantasy RTS - Aug 2022-20260825T020634Z-1-001/Ultimate Fantasy RTS - Aug 2022/PNG/Resource_PineTree_4.png,Ultimate Fantasy RTS - Aug 2022-20260825T020634Z-1-001,True,256
False,235462,vegetation,.png,1,True,1024,RGBA,Resource_PineTree_Group.png,Ultimate Fantasy RTS - Aug 2022-20260825T020634Z-1-001/Ultimate Fantasy RTS - Aug 2022/PNG/Resource_PineTree_Group.png,Ultimate Fantasy RTS - Aug 2022-20260825T020634Z-1-001,True,1024
False,162112,vegetation,.png,1,True,1024,RGBA,Resource_PineTree_Group_Cut.png,Ultimate Fantasy RTS - Aug 2022-20260825T020634Z-1-001/Ultimate Fantasy RTS - Aug 2022/PNG/Resource_PineTree_Group_Cut.png,Ultimate Fantasy RTS - Aug 2022-20260825T020634Z-1-001,True,1024
False,51328,terrain,.png,1,True,256,RGBA,Resource_Rock_1.png,Ultimate Fantasy RTS - Aug 2022-20260825T020634Z-1-001/Ultimate Fantasy RTS - Aug 2022/PNG/Resource_Rock_1.png,Ultimate Fantasy RTS - Aug 2022-20260825T020634Z-1-001,True,256
False,42250,terrain,.png,1,True,256,RGBA,Resource_Rock_2.png,Ultimate Fantasy RTS - Aug 2022-20260825T020634Z-1-001/Ultimate Fantasy RTS - Aug 2022/PNG/Resource_Rock_2.png,Ultimate Fantasy RTS - Aug 2022-20260825T020634Z-1-001,True,256
False,23820,terrain,.png,1,True,256,RGBA,Resource_Rock_3.png,Ultimate Fantasy RTS - Aug 2022-20260825T020634Z-1-001/Ultimate Fantasy RTS - Aug 2022/PNG/Resource_Rock_3.png,Ultimate Fantasy RTS - Aug 2022-20260825T020634Z-1-001,True,256
False,33035,vegetation,.png,1,True,256,RGBA,Resource_Tree1.png,Ultimate Fantasy RTS - Aug 2022-20260825T020634Z-1-001/Ultimate Fantasy RTS - Aug 2022/PNG/Resource_Tree1.png,Ultimate Fantasy RTS - Aug 2022-20260825T020634Z-1-001,True,256
False,31225,vegetation,.png,1,True,256,RGBA,Resource_Tree2.png,Ultimate Fantasy RTS - Aug 2022-20260825T020634Z-1-001/Ultimate Fantasy RTS - Aug 2022/PNG/Resource_Tree2.png,Ultimate Fantasy RTS - Aug 2022-20260825T020634Z-1-001,True,256
False,30453,vegetation,.png,1,True,256,RGBA,Resource_Tree3.png,Ultimate Fantasy RTS - Aug 2022-20260825T020634Z-1-001/Ultimate Fantasy RTS - Aug 2022/PNG/Resource_Tree3.png,Ultimate Fantasy RTS - Aug 2022-20260825T020634Z-1-001,True,256
False,297329,vegetation,.png,1,True,1024,RGBA,Resource_Tree_Group.png,Ultimate Fantasy RTS - Aug 2022-20260825T020634Z-1-001/Ultimate Fantasy RTS - Aug 2022/PNG/Resource_Tree_Group.png,Ultimate Fantasy RTS - Aug 2022-20260825T020634Z-1-001,True,1024
False,100550,vegetation,.png,1,True,1024,RGBA,Resource_Tree_Group_Cut.png,Ultimate Fantasy RTS - Aug 2022-20260825T020634Z-1-001/Ultimate Fantasy RTS - Aug 2022/PNG/Resource_Tree_Group_Cut.png,Ultimate Fantasy RTS - Aug 2022-20260825T020634Z-1-001,True,1024
False,10271,terrain,.png,1,True,256,RGBA,Rock.png,Ultimate Fantasy RTS - Aug 2022-20260825T020634Z-1-001/Ultimate Fantasy RTS - Aug 2022/PNG/Rock.png,Ultimate Fantasy RTS - Aug 2022-20260825T020634Z-1-001,True,256
False,35258,terrain,.png,1,True,1024,RGBA,Rock_Group.png,Ultimate Fantasy RTS - Aug 2022-20260825T020634Z-1-001/Ultimate Fantasy RTS - Aug 2022/PNG/Rock_Group.png,Ultimate Fantasy RTS - Aug 2022-20260825T020634Z-1-001,True,1024
False,266400,uncategorized,.png,1,True,1024,RGBA,Storage_FirstAge_Level1.png,Ultimate Fantasy RTS - Aug 2022-20260825T020634Z-1-001/Ultimate Fantasy RTS - Aug 2022/PNG/Storage_FirstAge_Level1.png,Ultimate Fantasy RTS - Aug 2022-20260825T020634Z-1-001,True,1024
False,290439,uncategorized,.png,1,True,1024,RGBA,Storage_FirstAge_Level2.png,Ultimate Fantasy RTS - Aug 2022-20260825T020634Z-1-001/Ultimate Fantasy RTS - Aug 2022/PNG/Storage_FirstAge_Level2.png,Ultimate Fantasy RTS - Aug 2022-20260825T020634Z-1-001,True,1024
False,351303,uncategorized,.png,1,True,1024,RGBA,Storage_FirstAge_Level3.png,Ultimate Fantasy RTS - Aug 2022-20260825T020634Z-1-001/Ultimate Fantasy RTS - Aug 2022/PNG/Storage_FirstAge_Level3.png,Ultimate Fantasy RTS - Aug 2022-20260825T020634Z-1-001,True,1024
False,285218,uncategorized,.png,1,True,1024,RGBA,Storage_SecondAge_Level1.png,Ultimate Fantasy RTS - Aug 2022-20260825T020634Z-1-001/Ultimate Fantasy RTS - Aug 2022/PNG/Storage_SecondAge_Level1.png,Ultimate Fantasy RTS - Aug 2022-20260825T020634Z-1-001,True,1024
False,343800,uncategorized,.png,1,True,1024,RGBA,Storage_SecondAge_Level2.png,Ultimate Fantasy RTS - Aug 2022-20260825T020634Z-1-001/Ultimate Fantasy RTS - Aug 2022/PNG/Storage_SecondAge_Level2.png,Ultimate Fantasy RTS - Aug 2022-20260825T020634Z-1-001,True,1024
False,480997,uncategorized,.png,1,True,1024,RGBA,Storage_SecondAge_Level3.png,Ultimate Fantasy RTS - Aug 2022-20260825T020634Z-1-001/Ultimate Fantasy RTS - Aug 2022/PNG/Storage_SecondAge_Level3.png,Ultimate Fantasy RTS - Aug 2022-20260825T020634Z-1-001,True,1024
False,307588,uncategorized,.png,1,True,1024,RGBA,Temple_FirstAge_Level1.png,Ultimate Fantasy RTS - Aug 2022-20260825T020634Z-1-001/Ultimate Fantasy RTS - Aug 2022/PNG/Temple_FirstAge_Level1.png,Ultimate Fantasy RTS - Aug 2022-20260825T020634Z-1-001,True,1024
False,364197,uncategorized,.png,1,True,1024,RGBA,Temple_FirstAge_Level2.png,Ultimate Fantasy RTS - Aug 2022-20260825T020634Z-1-001/Ultimate Fantasy RTS - Aug 2022/PNG/Temple_FirstAge_Level2.png,Ultimate Fantasy RTS - Aug 2022-20260825T020634Z-1-001,True,1024
False,397986,uncategorized,.png,1,True,1024,RGBA,Temple_FirstAge_Level3.png,Ultimate Fantasy RTS - Aug 2022-20260825T020634Z-1-001/Ultimate Fantasy RTS - Aug 2022/PNG/Temple_FirstAge_Level3.png,Ultimate Fantasy RTS - Aug 2022-20260825T020634Z-1-001,True,1024
False,286318,uncategorized,.png,1,True,1024,RGBA,Temple_SecondAge_Level1.png,Ultimate Fantasy RTS - Aug 2022-20260825T020634Z-1-001/Ultimate Fantasy RTS - Aug 2022/PNG/Temple_SecondAge_Level1.png,Ultimate Fantasy RTS - Aug 2022-20260825T020634Z-1-001,True,1024
False,415117,uncategorized,.png,1,True,1024,RGBA,Temple_SecondAge_Level2.png,Ultimate Fantasy RTS - Aug 2022-20260825T020634Z-1-001/Ultimate Fantasy RTS - Aug 2022/PNG/Temple_SecondAge_Level2.png,Ultimate Fantasy RTS - Aug 2022-20260825T020634Z-1-001,True,1024
False,593298,uncategorized,.png,1,True,1024,RGBA,Temple_SecondAge_Level3.png,Ultimate Fantasy RTS - Aug 2022-20260825T020634Z-1-001/Ultimate Fantasy RTS - Aug 2022/PNG/Temple_SecondAge_Level3.png,Ultimate Fantasy RTS - Aug 2022-20260825T020634Z-1-001,True,1024
False,318014,architecture,.png,1,True,1024,RGBA,TowerHouse_FirstAge.png,Ultimate Fantasy RTS - Aug 2022-20260825T020634Z-1-001/Ultimate Fantasy RTS - Aug 2022/PNG/TowerHouse_FirstAge.png,Ultimate Fantasy RTS - Aug 2022-20260825T020634Z-1-001,True,1024
False,367614,architecture,.png,1,True,1024,RGBA,TowerHouse_SecondAge.png,Ultimate Fantasy RTS - Aug 2022-20260825T020634Z-1-001/Ultimate Fantasy RTS - Aug 2022/PNG/TowerHouse_SecondAge.png,Ultimate Fantasy RTS - Aug 2022-20260825T020634Z-1-001,True,1024
False,134058,uncategorized,.png,1,True,1024,RGBA,TownCenter_FirstAge_Level1.png,Ultimate Fantasy RTS - Aug 2022-20260825T020634Z-1-001/Ultimate Fantasy RTS - Aug 2022/PNG/TownCenter_FirstAge_Level1.png,Ultimate Fantasy RTS - Aug 2022-20260825T020634Z-1-001,True,1024
False,180510,uncategorized,.png,1,True,1024,RGBA,TownCenter_FirstAge_Level2.png,Ultimate Fantasy RTS - Aug 2022-20260825T020634Z-1-001/Ultimate Fantasy RTS - Aug 2022/PNG/TownCenter_FirstAge_Level2.png,Ultimate Fantasy RTS - Aug 2022-20260825T020634Z-1-001,True,1024
False,266050,uncategorized,.png,1,True,1024,RGBA,TownCenter_FirstAge_Level3.png,Ultimate Fantasy RTS - Aug 2022-20260825T020634Z-1-001/Ultimate Fantasy RTS - Aug 2022/PNG/TownCenter_FirstAge_Level3.png,Ultimate Fantasy RTS - Aug 2022-20260825T020634Z-1-001,True,1024
False,370730,uncategorized,.png,1,True,1024,RGBA,TownCenter_SecondAge_Level1.png,Ultimate Fantasy RTS - Aug 2022-20260825T020634Z-1-001/Ultimate Fantasy RTS - Aug 2022/PNG/TownCenter_SecondAge_Level1.png,Ultimate Fantasy RTS - Aug 2022-20260825T020634Z-1-001,True,1024
False,438672,uncategorized,.png,1,True,1024,RGBA,TownCenter_SecondAge_Level2.png,Ultimate Fantasy RTS - Aug 2022-20260825T020634Z-1-001/Ultimate Fantasy RTS - Aug 2022/PNG/TownCenter_SecondAge_Level2.png,Ultimate Fantasy RTS - Aug 2022-20260825T020634Z-1-001,True,1024
False,473890,uncategorized,.png,1,True,1024,RGBA,TownCenter_SecondAge_Level3.png,Ultimate Fantasy RTS - Aug 2022-20260825T020634Z-1-001/Ultimate Fantasy RTS - Aug 2022/PNG/TownCenter_SecondAge_Level3.png,Ultimate Fantasy RTS - Aug 2022-20260825T020634Z-1-001,True,1024
False,88777,architecture,.png,1,True,1024,RGBA,Wall_FirstAge.png,Ultimate Fantasy RTS - Aug 2022-20260825T020634Z-1-001/Ultimate Fantasy RTS - Aug 2022/PNG/Wall_FirstAge.png,Ultimate Fantasy RTS - Aug 2022-20260825T020634Z-1-001,True,1024
False,90961,architecture,.png,1,True,1024,RGBA,Wall_FirstAge_B.png,Ultimate Fantasy RTS - Aug 2022-20260825T020634Z-1-001/Ultimate Fantasy RTS - Aug 2022/PNG/Wall_FirstAge_B.png,Ultimate Fantasy RTS - Aug 2022-20260825T020634Z-1-001,True,1024
False,110605,architecture,.png,1,True,1024,RGBA,Wall_SecondAge.png,Ultimate Fantasy RTS - Aug 2022-20260825T020634Z-1-001/Ultimate Fantasy RTS - Aug 2022/PNG/Wall_SecondAge.png,Ultimate Fantasy RTS - Aug 2022-20260825T020634Z-1-001,True,1024
False,119316,architecture,.png,1,True,1024,RGBA,Wall_SecondAge_B.png,Ultimate Fantasy RTS - Aug 2022-20260825T020634Z-1-001/Ultimate Fantasy RTS - Aug 2022/PNG/Wall_SecondAge_B.png,Ultimate Fantasy RTS - Aug 2022-20260825T020634Z-1-001,True,1024
False,163253,architecture,.png,1,True,1024,RGBA,WallTowers_Door_FirstAge.png,Ultimate Fantasy RTS - Aug 2022-20260825T020634Z-1-001/Ultimate Fantasy RTS - Aug 2022/PNG/WallTowers_Door_FirstAge.png,Ultimate Fantasy RTS - Aug 2022-20260825T020634Z-1-001,True,1024
False,163900,architecture,.png,1,True,1024,RGBA,WallTowers_Door_FirstAge_B.png,Ultimate Fantasy RTS - Aug 2022-20260825T020634Z-1-001/Ultimate Fantasy RTS - Aug 2022/PNG/WallTowers_Door_FirstAge_B.png,Ultimate Fantasy RTS - Aug 2022-20260825T020634Z-1-001,True,1024
False,200794,architecture,.png,1,True,1024,RGBA,WallTowers_Door_SecondAge.png,Ultimate Fantasy RTS - Aug 2022-20260825T020634Z-1-001/Ultimate Fantasy RTS - Aug 2022/PNG/WallTowers_Door_SecondAge.png,Ultimate Fantasy RTS - Aug 2022-20260825T020634Z-1-001,True,1024
False,201732,architecture,.png,1,True,1024,RGBA,WallTowers_Door_SecondAge_B.png,Ultimate Fantasy RTS - Aug 2022-20260825T020634Z-1-001/Ultimate Fantasy RTS - Aug 2022/PNG/WallTowers_Door_SecondAge_B.png,Ultimate Fantasy RTS - Aug 2022-20260825T020634Z-1-001,True,1024
False,167941,architecture,.png,1,True,1024,RGBA,WallTowers_DoorClosed_FirstAge.png,Ultimate Fantasy RTS - Aug 2022-20260825T020634Z-1-001/Ultimate Fantasy RTS - Aug 2022/PNG/WallTowers_DoorClosed_FirstAge.png,Ultimate Fantasy RTS - Aug 2022-20260825T020634Z-1-001,True,1024
False,168335,architecture,.png,1,True,1024,RGBA,WallTowers_DoorClosed_FirstAge_B.png,Ultimate Fantasy RTS - Aug 2022-20260825T020634Z-1-001/Ultimate Fantasy RTS - Aug 2022/PNG/WallTowers_DoorClosed_FirstAge_B.png,Ultimate Fantasy RTS - Aug 2022-20260825T020634Z-1-001,True,1024
False,205006,architecture,.png,1,True,1024,RGBA,WallTowers_DoorClosed_SecondAge.png,Ultimate Fantasy RTS - Aug 2022-20260825T020634Z-1-001/Ultimate Fantasy RTS - Aug 2022/PNG/WallTowers_DoorClosed_SecondAge.png,Ultimate Fantasy RTS - Aug 2022-20260825T020634Z-1-001,True,1024
False,205410,architecture,.png,1,True,1024,RGBA,WallTowers_DoorClosed_SecondAge_B.png,Ultimate Fantasy RTS - Aug 2022-20260825T020634Z-1-001/Ultimate Fantasy RTS - Aug 2022/PNG/WallTowers_DoorClosed_SecondAge_B.png,Ultimate Fantasy RTS - Aug 2022-20260825T020634Z-1-001,True,1024
False,165764,architecture,.png,1,True,1024,RGBA,WallTowers_FirstAge.png,Ultimate Fantasy RTS - Aug 2022-20260825T020634Z-1-001/Ultimate Fantasy RTS - Aug 2022/PNG/WallTowers_FirstAge.png,Ultimate Fantasy RTS - Aug 2022-20260825T020634Z-1-001,True,1024
False,166743,architecture,.png,1,True,1024,RGBA,WallTowers_FirstAge_B.png,Ultimate Fantasy RTS - Aug 2022-20260825T020634Z-1-001/Ultimate Fantasy RTS - Aug 2022/PNG/WallTowers_FirstAge_B.png,Ultimate Fantasy RTS - Aug 2022-20260825T020634Z-1-001,True,1024
False,193368,architecture,.png,1,True,1024,RGBA,WallTowers_SecondAge.png,Ultimate Fantasy RTS - Aug 2022-20260825T020634Z-1-001/Ultimate Fantasy RTS - Aug 2022/PNG/WallTowers_SecondAge.png,Ultimate Fantasy RTS - Aug 2022-20260825T020634Z-1-001,True,1024
False,197247,architecture,.png,1,True,1024,RGBA,WallTowers_SecondAge_B.png,Ultimate Fantasy RTS - Aug 2022-20260825T020634Z-1-001/Ultimate Fantasy RTS - Aug 2022/PNG/WallTowers_SecondAge_B.png,Ultimate Fantasy RTS - Aug 2022-20260825T020634Z-1-001,True,1024
False,100797,architecture,.png,1,True,1024,RGBA,WatchTower_FirstAge_Level1.png,Ultimate Fantasy RTS - Aug 2022-20260825T020634Z-1-001/Ultimate Fantasy RTS - Aug 2022/PNG/WatchTower_FirstAge_Level1.png,Ultimate Fantasy RTS - Aug 2022-20260825T020634Z-1-001,True,1024
False,133798,architecture,.png,1,True,1024,RGBA,WatchTower_FirstAge_Level2.png,Ultimate Fantasy RTS - Aug 2022-20260825T020634Z-1-001/Ultimate Fantasy RTS - Aug 2022/PNG/WatchTower_FirstAge_Level2.png,Ultimate Fantasy RTS - Aug 2022-20260825T020634Z-1-001,True,1024
False,213594,architecture,.png,1,True,1024,RGBA,WatchTower_FirstAge_Level3.png,Ultimate Fantasy RTS - Aug 2022-20260825T020634Z-1-001/Ultimate Fantasy RTS - Aug 2022/PNG/WatchTower_FirstAge_Level3.png,Ultimate Fantasy RTS - Aug 2022-20260825T020634Z-1-001,True,1024
False,145946,architecture,.png,1,True,1024,RGBA,WatchTower_SecondAge_Level1.png,Ultimate Fantasy RTS - Aug 2022-20260825T020634Z-1-001/Ultimate Fantasy RTS - Aug 2022/PNG/WatchTower_SecondAge_Level1.png,Ultimate Fantasy RTS - Aug 2022-20260825T020634Z-1-001,True,1024
False,164146,architecture,.png,1,True,1024,RGBA,WatchTower_SecondAge_Level2.png,Ultimate Fantasy RTS - Aug 2022-20260825T020634Z-1-001/Ultimate Fantasy RTS - Aug 2022/PNG/WatchTower_SecondAge_Level2.png,Ultimate Fantasy RTS - Aug 2022-20260825T020634Z-1-001,True,1024
False,216564,architecture,.png,1,True,1024,RGBA,WatchTower_SecondAge_Level3.png,Ultimate Fantasy RTS - Aug 2022-20260825T020634Z-1-001/Ultimate Fantasy RTS - Aug 2022/PNG/WatchTower_SecondAge_Level3.png,Ultimate Fantasy RTS - Aug 2022-20260825T020634Z-1-001,True,1024
False,223927,uncategorized,.png,1,True,1024,RGBA,Windmill_FirstAge.png,Ultimate Fantasy RTS - Aug 2022-20260825T020634Z-1-001/Ultimate Fantasy RTS - Aug 2022/PNG/Windmill_FirstAge.png,Ultimate Fantasy RTS - Aug 2022-20260825T020634Z-1-001,True,1024
False,204473,uncategorized,.png,1,True,1024,RGBA,Windmill_SecondAge.png,Ultimate Fantasy RTS - Aug 2022-20260825T020634Z-1-001/Ultimate Fantasy RTS - Aug 2022/PNG/Windmill_SecondAge.png,Ultimate Fantasy RTS - Aug 2022-20260825T020634Z-1-001,True,1024
False,307746,uncategorized,.png,1,True,1024,RGBA,Wonder_FirstAge_Level1.png,Ultimate Fantasy RTS - Aug 2022-20260825T020634Z-1-001/Ultimate Fantasy RTS - Aug 2022/PNG/Wonder_FirstAge_Level1.png,Ultimate Fantasy RTS - Aug 2022-20260825T020634Z-1-001,True,1024
False,697103,uncategorized,.png,1,True,1024,RGBA,Wonder_FirstAge_Level2.png,Ultimate Fantasy RTS - Aug 2022-20260825T020634Z-1-001/Ultimate Fantasy RTS - Aug 2022/PNG/Wonder_FirstAge_Level2.png,Ultimate Fantasy RTS - Aug 2022-20260825T020634Z-1-001,True,1024
False,690802,uncategorized,.png,1,True,1024,RGBA,Wonder_FirstAge_Level3.png,Ultimate Fantasy RTS - Aug 2022-20260825T020634Z-1-001/Ultimate Fantasy RTS - Aug 2022/PNG/Wonder_FirstAge_Level3.png,Ultimate Fantasy RTS - Aug 2022-20260825T020634Z-1-001,True,1024
False,267250,uncategorized,.png,1,True,1024,RGBA,Wonder_SecondAge_Level1.png,Ultimate Fantasy RTS - Aug 2022-20260825T020634Z-1-001/Ultimate Fantasy RTS - Aug 2022/PNG/Wonder_SecondAge_Level1.png,Ultimate Fantasy RTS - Aug 2022-20260825T020634Z-1-001,True,1024
False,736340,uncategorized,.png,1,True,1024,RGBA,Wonder_SecondAge_Level2.png,Ultimate Fantasy RTS - Aug 2022-20260825T020634Z-1-001/Ultimate Fantasy RTS - Aug 2022/PNG/Wonder_SecondAge_Level2.png,Ultimate Fantasy RTS - Aug 2022-20260825T020634Z-1-001,True,1024
False,774212,uncategorized,.png,1,True,1024,RGBA,Wonder_SecondAge_Level3.png,Ultimate Fantasy RTS - Aug 2022-20260825T020634Z-1-001/Ultimate Fantasy RTS - Aug 2022/PNG/Wonder_SecondAge_Level3.png,Ultimate Fantasy RTS - Aug 2022-20260825T020634Z-1-001,True,1024
False,476355,architecture,.png,1,True,1024,RGBA,WonderWalls_FirstAge.png,Ultimate Fantasy RTS - Aug 2022-20260825T020634Z-1-001/Ultimate Fantasy RTS - Aug 2022/PNG/WonderWalls_FirstAge.png,Ultimate Fantasy RTS - Aug 2022-20260825T020634Z-1-001,True,1024
False,616006,architecture,.png,1,True,1024,RGBA,WonderWalls_SecondAge.png,Ultimate Fantasy RTS - Aug 2022-20260825T020634Z-1-001/Ultimate Fantasy RTS - Aug 2022/PNG/WonderWalls_SecondAge.png,Ultimate Fantasy RTS - Aug 2022-20260825T020634Z-1-001,True,1024
False,560664,uncategorized,.jpg,1,False,1080,RGB,Preview.jpg,Ultimate Fantasy RTS - Aug 2022-20260825T020634Z-1-001/Ultimate Fantasy RTS - Aug 2022/Preview.jpg,Ultimate Fantasy RTS - Aug 2022-20260825T020634Z-1-001,False,1920
False,9007,uncategorized,.png,1,False,1024,RGB,Atlas_Monsters.png,Ultimate Monsters-20260825T021509Z-1-001/Ultimate Monsters/Atlas_Monsters.png,Ultimate Monsters-20260825T021509Z-1-001,False,1024
,3153760,uncategorized,.blend,,,,,Alien.blend,Ultimate Monsters-20260825T021509Z-1-001/Ultimate Monsters/Big/Blends/Alien.blend,Ultimate Monsters-20260825T021509Z-1-001,,
False,9007,uncategorized,.png,1,False,1024,RGB,Atlas_Monsters.png,Ultimate Monsters-20260825T021509Z-1-001/Ultimate Monsters/Big/Blends/Atlas_Monsters.png,Ultimate Monsters-20260825T021509Z-1-001,False,1024
,2924152,uncategorized,.blend,,,,,Birb.blend,Ultimate Monsters-20260825T021509Z-1-001/Ultimate Monsters/Big/Blends/Birb.blend,Ultimate Monsters-20260825T021509Z-1-001,,
,2904788,uncategorized,.blend,,,,,BlueDemon.blend,Ultimate Monsters-20260825T021509Z-1-001/Ultimate Monsters/Big/Blends/BlueDemon.blend,Ultimate Monsters-20260825T021509Z-1-001,,
,3453204,uncategorized,.blend,,,,,Bunny.blend,Ultimate Monsters-20260825T021509Z-1-001/Ultimate Monsters/Big/Blends/Bunny.blend,Ultimate Monsters-20260825T021509Z-1-001,,
,2971588,uncategorized,.blend,,,,,Cactoro.blend,Ultimate Monsters-20260825T021509Z-1-001/Ultimate Monsters/Big/Blends/Cactoro.blend,Ultimate Monsters-20260825T021509Z-1-001,,
,2985780,uncategorized,.blend,,,,,Demon.blend,Ultimate Monsters-20260825T021509Z-1-001/Ultimate Monsters/Big/Blends/Demon.blend,Ultimate Monsters-20260825T021509Z-1-001,,
,2885260,uncategorized,.blend,,,,,Dino.blend,Ultimate Monsters-20260825T021509Z-1-001/Ultimate Monsters/Big/Blends/Dino.blend,Ultimate Monsters-20260825T021509Z-1-001,,
,3027476,water,.blend,,,,,Fish.blend,Ultimate Monsters-20260825T021509Z-1-001/Ultimate Monsters/Big/Blends/Fish.blend,Ultimate Monsters-20260825T021509Z-1-001,,
,2845248,animals,.blend,,,,,Frog.blend,Ultimate Monsters-20260825T021509Z-1-001/Ultimate Monsters/Big/Blends/Frog.blend,Ultimate Monsters-20260825T021509Z-1-001,,
,2921384,uncategorized,.blend,,,,,Monkroose.blend,Ultimate Monsters-20260825T021509Z-1-001/Ultimate Monsters/Big/Blends/Monkroose.blend,Ultimate Monsters-20260825T021509Z-1-001,,
,2938552,vegetation,.blend,,,,,MushroomKing.blend,Ultimate Monsters-20260825T021509Z-1-001/Ultimate Monsters/Big/Blends/MushroomKing.blend,Ultimate Monsters-20260825T021509Z-1-001,,
,2896616,uncategorized,.blend,,,,,Ninja.blend,Ultimate Monsters-20260825T021509Z-1-001/Ultimate Monsters/Big/Blends/Ninja.blend,Ultimate Monsters-20260825T021509Z-1-001,,
,3046180,uncategorized,.blend,,,,,Orc.blend,Ultimate Monsters-20260825T021509Z-1-001/Ultimate Monsters/Big/Blends/Orc.blend,Ultimate Monsters-20260825T021509Z-1-001,,
,3054544,uncategorized,.blend,,,,,Orc_Skull.blend,Ultimate Monsters-20260825T021509Z-1-001/Ultimate Monsters/Big/Blends/Orc_Skull.blend,Ultimate Monsters-20260825T021509Z-1-001,,
,2988104,uncategorized,.blend,,,,,Tribal.blend,Ultimate Monsters-20260825T021509Z-1-001/Ultimate Monsters/Big/Blends/Tribal.blend,Ultimate Monsters-20260825T021509Z-1-001,,
,2954612,uncategorized,.blend,,,,,Yeti.blend,Ultimate Monsters-20260825T021509Z-1-001/Ultimate Monsters/Big/Blends/Yeti.blend,Ultimate Monsters-20260825T021509Z-1-001,,
,3455452,uncategorized,.fbx,,,,,Alien.fbx,Ultimate Monsters-20260825T021509Z-1-001/Ultimate Monsters/Big/FBX/Alien.fbx,Ultimate Monsters-20260825T021509Z-1-001,,
,3385468,uncategorized,.fbx,,,,,Birb.fbx,Ultimate Monsters-20260825T021509Z-1-001/Ultimate Monsters/Big/FBX/Birb.fbx,Ultimate Monsters-20260825T021509Z-1-001,,
,3387292,uncategorized,.fbx,,,,,BlueDemon.fbx,Ultimate Monsters-20260825T021509Z-1-001/Ultimate Monsters/Big/FBX/BlueDemon.fbx,Ultimate Monsters-20260825T021509Z-1-001,,
,3948268,uncategorized,.fbx,,,,,Bunny.fbx,Ultimate Monsters-20260825T021509Z-1-001/Ultimate Monsters/Big/FBX/Bunny.fbx,Ultimate Monsters-20260825T021509Z-1-001,,
,3403340,uncategorized,.fbx,,,,,Cactoro.fbx,Ultimate Monsters-20260825T021509Z-1-001/Ultimate Monsters/Big/FBX/Cactoro.fbx,Ultimate Monsters-20260825T021509Z-1-001,,
,3463660,uncategorized,.fbx,,,,,Demon.fbx,Ultimate Monsters-20260825T021509Z-1-001/Ultimate Monsters/Big/FBX/Demon.fbx,Ultimate Monsters-20260825T021509Z-1-001,,
,3377324,uncategorized,.fbx,,,,,Dino.fbx,Ultimate Monsters-20260825T021509Z-1-001/Ultimate Monsters/Big/FBX/Dino.fbx,Ultimate Monsters-20260825T021509Z-1-001,,
,3429836,water,.fbx,,,,,Fish.fbx,Ultimate Monsters-20260825T021509Z-1-001/Ultimate Monsters/Big/FBX/Fish.fbx,Ultimate Monsters-20260825T021509Z-1-001,,
,3357884,animals,.fbx,,,,,Frog.fbx,Ultimate Monsters-20260825T021509Z-1-001/Ultimate Monsters/Big/FBX/Frog.fbx,Ultimate Monsters-20260825T021509Z-1-001,,
,3392620,uncategorized,.fbx,,,,,Monkroose.fbx,Ultimate Monsters-20260825T021509Z-1-001/Ultimate Monsters/Big/FBX/Monkroose.fbx,Ultimate Monsters-20260825T021509Z-1-001,,
,3432236,vegetation,.fbx,,,,,MushroomKing.fbx,Ultimate Monsters-20260825T021509Z-1-001/Ultimate Monsters/Big/FBX/MushroomKing.fbx,Ultimate Monsters-20260825T021509Z-1-001,,
,3395644,uncategorized,.fbx,,,,,Ninja.fbx,Ultimate Monsters-20260825T021509Z-1-001/Ultimate Monsters/Big/FBX/Ninja.fbx,Ultimate Monsters-20260825T021509Z-1-001,,
,3476844,uncategorized,.fbx,,,,,Orc.fbx,Ultimate Monsters-20260825T021509Z-1-001/Ultimate Monsters/Big/FBX/Orc.fbx,Ultimate Monsters-20260825T021509Z-1-001,,
,3479020,uncategorized,.fbx,,,,,Orc_Skull.fbx,Ultimate Monsters-20260825T021509Z-1-001/Ultimate Monsters/Big/FBX/Orc_Skull.fbx,Ultimate Monsters-20260825T021509Z-1-001,,
,3405756,uncategorized,.fbx,,,,,Tribal.fbx,Ultimate Monsters-20260825T021509Z-1-001/Ultimate Monsters/Big/FBX/Tribal.fbx,Ultimate Monsters-20260825T021509Z-1-001,,
,3390716,uncategorized,.fbx,,,,,Yeti.fbx,Ultimate Monsters-20260825T021509Z-1-001/Ultimate Monsters/Big/FBX/Yeti.fbx,Ultimate Monsters-20260825T021509Z-1-001,,
,1295881,uncategorized,.gltf,,,,,Alien.gltf,Ultimate Monsters-20260825T021509Z-1-001/Ultimate Monsters/Big/glTF/Alien.gltf,Ultimate Monsters-20260825T021509Z-1-001,,
False,9007,uncategorized,.png,1,False,1024,RGB,Atlas_Monsters.png,Ultimate Monsters-20260825T021509Z-1-001/Ultimate Monsters/Big/glTF/Atlas_Monsters.png,Ultimate Monsters-20260825T021509Z-1-001,False,1024
,1223075,uncategorized,.gltf,,,,,Birb.gltf,Ultimate Monsters-20260825T021509Z-1-001/Ultimate Monsters/Big/glTF/Birb.gltf,Ultimate Monsters-20260825T021509Z-1-001,,
,1190068,uncategorized,.gltf,,,,,BlueDemon.gltf,Ultimate Monsters-20260825T021509Z-1-001/Ultimate Monsters/Big/glTF/BlueDemon.gltf,Ultimate Monsters-20260825T021509Z-1-001,,
,1452855,uncategorized,.gltf,,,,,Bunny.gltf,Ultimate Monsters-20260825T021509Z-1-001/Ultimate Monsters/Big/glTF/Bunny.gltf,Ultimate Monsters-20260825T021509Z-1-001,,
,1261358,uncategorized,.gltf,,,,,Cactoro.gltf,Ultimate Monsters-20260825T021509Z-1-001/Ultimate Monsters/Big/glTF/Cactoro.gltf,Ultimate Monsters-20260825T021509Z-1-001,,
,1264925,uncategorized,.gltf,,,,,Demon.gltf,Ultimate Monsters-20260825T021509Z-1-001/Ultimate Monsters/Big/glTF/Demon.gltf,Ultimate Monsters-20260825T021509Z-1-001,,
,1211215,uncategorized,.gltf,,,,,Dino.gltf,Ultimate Monsters-20260825T021509Z-1-001/Ultimate Monsters/Big/glTF/Dino.gltf,Ultimate Monsters-20260825T021509Z-1-001,,
,1261440,water,.gltf,,,,,Fish.gltf,Ultimate Monsters-20260825T021509Z-1-001/Ultimate Monsters/Big/glTF/Fish.gltf,Ultimate Monsters-20260825T021509Z-1-001,,
,1173679,animals,.gltf,,,,,Frog.gltf,Ultimate Monsters-20260825T021509Z-1-001/Ultimate Monsters/Big/glTF/Frog.gltf,Ultimate Monsters-20260825T021509Z-1-001,,
,1230779,uncategorized,.gltf,,,,,Monkroose.gltf,Ultimate Monsters-20260825T021509Z-1-001/Ultimate Monsters/Big/glTF/Monkroose.gltf,Ultimate Monsters-20260825T021509Z-1-001,,
,1219690,vegetation,.gltf,,,,,MushroomKing.gltf,Ultimate Monsters-20260825T021509Z-1-001/Ultimate Monsters/Big/glTF/MushroomKing.gltf,Ultimate Monsters-20260825T021509Z-1-001,,
,1226528,uncategorized,.gltf,,,,,Ninja.gltf,Ultimate Monsters-20260825T021509Z-1-001/Ultimate Monsters/Big/glTF/Ninja.gltf,Ultimate Monsters-20260825T021509Z-1-001,,
,1280189,uncategorized,.gltf,,,,,Orc.gltf,Ultimate Monsters-20260825T021509Z-1-001/Ultimate Monsters/Big/glTF/Orc.gltf,Ultimate Monsters-20260825T021509Z-1-001,,
,1286559,uncategorized,.gltf,,,,,Orc_Skull.gltf,Ultimate Monsters-20260825T021509Z-1-001/Ultimate Monsters/Big/glTF/Orc_Skull.gltf,Ultimate Monsters-20260825T021509Z-1-001,,
,1327295,uncategorized,.gltf,,,,,Tribal.gltf,Ultimate Monsters-20260825T021509Z-1-001/Ultimate Monsters/Big/glTF/Tribal.gltf,Ultimate Monsters-20260825T021509Z-1-001,,
,1227684,uncategorized,.gltf,,,,,Yeti.gltf,Ultimate Monsters-20260825T021509Z-1-001/Ultimate Monsters/Big/glTF/Yeti.gltf,Ultimate Monsters-20260825T021509Z-1-001,,
,257,uncategorized,.mtl,,,,,Alien.mtl,Ultimate Monsters-20260825T021509Z-1-001/Ultimate Monsters/Big/OBJ/Alien.mtl,Ultimate Monsters-20260825T021509Z-1-001,,
,531406,uncategorized,.obj,,,,,Alien.obj,Ultimate Monsters-20260825T021509Z-1-001/Ultimate Monsters/Big/OBJ/Alien.obj,Ultimate Monsters-20260825T021509Z-1-001,,
,256,uncategorized,.mtl,,,,,Birb.mtl,Ultimate Monsters-20260825T021509Z-1-001/Ultimate Monsters/Big/OBJ/Birb.mtl,Ultimate Monsters-20260825T021509Z-1-001,,
,393944,uncategorized,.obj,,,,,Birb.obj,Ultimate Monsters-20260825T021509Z-1-001/Ultimate Monsters/Big/OBJ/Birb.obj,Ultimate Monsters-20260825T021509Z-1-001,,
,261,uncategorized,.mtl,,,,,BlueDemon.mtl,Ultimate Monsters-20260825T021509Z-1-001/Ultimate Monsters/Big/OBJ/BlueDemon.mtl,Ultimate Monsters-20260825T021509Z-1-001,,
,405582,uncategorized,.obj,,,,,BlueDemon.obj,Ultimate Monsters-20260825T021509Z-1-001/Ultimate Monsters/Big/OBJ/BlueDemon.obj,Ultimate Monsters-20260825T021509Z-1-001,,
,257,uncategorized,.mtl,,,,,Bunny.mtl,Ultimate Monsters-20260825T021509Z-1-001/Ultimate Monsters/Big/OBJ/Bunny.mtl,Ultimate Monsters-20260825T021509Z-1-001,,
,574279,uncategorized,.obj,,,,,Bunny.obj,Ultimate Monsters-20260825T021509Z-1-001/Ultimate Monsters/Big/OBJ/Bunny.obj,Ultimate Monsters-20260825T021509Z-1-001,,
,259,uncategorized,.mtl,,,,,Cactoro.mtl,Ultimate Monsters-20260825T021509Z-1-001/Ultimate Monsters/Big/OBJ/Cactoro.mtl,Ultimate Monsters-20260825T021509Z-1-001,,
,445126,uncategorized,.obj,,,,,Cactoro.obj,Ultimate Monsters-20260825T021509Z-1-001/Ultimate Monsters/Big/OBJ/Cactoro.obj,Ultimate Monsters-20260825T021509Z-1-001,,
,257,uncategorized,.mtl,,,,,Demon.mtl,Ultimate Monsters-20260825T021509Z-1-001/Ultimate Monsters/Big/OBJ/Demon.mtl,Ultimate Monsters-20260825T021509Z-1-001,,
,475405,uncategorized,.obj,,,,,Demon.obj,Ultimate Monsters-20260825T021509Z-1-001/Ultimate Monsters/Big/OBJ/Demon.obj,Ultimate Monsters-20260825T021509Z-1-001,,
,256,uncategorized,.mtl,,,,,Dino.mtl,Ultimate Monsters-20260825T021509Z-1-001/Ultimate Monsters/Big/OBJ/Dino.mtl,Ultimate Monsters-20260825T021509Z-1-001,,
,376983,uncategorized,.obj,,,,,Dino.obj,Ultimate Monsters-20260825T021509Z-1-001/Ultimate Monsters/Big/OBJ/Dino.obj,Ultimate Monsters-20260825T021509Z-1-001,,
,256,water,.mtl,,,,,Fish.mtl,Ultimate Monsters-20260825T021509Z-1-001/Ultimate Monsters/Big/OBJ/Fish.mtl,Ultimate Monsters-20260825T021509Z-1-001,,
,471192,water,.obj,,,,,Fish.obj,Ultimate Monsters-20260825T021509Z-1-001/Ultimate Monsters/Big/OBJ/Fish.obj,Ultimate Monsters-20260825T021509Z-1-001,,
,256,animals,.mtl,,,,,Frog.mtl,Ultimate Monsters-20260825T021509Z-1-001/Ultimate Monsters/Big/OBJ/Frog.mtl,Ultimate Monsters-20260825T021509Z-1-001,,
,341719,animals,.obj,,,,,Frog.obj,Ultimate Monsters-20260825T021509Z-1-001/Ultimate Monsters/Big/OBJ/Frog.obj,Ultimate Monsters-20260825T021509Z-1-001,,
,264,uncategorized,.mtl,,,,,Monkroose.mtl,Ultimate Monsters-20260825T021509Z-1-001/Ultimate Monsters/Big/OBJ/Monkroose.mtl,Ultimate Monsters-20260825T021509Z-1-001,,
,405287,uncategorized,.obj,,,,,Monkroose.obj,Ultimate Monsters-20260825T021509Z-1-001/Ultimate Monsters/Big/OBJ/Monkroose.obj,Ultimate Monsters-20260825T021509Z-1-001,,
,264,vegetation,.mtl,,,,,MushroomKing.mtl,Ultimate Monsters-20260825T021509Z-1-001/Ultimate Monsters/Big/OBJ/MushroomKing.mtl,Ultimate Monsters-20260825T021509Z-1-001,,
,421787,vegetation,.obj,,,,,MushroomKing.obj,Ultimate Monsters-20260825T021509Z-1-001/Ultimate Monsters/Big/OBJ/MushroomKing.obj,Ultimate Monsters-20260825T021509Z-1-001,,
,257,uncategorized,.mtl,,,,,Ninja.mtl,Ultimate Monsters-20260825T021509Z-1-001/Ultimate Monsters/Big/OBJ/Ninja.mtl,Ultimate Monsters-20260825T021509Z-1-001,,
,423231,uncategorized,.obj,,,,,Ninja.obj,Ultimate Monsters-20260825T021509Z-1-001/Ultimate Monsters/Big/OBJ/Ninja.obj,Ultimate Monsters-20260825T021509Z-1-001,,
,255,uncategorized,.mtl,,,,,Orc.mtl,Ultimate Monsters-20260825T021509Z-1-001/Ultimate Monsters/Big/OBJ/Orc.mtl,Ultimate Monsters-20260825T021509Z-1-001,,
,522343,uncategorized,.obj,,,,,Orc.obj,Ultimate Monsters-20260825T021509Z-1-001/Ultimate Monsters/Big/OBJ/Orc.obj,Ultimate Monsters-20260825T021509Z-1-001,,
,261,uncategorized,.mtl,,,,,Orc_Skull.mtl,Ultimate Monsters-20260825T021509Z-1-001/Ultimate Monsters/Big/OBJ/Orc_Skull.mtl,Ultimate Monsters-20260825T021509Z-1-001,,
,528499,uncategorized,.obj,,,,,Orc_Skull.obj,Ultimate Monsters-20260825T021509Z-1-001/Ultimate Monsters/Big/OBJ/Orc_Skull.obj,Ultimate Monsters-20260825T021509Z-1-001,,
,258,uncategorized,.mtl,,,,,Tribal.mtl,Ultimate Monsters-20260825T021509Z-1-001/Ultimate Monsters/Big/OBJ/Tribal.mtl,Ultimate Monsters-20260825T021509Z-1-001,,
,476693,uncategorized,.obj,,,,,Tribal.obj,Ultimate Monsters-20260825T021509Z-1-001/Ultimate Monsters/Big/OBJ/Tribal.obj,Ultimate Monsters-20260825T021509Z-1-001,,
,256,uncategorized,.mtl,,,,,Yeti.mtl,Ultimate Monsters-20260825T021509Z-1-001/Ultimate Monsters/Big/OBJ/Yeti.mtl,Ultimate Monsters-20260825T021509Z-1-001,,
,423728,uncategorized,.obj,,,,,Yeti.obj,Ultimate Monsters-20260825T021509Z-1-001/Ultimate Monsters/Big/OBJ/Yeti.obj,Ultimate Monsters-20260825T021509Z-1-001,,
,1051708,uncategorized,.blend,,,,,Alien.blend,Ultimate Monsters-20260825T021509Z-1-001/Ultimate Monsters/Blob/Blends/Alien.blend,Ultimate Monsters-20260825T021509Z-1-001,,
False,9007,uncategorized,.png,1,False,1024,RGB,Atlas_Monsters.png,Ultimate Monsters-20260825T021509Z-1-001/Ultimate Monsters/Blob/Blends/Atlas_Monsters.png,Ultimate Monsters-20260825T021509Z-1-001,False,1024
,1106128,uncategorized,.blend,,,,,Birb.blend,Ultimate Monsters-20260825T021509Z-1-001/Ultimate Monsters/Blob/Blends/Birb.blend,Ultimate Monsters-20260825T021509Z-1-001,,
,998884,uncategorized,.blend,,,,,Cactoro.blend,Ultimate Monsters-20260825T021509Z-1-001/Ultimate Monsters/Blob/Blends/Cactoro.blend,Ultimate Monsters-20260825T021509Z-1-001,,
,955144,uncategorized,.blend,,,,,Cat.blend,Ultimate Monsters-20260825T021509Z-1-001/Ultimate Monsters/Blob/Blends/Cat.blend,Ultimate Monsters-20260825T021509Z-1-001,,
,1061316,animals,.blend,,,,,Chicken.blend,Ultimate Monsters-20260825T021509Z-1-001/Ultimate Monsters/Blob/Blends/Chicken.blend,Ultimate Monsters-20260825T021509Z-1-001,,
,917392,uncategorized,.blend,,,,,Dog.blend,Ultimate Monsters-20260825T021509Z-1-001/Ultimate Monsters/Blob/Blends/Dog.blend,Ultimate Monsters-20260825T021509Z-1-001,,
,1125532,water,.blend,,,,,Fish.blend,Ultimate Monsters-20260825T021509Z-1-001/Ultimate Monsters/Blob/Blends/Fish.blend,Ultimate Monsters-20260825T021509Z-1-001,,
,942644,uncategorized,.blend,,,,,GreenBlob.blend,Ultimate Monsters-20260825T021509Z-1-001/Ultimate Monsters/Blob/Blends/GreenBlob.blend,Ultimate Monsters-20260825T021509Z-1-001,,
,1289996,uncategorized,.blend,,,,,GreenSpikyBlob.blend,Ultimate Monsters-20260825T021509Z-1-001/Ultimate Monsters/Blob/Blends/GreenSpikyBlob.blend,Ultimate Monsters-20260825T021509Z-1-001,,
,903500,uncategorized,.blend,,,,,Mushnub.blend,Ultimate Monsters-20260825T021509Z-1-001/Ultimate Monsters/Blob/Blends/Mushnub.blend,Ultimate Monsters-20260825T021509Z-1-001,,
,1095184,uncategorized,.blend,,,,,Mushnub_Evolved.blend,Ultimate Monsters-20260825T021509Z-1-001/Ultimate Monsters/Blob/Blends/Mushnub_Evolved.blend,Ultimate Monsters-20260825T021509Z-1-001,,
,992392,uncategorized,.blend,,,,,Ninja.blend,Ultimate Monsters-20260825T021509Z-1-001/Ultimate Monsters/Blob/Blends/Ninja.blend,Ultimate Monsters-20260825T021509Z-1-001,,
,1008032,uncategorized,.blend,,,,,Orc.blend,Ultimate Monsters-20260825T021509Z-1-001/Ultimate Monsters/Blob/Blends/Orc.blend,Ultimate Monsters-20260825T021509Z-1-001,,
,990796,uncategorized,.blend,,,,,Pigeon.blend,Ultimate Monsters-20260825T021509Z-1-001/Ultimate Monsters/Blob/Blends/Pigeon.blend,Ultimate Monsters-20260825T021509Z-1-001,,
,891456,uncategorized,.blend,,,,,PinkBlob.blend,Ultimate Monsters-20260825T021509Z-1-001/Ultimate Monsters/Blob/Blends/PinkBlob.blend,Ultimate Monsters-20260825T021509Z-1-001,,
,952088,uncategorized,.blend,,,,,Wizard.blend,Ultimate Monsters-20260825T021509Z-1-001/Ultimate Monsters/Blob/Blends/Wizard.blend,Ultimate Monsters-20260825T021509Z-1-001,,
,996448,uncategorized,.blend,,,,,Yeti.blend,Ultimate Monsters-20260825T021509Z-1-001/Ultimate Monsters/Blob/Blends/Yeti.blend,Ultimate Monsters-20260825T021509Z-1-001,,
,349628,uncategorized,.fbx,,,,,Alien.fbx,Ultimate Monsters-20260825T021509Z-1-001/Ultimate Monsters/Blob/FBX/Alien.fbx,Ultimate Monsters-20260825T021509Z-1-001,,
,366620,uncategorized,.fbx,,,,,Birb.fbx,Ultimate Monsters-20260825T021509Z-1-001/Ultimate Monsters/Blob/FBX/Birb.fbx,Ultimate Monsters-20260825T021509Z-1-001,,
,340972,uncategorized,.fbx,,,,,Cactoro.fbx,Ultimate Monsters-20260825T021509Z-1-001/Ultimate Monsters/Blob/FBX/Cactoro.fbx,Ultimate Monsters-20260825T021509Z-1-001,,
,312700,uncategorized,.fbx,,,,,Cat.fbx,Ultimate Monsters-20260825T021509Z-1-001/Ultimate Monsters/Blob/FBX/Cat.fbx,Ultimate Monsters-20260825T021509Z-1-001,,
,338268,animals,.fbx,,,,,Chicken.fbx,Ultimate Monsters-20260825T021509Z-1-001/Ultimate Monsters/Blob/FBX/Chicken.fbx,Ultimate Monsters-20260825T021509Z-1-001,,
,297404,uncategorized,.fbx,,,,,Dog.fbx,Ultimate Monsters-20260825T021509Z-1-001/Ultimate Monsters/Blob/FBX/Dog.fbx,Ultimate Monsters-20260825T021509Z-1-001,,
,374524,water,.fbx,,,,,Fish.fbx,Ultimate Monsters-20260825T021509Z-1-001/Ultimate Monsters/Blob/FBX/Fish.fbx,Ultimate Monsters-20260825T021509Z-1-001,,
,318684,uncategorized,.fbx,,,,,GreenBlob.fbx,Ultimate Monsters-20260825T021509Z-1-001/Ultimate Monsters/Blob/FBX/GreenBlob.fbx,Ultimate Monsters-20260825T021509Z-1-001,,
,421820,uncategorized,.fbx,,,,,GreenSpikyBlob.fbx,Ultimate Monsters-20260825T021509Z-1-001/Ultimate Monsters/Blob/FBX/GreenSpikyBlob.fbx,Ultimate Monsters-20260825T021509Z-1-001,,
,294028,uncategorized,.fbx,,,,,Mushnub.fbx,Ultimate Monsters-20260825T021509Z-1-001/Ultimate Monsters/Blob/FBX/Mushnub.fbx,Ultimate Monsters-20260825T021509Z-1-001,,
,366940,uncategorized,.fbx,,,,,Mushnub_Evolved.fbx,Ultimate Monsters-20260825T021509Z-1-001/Ultimate Monsters/Blob/FBX/Mushnub_Evolved.fbx,Ultimate Monsters-20260825T021509Z-1-001,,
,322668,uncategorized,.fbx,,,,,Ninja.fbx,Ultimate Monsters-20260825T021509Z-1-001/Ultimate Monsters/Blob/FBX/Ninja.fbx,Ultimate Monsters-20260825T021509Z-1-001,,
,326588,uncategorized,.fbx,,,,,Orc.fbx,Ultimate Monsters-20260825T021509Z-1-001/Ultimate Monsters/Blob/FBX/Orc.fbx,Ultimate Monsters-20260825T021509Z-1-001,,
,317276,uncategorized,.fbx,,,,,Pigeon.fbx,Ultimate Monsters-20260825T021509Z-1-001/Ultimate Monsters/Blob/FBX/Pigeon.fbx,Ultimate Monsters-20260825T021509Z-1-001,,
,294236,uncategorized,.fbx,,,,,PinkBlob.fbx,Ultimate Monsters-20260825T021509Z-1-001/Ultimate Monsters/Blob/FBX/PinkBlob.fbx,Ultimate Monsters-20260825T021509Z-1-001,,
,313548,uncategorized,.fbx,,,,,Wizard.fbx,Ultimate Monsters-20260825T021509Z-1-001/Ultimate Monsters/Blob/FBX/Wizard.fbx,Ultimate Monsters-20260825T021509Z-1-001,,
,323500,uncategorized,.fbx,,,,,Yeti.fbx,Ultimate Monsters-20260825T021509Z-1-001/Ultimate Monsters/Blob/FBX/Yeti.fbx,Ultimate Monsters-20260825T021509Z-1-001,,
,198883,uncategorized,.gltf,,,,,Alien.gltf,Ultimate Monsters-20260825T021509Z-1-001/Ultimate Monsters/Blob/glTF/Alien.gltf,Ultimate Monsters-20260825T021509Z-1-001,,
False,9007,uncategorized,.png,1,False,1024,RGB,Atlas_Monsters.png,Ultimate Monsters-20260825T021509Z-1-001/Ultimate Monsters/Blob/glTF/Atlas_Monsters.png,Ultimate Monsters-20260825T021509Z-1-001,False,1024
,250210,uncategorized,.gltf,,,,,Birb.gltf,Ultimate Monsters-20260825T021509Z-1-001/Ultimate Monsters/Blob/glTF/Birb.gltf,Ultimate Monsters-20260825T021509Z-1-001,,
,209646,uncategorized,.gltf,,,,,Cactoro.gltf,Ultimate Monsters-20260825T021509Z-1-001/Ultimate Monsters/Blob/glTF/Cactoro.gltf,Ultimate Monsters-20260825T021509Z-1-001,,
,175682,uncategorized,.gltf,,,,,Cat.gltf,Ultimate Monsters-20260825T021509Z-1-001/Ultimate Monsters/Blob/glTF/Cat.gltf,Ultimate Monsters-20260825T021509Z-1-001,,
,213187,animals,.gltf,,,,,Chicken.gltf,Ultimate Monsters-20260825T021509Z-1-001/Ultimate Monsters/Blob/glTF/Chicken.gltf,Ultimate Monsters-20260825T021509Z-1-001,,
,142124,uncategorized,.gltf,,,,,Dog.gltf,Ultimate Monsters-20260825T021509Z-1-001/Ultimate Monsters/Blob/glTF/Dog.gltf,Ultimate Monsters-20260825T021509Z-1-001,,
,239863,water,.gltf,,,,,Fish.gltf,Ultimate Monsters-20260825T021509Z-1-001/Ultimate Monsters/Blob/glTF/Fish.gltf,Ultimate Monsters-20260825T021509Z-1-001,,
,148007,uncategorized,.gltf,,,,,GreenBlob.gltf,Ultimate Monsters-20260825T021509Z-1-001/Ultimate Monsters/Blob/glTF/GreenBlob.gltf,Ultimate Monsters-20260825T021509Z-1-001,,
,312327,uncategorized,.gltf,,,,,GreenSpikyBlob.gltf,Ultimate Monsters-20260825T021509Z-1-001/Ultimate Monsters/Blob/glTF/GreenSpikyBlob.gltf,Ultimate Monsters-20260825T021509Z-1-001,,
,132465,uncategorized,.gltf,,,,,Mushnub.gltf,Ultimate Monsters-20260825T021509Z-1-001/Ultimate Monsters/Blob/glTF/Mushnub.gltf,Ultimate Monsters-20260825T021509Z-1-001,,
,246194,uncategorized,.gltf,,,,,Mushnub_Evolved.gltf,Ultimate Monsters-20260825T021509Z-1-001/Ultimate Monsters/Blob/glTF/Mushnub_Evolved.gltf,Ultimate Monsters-20260825T021509Z-1-001,,
,182184,uncategorized,.gltf,,,,,Ninja.gltf,Ultimate Monsters-20260825T021509Z-1-001/Ultimate Monsters/Blob/glTF/Ninja.gltf,Ultimate Monsters-20260825T021509Z-1-001,,
,213802,uncategorized,.gltf,,,,,Orc.gltf,Ultimate Monsters-20260825T021509Z-1-001/Ultimate Monsters/Blob/glTF/Orc.gltf,Ultimate Monsters-20260825T021509Z-1-001,,
,178568,uncategorized,.gltf,,,,,Pigeon.gltf,Ultimate Monsters-20260825T021509Z-1-001/Ultimate Monsters/Blob/glTF/Pigeon.gltf,Ultimate Monsters-20260825T021509Z-1-001,,
,123900,uncategorized,.gltf,,,,,PinkBlob.gltf,Ultimate Monsters-20260825T021509Z-1-001/Ultimate Monsters/Blob/glTF/PinkBlob.gltf,Ultimate Monsters-20260825T021509Z-1-001,,
,162486,uncategorized,.gltf,,,,,Wizard.gltf,Ultimate Monsters-20260825T021509Z-1-001/Ultimate Monsters/Blob/glTF/Wizard.gltf,Ultimate Monsters-20260825T021509Z-1-001,,
,191774,uncategorized,.gltf,,,,,Yeti.gltf,Ultimate Monsters-20260825T021509Z-1-001/Ultimate Monsters/Blob/glTF/Yeti.gltf,Ultimate Monsters-20260825T021509Z-1-001,,
,257,uncategorized,.mtl,,,,,Alien.mtl,Ultimate Monsters-20260825T021509Z-1-001/Ultimate Monsters/Blob/OBJ/Alien.mtl,Ultimate Monsters-20260825T021509Z-1-001,,
,171473,uncategorized,.obj,,,,,Alien.obj,Ultimate Monsters-20260825T021509Z-1-001/Ultimate Monsters/Blob/OBJ/Alien.obj,Ultimate Monsters-20260825T021509Z-1-001,,
,256,uncategorized,.mtl,,,,,Birb.mtl,Ultimate Monsters-20260825T021509Z-1-001/Ultimate Monsters/Blob/OBJ/Birb.mtl,Ultimate Monsters-20260825T021509Z-1-001,,
,220496,uncategorized,.obj,,,,,Birb.obj,Ultimate Monsters-20260825T021509Z-1-001/Ultimate Monsters/Blob/OBJ/Birb.obj,Ultimate Monsters-20260825T021509Z-1-001,,
,259,uncategorized,.mtl,,,,,Cactoro.mtl,Ultimate Monsters-20260825T021509Z-1-001/Ultimate Monsters/Blob/OBJ/Cactoro.mtl,Ultimate Monsters-20260825T021509Z-1-001,,
,161895,uncategorized,.obj,,,,,Cactoro.obj,Ultimate Monsters-20260825T021509Z-1-001/Ultimate Monsters/Blob/OBJ/Cactoro.obj,Ultimate Monsters-20260825T021509Z-1-001,,
,255,uncategorized,.mtl,,,,,Cat.mtl,Ultimate Monsters-20260825T021509Z-1-001/Ultimate Monsters/Blob/OBJ/Cat.mtl,Ultimate Monsters-20260825T021509Z-1-001,,
,122592,uncategorized,.obj,,,,,Cat.obj,Ultimate Monsters-20260825T021509Z-1-001/Ultimate Monsters/Blob/OBJ/Cat.obj,Ultimate Monsters-20260825T021509Z-1-001,,
,259,animals,.mtl,,,,,Chicken.mtl,Ultimate Monsters-20260825T021509Z-1-001/Ultimate Monsters/Blob/OBJ/Chicken.mtl,Ultimate Monsters-20260825T021509Z-1-001,,
,198261,animals,.obj,,,,,Chicken.obj,Ultimate Monsters-20260825T021509Z-1-001/Ultimate Monsters/Blob/OBJ/Chicken.obj,Ultimate Monsters-20260825T021509Z-1-001,,
,255,uncategorized,.mtl,,,,,Dog.mtl,Ultimate Monsters-20260825T021509Z-1-001/Ultimate Monsters/Blob/OBJ/Dog.mtl,Ultimate Monsters-20260825T021509Z-1-001,,
,91714,uncategorized,.obj,,,,,Dog.obj,Ultimate Monsters-20260825T021509Z-1-001/Ultimate Monsters/Blob/OBJ/Dog.obj,Ultimate Monsters-20260825T021509Z-1-001,,
,256,water,.mtl,,,,,Fish.mtl,Ultimate Monsters-20260825T021509Z-1-001/Ultimate Monsters/Blob/OBJ/Fish.mtl,Ultimate Monsters-20260825T021509Z-1-001,,
,224694,water,.obj,,,,,Fish.obj,Ultimate Monsters-20260825T021509Z-1-001/Ultimate Monsters/Blob/OBJ/Fish.obj,Ultimate Monsters-20260825T021509Z-1-001,,
,261,uncategorized,.mtl,,,,,GreenBlob.mtl,Ultimate Monsters-20260825T021509Z-1-001/Ultimate Monsters/Blob/OBJ/GreenBlob.mtl,Ultimate Monsters-20260825T021509Z-1-001,,
,96440,uncategorized,.obj,,,,,GreenBlob.obj,Ultimate Monsters-20260825T021509Z-1-001/Ultimate Monsters/Blob/OBJ/GreenBlob.obj,Ultimate Monsters-20260825T021509Z-1-001,,
,266,uncategorized,.mtl,,,,,GreenSpikyBlob.mtl,Ultimate Monsters-20260825T021509Z-1-001/Ultimate Monsters/Blob/OBJ/GreenSpikyBlob.mtl,Ultimate Monsters-20260825T021509Z-1-001,,
,342775,uncategorized,.obj,,,,,GreenSpikyBlob.obj,Ultimate Monsters-20260825T021509Z-1-001/Ultimate Monsters/Blob/OBJ/GreenSpikyBlob.obj,Ultimate Monsters-20260825T021509Z-1-001,,
,259,uncategorized,.mtl,,,,,Mushnub.mtl,Ultimate Monsters-20260825T021509Z-1-001/Ultimate Monsters/Blob/OBJ/Mushnub.mtl,Ultimate Monsters-20260825T021509Z-1-001,,
,80206,uncategorized,.obj,,,,,Mushnub.obj,Ultimate Monsters-20260825T021509Z-1-001/Ultimate Monsters/Blob/OBJ/Mushnub.obj,Ultimate Monsters-20260825T021509Z-1-001,,
,399,uncategorized,.mtl,,,,,Mushnub_Evolved.mtl,Ultimate Monsters-20260825T021509Z-1-001/Ultimate Monsters/Blob/OBJ/Mushnub_Evolved.mtl,Ultimate Monsters-20260825T021509Z-1-001,,
,221472,uncategorized,.obj,,,,,Mushnub_Evolved.obj,Ultimate Monsters-20260825T021509Z-1-001/Ultimate Monsters/Blob/OBJ/Mushnub_Evolved.obj,Ultimate Monsters-20260825T021509Z-1-001,,
,257,uncategorized,.mtl,,,,,Ninja.mtl,Ultimate Monsters-20260825T021509Z-1-001/Ultimate Monsters/Blob/OBJ/Ninja.mtl,Ultimate Monsters-20260825T021509Z-1-001,,
,144214,uncategorized,.obj,,,,,Ninja.obj,Ultimate Monsters-20260825T021509Z-1-001/Ultimate Monsters/Blob/OBJ/Ninja.obj,Ultimate Monsters-20260825T021509Z-1-001,,
,255,uncategorized,.mtl,,,,,Orc.mtl,Ultimate Monsters-20260825T021509Z-1-001/Ultimate Monsters/Blob/OBJ/Orc.mtl,Ultimate Monsters-20260825T021509Z-1-001,,
,160941,uncategorized,.obj,,,,,Orc.obj,Ultimate Monsters-20260825T021509Z-1-001/Ultimate Monsters/Blob/OBJ/Orc.obj,Ultimate Monsters-20260825T021509Z-1-001,,
,258,uncategorized,.mtl,,,,,Pigeon.mtl,Ultimate Monsters-20260825T021509Z-1-001/Ultimate Monsters/Blob/OBJ/Pigeon.mtl,Ultimate Monsters-20260825T021509Z-1-001,,
,146894,uncategorized,.obj,,,,,Pigeon.obj,Ultimate Monsters-20260825T021509Z-1-001/Ultimate Monsters/Blob/OBJ/Pigeon.obj,Ultimate Monsters-20260825T021509Z-1-001,,
,260,uncategorized,.mtl,,,,,PinkBlob.mtl,Ultimate Monsters-20260825T021509Z-1-001/Ultimate Monsters/Blob/OBJ/PinkBlob.mtl,Ultimate Monsters-20260825T021509Z-1-001,,
,66451,uncategorized,.obj,,,,,PinkBlob.obj,Ultimate Monsters-20260825T021509Z-1-001/Ultimate Monsters/Blob/OBJ/PinkBlob.obj,Ultimate Monsters-20260825T021509Z-1-001,,
,258,uncategorized,.mtl,,,,,Wizard.mtl,Ultimate Monsters-20260825T021509Z-1-001/Ultimate Monsters/Blob/OBJ/Wizard.mtl,Ultimate Monsters-20260825T021509Z-1-001,,
,111444,uncategorized,.obj,,,,,Wizard.obj,Ultimate Monsters-20260825T021509Z-1-001/Ultimate Monsters/Blob/OBJ/Wizard.obj,Ultimate Monsters-20260825T021509Z-1-001,,
,256,uncategorized,.mtl,,,,,Yeti.mtl,Ultimate Monsters-20260825T021509Z-1-001/Ultimate Monsters/Blob/OBJ/Yeti.mtl,Ultimate Monsters-20260825T021509Z-1-001,,
,149956,uncategorized,.obj,,,,,Yeti.obj,Ultimate Monsters-20260825T021509Z-1-001/Ultimate Monsters/Blob/OBJ/Yeti.obj,Ultimate Monsters-20260825T021509Z-1-001,,
False,64497,ui,.png,1,True,1024,RGBA,Color Guide.png,Ultimate Monsters-20260825T021509Z-1-001/Ultimate Monsters/Color Guide.png,Ultimate Monsters-20260825T021509Z-1-001,False,1024
,1304896,uncategorized,.blend,,,,,Alpaking.blend,Ultimate Monsters-20260825T021509Z-1-001/Ultimate Monsters/Flying/Blends/Alpaking.blend,Ultimate Monsters-20260825T021509Z-1-001,,
,1507248,uncategorized,.blend,,,,,Alpaking_Evolved.blend,Ultimate Monsters-20260825T021509Z-1-001/Ultimate Monsters/Flying/Blends/Alpaking_Evolved.blend,Ultimate Monsters-20260825T021509Z-1-001,,
,1283736,uncategorized,.blend,,,,,Armabee.blend,Ultimate Monsters-20260825T021509Z-1-001/Ultimate Monsters/Flying/Blends/Armabee.blend,Ultimate Monsters-20260825T021509Z-1-001,,
,1369280,uncategorized,.blend,,,,,Armabee_Evolved.blend,Ultimate Monsters-20260825T021509Z-1-001/Ultimate Monsters/Flying/Blends/Armabee_Evolved.blend,Ultimate Monsters-20260825T021509Z-1-001,,
False,9007,uncategorized,.png,1,False,1024,RGB,Atlas_Monsters.png,Ultimate Monsters-20260825T021509Z-1-001/Ultimate Monsters/Flying/Blends/Atlas_Monsters.png,Ultimate Monsters-20260825T021509Z-1-001,False,1024
,2332040,uncategorized,.blend,,,,,Demon.blend,Ultimate Monsters-20260825T021509Z-1-001/Ultimate Monsters/Flying/Blends/Demon.blend,Ultimate Monsters-20260825T021509Z-1-001,,
,1503940,uncategorized,.blend,,,,,Dragon.blend,Ultimate Monsters-20260825T021509Z-1-001/Ultimate Monsters/Flying/Blends/Dragon.blend,Ultimate Monsters-20260825T021509Z-1-001,,
,2621728,uncategorized,.blend,,,,,Dragon_Evolved.blend,Ultimate Monsters-20260825T021509Z-1-001/Ultimate Monsters/Flying/Blends/Dragon_Evolved.blend,Ultimate Monsters-20260825T021509Z-1-001,,
,1925848,uncategorized,.blend,,,,,Ghost.blend,Ultimate Monsters-20260825T021509Z-1-001/Ultimate Monsters/Flying/Blends/Ghost.blend,Ultimate Monsters-20260825T021509Z-1-001,,
,1914648,uncategorized,.blend,,,,,Ghost_Skull.blend,Ultimate Monsters-20260825T021509Z-1-001/Ultimate Monsters/Flying/Blends/Ghost_Skull.blend,Ultimate Monsters-20260825T021509Z-1-001,,
,1309072,uncategorized,.blend,,,,,Glub.blend,Ultimate Monsters-20260825T021509Z-1-001/Ultimate Monsters/Flying/Blends/Glub.blend,Ultimate Monsters-20260825T021509Z-1-001,,
,1490408,uncategorized,.blend,,,,,Glub_Evolved.blend,Ultimate Monsters-20260825T021509Z-1-001/Ultimate Monsters/Flying/Blends/Glub_Evolved.blend,Ultimate Monsters-20260825T021509Z-1-001,,
,1421640,uncategorized,.blend,,,,,Goleling.blend,Ultimate Monsters-20260825T021509Z-1-001/Ultimate Monsters/Flying/Blends/Goleling.blend,Ultimate Monsters-20260825T021509Z-1-001,,
,1623832,uncategorized,.blend,,,,,Goleling_Evolved.blend,Ultimate Monsters-20260825T021509Z-1-001/Ultimate Monsters/Flying/Blends/Goleling_Evolved.blend,Ultimate Monsters-20260825T021509Z-1-001,,
,1941296,uncategorized,.blend,,,,,Hywirl.blend,Ultimate Monsters-20260825T021509Z-1-001/Ultimate Monsters/Flying/Blends/Hywirl.blend,Ultimate Monsters-20260825T021509Z-1-001,,
,1400400,uncategorized,.blend,,,,,Pigeon.blend,Ultimate Monsters-20260825T021509Z-1-001/Ultimate Monsters/Flying/Blends/Pigeon.blend,Ultimate Monsters-20260825T021509Z-1-001,,
,2301024,ui,.blend,,,,,Squidle.blend,Ultimate Monsters-20260825T021509Z-1-001/Ultimate Monsters/Flying/Blends/Squidle.blend,Ultimate Monsters-20260825T021509Z-1-001,,
,2110808,uncategorized,.blend,,,,,Tribal.blend,Ultimate Monsters-20260825T021509Z-1-001/Ultimate Monsters/Flying/Blends/Tribal.blend,Ultimate Monsters-20260825T021509Z-1-001,,
,727676,uncategorized,.fbx,,,,,Alpaking.fbx,Ultimate Monsters-20260825T021509Z-1-001/Ultimate Monsters/Flying/FBX/Alpaking.fbx,Ultimate Monsters-20260825T021509Z-1-001,,
,786844,uncategorized,.fbx,,,,,Alpaking_Evolved.fbx,Ultimate Monsters-20260825T021509Z-1-001/Ultimate Monsters/Flying/FBX/Alpaking_Evolved.fbx,Ultimate Monsters-20260825T021509Z-1-001,,
,711324,uncategorized,.fbx,,,,,Armabee.fbx,Ultimate Monsters-20260825T021509Z-1-001/Ultimate Monsters/Flying/FBX/Armabee.fbx,Ultimate Monsters-20260825T021509Z-1-001,,
,742892,uncategorized,.fbx,,,,,Armabee_Evolved.fbx,Ultimate Monsters-20260825T021509Z-1-001/Ultimate Monsters/Flying/FBX/Armabee_Evolved.fbx,Ultimate Monsters-20260825T021509Z-1-001,,
,2150124,uncategorized,.fbx,,,,,Demon.fbx,Ultimate Monsters-20260825T021509Z-1-001/Ultimate Monsters/Flying/FBX/Demon.fbx,Ultimate Monsters-20260825T021509Z-1-001,,
,791740,uncategorized,.fbx,,,,,Dragon.fbx,Ultimate Monsters-20260825T021509Z-1-001/Ultimate Monsters/Flying/FBX/Dragon.fbx,Ultimate Monsters-20260825T021509Z-1-001,,
,2302156,uncategorized,.fbx,,,,,Dragon_Evolved.fbx,Ultimate Monsters-20260825T021509Z-1-001/Ultimate Monsters/Flying/FBX/Dragon_Evolved.fbx,Ultimate Monsters-20260825T021509Z-1-001,,
,1784076,uncategorized,.fbx,,,,,Ghost.fbx,Ultimate Monsters-20260825T021509Z-1-001/Ultimate Monsters/Flying/FBX/Ghost.fbx,Ultimate Monsters-20260825T021509Z-1-001,,
,1786252,uncategorized,.fbx,,,,,Ghost_Skull.fbx,Ultimate Monsters-20260825T021509Z-1-001/Ultimate Monsters/Flying/FBX/Ghost_Skull.fbx,Ultimate Monsters-20260825T021509Z-1-001,,
,718316,uncategorized,.fbx,,,,,Glub.fbx,Ultimate Monsters-20260825T021509Z-1-001/Ultimate Monsters/Flying/FBX/Glub.fbx,Ultimate Monsters-20260825T021509Z-1-001,,
,769020,uncategorized,.fbx,,,,,Glub_Evolved.fbx,Ultimate Monsters-20260825T021509Z-1-001/Ultimate Monsters/Flying/FBX/Glub_Evolved.fbx,Ultimate Monsters-20260825T021509Z-1-001,,
,759404,uncategorized,.fbx,,,,,Goleling.fbx,Ultimate Monsters-20260825T021509Z-1-001/Ultimate Monsters/Flying/FBX/Goleling.fbx,Ultimate Monsters-20260825T021509Z-1-001,,
,820204,uncategorized,.fbx,,,,,Goleling_Evolved.fbx,Ultimate Monsters-20260825T021509Z-1-001/Ultimate Monsters/Flying/FBX/Goleling_Evolved.fbx,Ultimate Monsters-20260825T021509Z-1-001,,
,1786972,uncategorized,.fbx,,,,,Hywirl.fbx,Ultimate Monsters-20260825T021509Z-1-001/Ultimate Monsters/Flying/FBX/Hywirl.fbx,Ultimate Monsters-20260825T021509Z-1-001,,
,748700,uncategorized,.fbx,,,,,Pigeon.fbx,Ultimate Monsters-20260825T021509Z-1-001/Ultimate Monsters/Flying/FBX/Pigeon.fbx,Ultimate Monsters-20260825T021509Z-1-001,,
,2065596,ui,.fbx,,,,,Squidle.fbx,Ultimate Monsters-20260825T021509Z-1-001/Ultimate Monsters/Flying/FBX/Squidle.fbx,Ultimate Monsters-20260825T021509Z-1-001,,
,1839228,uncategorized,.fbx,,,,,Tribal.fbx,Ultimate Monsters-20260825T021509Z-1-001/Ultimate Monsters/Flying/FBX/Tribal.fbx,Ultimate Monsters-20260825T021509Z-1-001,,
,304328,uncategorized,.gltf,,,,,Alpaking.gltf,Ultimate Monsters-20260825T021509Z-1-001/Ultimate Monsters/Flying/glTF/Alpaking.gltf,Ultimate Monsters-20260825T021509Z-1-001,,
,445787,uncategorized,.gltf,,,,,Alpaking_Evolved.gltf,Ultimate Monsters-20260825T021509Z-1-001/Ultimate Monsters/Flying/glTF/Alpaking_Evolved.gltf,Ultimate Monsters-20260825T021509Z-1-001,,
,297261,uncategorized,.gltf,,,,,Armabee.gltf,Ultimate Monsters-20260825T021509Z-1-001/Ultimate Monsters/Flying/glTF/Armabee.gltf,Ultimate Monsters-20260825T021509Z-1-001,,
,357537,uncategorized,.gltf,,,,,Armabee_Evolved.gltf,Ultimate Monsters-20260825T021509Z-1-001/Ultimate Monsters/Flying/glTF/Armabee_Evolved.gltf,Ultimate Monsters-20260825T021509Z-1-001,,
False,9007,uncategorized,.png,1,False,1024,RGB,Atlas_Monsters.png,Ultimate Monsters-20260825T021509Z-1-001/Ultimate Monsters/Flying/glTF/Atlas_Monsters.png,Ultimate Monsters-20260825T021509Z-1-001,False,1024
,342726,uncategorized,.gltf,,,,,Demon.gltf,Ultimate Monsters-20260825T021509Z-1-001/Ultimate Monsters/Flying/glTF/Demon.gltf,Ultimate Monsters-20260825T021509Z-1-001,,
,427100,uncategorized,.gltf,,,,,Dragon.gltf,Ultimate Monsters-20260825T021509Z-1-001/Ultimate Monsters/Flying/glTF/Dragon.gltf,Ultimate Monsters-20260825T021509Z-1-001,,
,991335,uncategorized,.gltf,,,,,Dragon_Evolved.gltf,Ultimate Monsters-20260825T021509Z-1-001/Ultimate Monsters/Flying/glTF/Dragon_Evolved.gltf,Ultimate Monsters-20260825T021509Z-1-001,,
,643180,uncategorized,.gltf,,,,,Ghost.gltf,Ultimate Monsters-20260825T021509Z-1-001/Ultimate Monsters/Flying/glTF/Ghost.gltf,Ultimate Monsters-20260825T021509Z-1-001,,
,682385,uncategorized,.gltf,,,,,Ghost_Skull.gltf,Ultimate Monsters-20260825T021509Z-1-001/Ultimate Monsters/Flying/glTF/Ghost_Skull.gltf,Ultimate Monsters-20260825T021509Z-1-001,,
,308583,uncategorized,.gltf,,,,,Glub.gltf,Ultimate Monsters-20260825T021509Z-1-001/Ultimate Monsters/Flying/glTF/Glub.gltf,Ultimate Monsters-20260825T021509Z-1-001,,
,395400,uncategorized,.gltf,,,,,Glub_Evolved.gltf,Ultimate Monsters-20260825T021509Z-1-001/Ultimate Monsters/Flying/glTF/Glub_Evolved.gltf,Ultimate Monsters-20260825T021509Z-1-001,,
,384972,uncategorized,.gltf,,,,,Goleling.gltf,Ultimate Monsters-20260825T021509Z-1-001/Ultimate Monsters/Flying/glTF/Goleling.gltf,Ultimate Monsters-20260825T021509Z-1-001,,
,494339,uncategorized,.gltf,,,,,Goleling_Evolved.gltf,Ultimate Monsters-20260825T021509Z-1-001/Ultimate Monsters/Flying/glTF/Goleling_Evolved.gltf,Ultimate Monsters-20260825T021509Z-1-001,,
,638684,uncategorized,.gltf,,,,,Hywirl.gltf,Ultimate Monsters-20260825T021509Z-1-001/Ultimate Monsters/Flying/glTF/Hywirl.gltf,Ultimate Monsters-20260825T021509Z-1-001,,
,368129,uncategorized,.gltf,,,,,Pigeon.gltf,Ultimate Monsters-20260825T021509Z-1-001/Ultimate Monsters/Flying/glTF/Pigeon.gltf,Ultimate Monsters-20260825T021509Z-1-001,,
,805758,ui,.gltf,,,,,Squidle.gltf,Ultimate Monsters-20260825T021509Z-1-001/Ultimate Monsters/Flying/glTF/Squidle.gltf,Ultimate Monsters-20260825T021509Z-1-001,,
,777249,uncategorized,.gltf,,,,,Tribal.gltf,Ultimate Monsters-20260825T021509Z-1-001/Ultimate Monsters/Flying/glTF/Tribal.gltf,Ultimate Monsters-20260825T021509Z-1-001,,
,260,uncategorized,.mtl,,,,,Alpaking.mtl,Ultimate Monsters-20260825T021509Z-1-001/Ultimate Monsters/Flying/OBJ/Alpaking.mtl,Ultimate Monsters-20260825T021509Z-1-001,,
,164007,uncategorized,.obj,,,,,Alpaking.obj,Ultimate Monsters-20260825T021509Z-1-001/Ultimate Monsters/Flying/OBJ/Alpaking.obj,Ultimate Monsters-20260825T021509Z-1-001,,
,268,uncategorized,.mtl,,,,,Alpaking_Evolved.mtl,Ultimate Monsters-20260825T021509Z-1-001/Ultimate Monsters/Flying/OBJ/Alpaking_Evolved.mtl,Ultimate Monsters-20260825T021509Z-1-001,,
,329352,uncategorized,.obj,,,,,Alpaking_Evolved.obj,Ultimate Monsters-20260825T021509Z-1-001/Ultimate Monsters/Flying/OBJ/Alpaking_Evolved.obj,Ultimate Monsters-20260825T021509Z-1-001,,
,259,uncategorized,.mtl,,,,,Armabee.mtl,Ultimate Monsters-20260825T021509Z-1-001/Ultimate Monsters/Flying/OBJ/Armabee.mtl,Ultimate Monsters-20260825T021509Z-1-001,,
,149983,uncategorized,.obj,,,,,Armabee.obj,Ultimate Monsters-20260825T021509Z-1-001/Ultimate Monsters/Flying/OBJ/Armabee.obj,Ultimate Monsters-20260825T021509Z-1-001,,
,267,uncategorized,.mtl,,,,,Armabee_Evolved.mtl,Ultimate Monsters-20260825T021509Z-1-001/Ultimate Monsters/Flying/OBJ/Armabee_Evolved.mtl,Ultimate Monsters-20260825T021509Z-1-001,,
,222105,uncategorized,.obj,,,,,Armabee_Evolved.obj,Ultimate Monsters-20260825T021509Z-1-001/Ultimate Monsters/Flying/OBJ/Armabee_Evolved.obj,Ultimate Monsters-20260825T021509Z-1-001,,
,257,uncategorized,.mtl,,,,,Demon.mtl,Ultimate Monsters-20260825T021509Z-1-001/Ultimate Monsters/Flying/OBJ/Demon.mtl,Ultimate Monsters-20260825T021509Z-1-001,,
,335331,uncategorized,.obj,,,,,Demon.obj,Ultimate Monsters-20260825T021509Z-1-001/Ultimate Monsters/Flying/OBJ/Demon.obj,Ultimate Monsters-20260825T021509Z-1-001,,
,261,uncategorized,.mtl,,,,,Dragon.mtl,Ultimate Monsters-20260825T021509Z-1-001/Ultimate Monsters/Flying/OBJ/Dragon.mtl,Ultimate Monsters-20260825T021509Z-1-001,,
,317891,uncategorized,.obj,,,,,Dragon.obj,Ultimate Monsters-20260825T021509Z-1-001/Ultimate Monsters/Flying/OBJ/Dragon.obj,Ultimate Monsters-20260825T021509Z-1-001,,
,266,uncategorized,.mtl,,,,,Dragon_Evolved.mtl,Ultimate Monsters-20260825T021509Z-1-001/Ultimate Monsters/Flying/OBJ/Dragon_Evolved.mtl,Ultimate Monsters-20260825T021509Z-1-001,,
,521397,uncategorized,.obj,,,,,Dragon_Evolved.obj,Ultimate Monsters-20260825T021509Z-1-001/Ultimate Monsters/Flying/OBJ/Dragon_Evolved.obj,Ultimate Monsters-20260825T021509Z-1-001,,
,257,uncategorized,.mtl,,,,,Ghost.mtl,Ultimate Monsters-20260825T021509Z-1-001/Ultimate Monsters/Flying/OBJ/Ghost.mtl,Ultimate Monsters-20260825T021509Z-1-001,,
,216276,uncategorized,.obj,,,,,Ghost.obj,Ultimate Monsters-20260825T021509Z-1-001/Ultimate Monsters/Flying/OBJ/Ghost.obj,Ultimate Monsters-20260825T021509Z-1-001,,
,263,uncategorized,.mtl,,,,,Ghost_Skull.mtl,Ultimate Monsters-20260825T021509Z-1-001/Ultimate Monsters/Flying/OBJ/Ghost_Skull.mtl,Ultimate Monsters-20260825T021509Z-1-001,,
,224669,uncategorized,.obj,,,,,Ghost_Skull.obj,Ultimate Monsters-20260825T021509Z-1-001/Ultimate Monsters/Flying/OBJ/Ghost_Skull.obj,Ultimate Monsters-20260825T021509Z-1-001,,
,256,uncategorized,.mtl,,,,,Glub.mtl,Ultimate Monsters-20260825T021509Z-1-001/Ultimate Monsters/Flying/OBJ/Glub.mtl,Ultimate Monsters-20260825T021509Z-1-001,,
,166730,uncategorized,.obj,,,,,Glub.obj,Ultimate Monsters-20260825T021509Z-1-001/Ultimate Monsters/Flying/OBJ/Glub.obj,Ultimate Monsters-20260825T021509Z-1-001,,
,264,uncategorized,.mtl,,,,,Glub_Evolved.mtl,Ultimate Monsters-20260825T021509Z-1-001/Ultimate Monsters/Flying/OBJ/Glub_Evolved.mtl,Ultimate Monsters-20260825T021509Z-1-001,,
,305137,uncategorized,.obj,,,,,Glub_Evolved.obj,Ultimate Monsters-20260825T021509Z-1-001/Ultimate Monsters/Flying/OBJ/Glub_Evolved.obj,Ultimate Monsters-20260825T021509Z-1-001,,
,260,uncategorized,.mtl,,,,,Goleling.mtl,Ultimate Monsters-20260825T021509Z-1-001/Ultimate Monsters/Flying/OBJ/Goleling.mtl,Ultimate Monsters-20260825T021509Z-1-001,,
,254988,uncategorized,.obj,,,,,Goleling.obj,Ultimate Monsters-20260825T021509Z-1-001/Ultimate Monsters/Flying/OBJ/Goleling.obj,Ultimate Monsters-20260825T021509Z-1-001,,
,268,uncategorized,.mtl,,,,,Goleling_Evolved.mtl,Ultimate Monsters-20260825T021509Z-1-001/Ultimate Monsters/Flying/OBJ/Goleling_Evolved.mtl,Ultimate Monsters-20260825T021509Z-1-001,,
,411487,uncategorized,.obj,,,,,Goleling_Evolved.obj,Ultimate Monsters-20260825T021509Z-1-001/Ultimate Monsters/Flying/OBJ/Goleling_Evolved.obj,Ultimate Monsters-20260825T021509Z-1-001,,
,258,uncategorized,.mtl,,,,,Hywirl.mtl,Ultimate Monsters-20260825T021509Z-1-001/Ultimate Monsters/Flying/OBJ/Hywirl.mtl,Ultimate Monsters-20260825T021509Z-1-001,,
,218507,uncategorized,.obj,,,,,Hywirl.obj,Ultimate Monsters-20260825T021509Z-1-001/Ultimate Monsters/Flying/OBJ/Hywirl.obj,Ultimate Monsters-20260825T021509Z-1-001,,
,258,uncategorized,.mtl,,,,,Pigeon.mtl,Ultimate Monsters-20260825T021509Z-1-001/Ultimate Monsters/Flying/OBJ/Pigeon.mtl,Ultimate Monsters-20260825T021509Z-1-001,,
,244843,uncategorized,.obj,,,,,Pigeon.obj,Ultimate Monsters-20260825T021509Z-1-001/Ultimate Monsters/Flying/OBJ/Pigeon.obj,Ultimate Monsters-20260825T021509Z-1-001,,
,259,ui,.mtl,,,,,Squidle.mtl,Ultimate Monsters-20260825T021509Z-1-001/Ultimate Monsters/Flying/OBJ/Squidle.mtl,Ultimate Monsters-20260825T021509Z-1-001,,
,338676,ui,.obj,,,,,Squidle.obj,Ultimate Monsters-20260825T021509Z-1-001/Ultimate Monsters/Flying/OBJ/Squidle.obj,Ultimate Monsters-20260825T021509Z-1-001,,
,258,uncategorized,.mtl,,,,,Tribal.mtl,Ultimate Monsters-20260825T021509Z-1-001/Ultimate Monsters/Flying/OBJ/Tribal.mtl,Ultimate Monsters-20260825T021509Z-1-001,,
,372641,uncategorized,.obj,,,,,Tribal.obj,Ultimate Monsters-20260825T021509Z-1-001/Ultimate Monsters/Flying/OBJ/Tribal.obj,Ultimate Monsters-20260825T021509Z-1-001,,
,374,uncategorized,.txt,,,,,License.txt,Ultimate Monsters-20260825T021509Z-1-001/Ultimate Monsters/License.txt,Ultimate Monsters-20260825T021509Z-1-001,,
False,443630,uncategorized,.jpg,1,False,1080,RGB,Preview.jpg,Ultimate Monsters-20260825T021509Z-1-001/Ultimate Monsters/Preview.jpg,Ultimate Monsters-20260825T021509Z-1-001,False,1920
,579952,equipment,.blend,,,,,Armor_Black.blend,Ultimate RPG Items Pack - Aug 2019-20260825T020729Z-1-001/Ultimate RPG Items Pack - Aug 2019/Blends/Armor_Black.blend,Ultimate RPG Items Pack - Aug 2019-20260825T020729Z-1-001,,
,543880,equipment,.blend,,,,,Armor_Golden.blend,Ultimate RPG Items Pack - Aug 2019-20260825T020729Z-1-001/Ultimate RPG Items Pack - Aug 2019/Blends/Armor_Golden.blend,Ultimate RPG Items Pack - Aug 2019-20260825T020729Z-1-001,,
,528864,equipment,.blend,,,,,Armor_Leather.blend,Ultimate RPG Items Pack - Aug 2019-20260825T020729Z-1-001/Ultimate RPG Items Pack - Aug 2019/Blends/Armor_Leather.blend,Ultimate RPG Items Pack - Aug 2019-20260825T020729Z-1-001,,
,534856,equipment,.blend,,,,,Armor_Metal.blend,Ultimate RPG Items Pack - Aug 2019-20260825T020729Z-1-001/Ultimate RPG Items Pack - Aug 2019/Blends/Armor_Metal.blend,Ultimate RPG Items Pack - Aug 2019-20260825T020729Z-1-001,,
,533288,equipment,.blend,,,,,Armor_Metal2.blend,Ultimate RPG Items Pack - Aug 2019-20260825T020729Z-1-001/Ultimate RPG Items Pack - Aug 2019/Blends/Armor_Metal2.blend,Ultimate RPG Items Pack - Aug 2019-20260825T020729Z-1-001,,
,557344,equipment,.blend,,,,,Arrow.blend,Ultimate RPG Items Pack - Aug 2019-20260825T020729Z-1-001/Ultimate RPG Items Pack - Aug 2019/Blends/Arrow.blend,Ultimate RPG Items Pack - Aug 2019-20260825T020729Z-1-001,,
,518088,equipment,.blend,,,,,Arrow_Golden.blend,Ultimate RPG Items Pack - Aug 2019-20260825T020729Z-1-001/Ultimate RPG Items Pack - Aug 2019/Blends/Arrow_Golden.blend,Ultimate RPG Items Pack - Aug 2019-20260825T020729Z-1-001,,
,601896,equipment,.blend,,,,,Axe_Double.blend,Ultimate RPG Items Pack - Aug 2019-20260825T020729Z-1-001/Ultimate RPG Items Pack - Aug 2019/Blends/Axe_Double.blend,Ultimate RPG Items Pack - Aug 2019-20260825T020729Z-1-001,,
,593528,equipment,.blend,,,,,Axe_Double_Golden.blend,Ultimate RPG Items Pack - Aug 2019-20260825T020729Z-1-001/Ultimate RPG Items Pack - Aug 2019/Blends/Axe_Double_Golden.blend,Ultimate RPG Items Pack - Aug 2019-20260825T020729Z-1-001,,
,575964,equipment,.blend,,,,,Axe_small.blend,Ultimate RPG Items Pack - Aug 2019-20260825T020729Z-1-001/Ultimate RPG Items Pack - Aug 2019/Blends/Axe_small.blend,Ultimate RPG Items Pack - Aug 2019-20260825T020729Z-1-001,,
,567596,equipment,.blend,,,,,Axe_small_Golden.blend,Ultimate RPG Items Pack - Aug 2019-20260825T020729Z-1-001/Ultimate RPG Items Pack - Aug 2019/Blends/Axe_small_Golden.blend,Ultimate RPG Items Pack - Aug 2019-20260825T020729Z-1-001,,
,724164,equipment,.blend,,,,,Backpack.blend,Ultimate RPG Items Pack - Aug 2019-20260825T020729Z-1-001/Ultimate RPG Items Pack - Aug 2019/Blends/Backpack.blend,Ultimate RPG Items Pack - Aug 2019-20260825T020729Z-1-001,,
,601548,equipment,.blend,,,,,Bag.blend,Ultimate RPG Items Pack - Aug 2019-20260825T020729Z-1-001/Ultimate RPG Items Pack - Aug 2019/Blends/Bag.blend,Ultimate RPG Items Pack - Aug 2019-20260825T020729Z-1-001,,
,554168,props,.blend,,,,,Bone.blend,Ultimate RPG Items Pack - Aug 2019-20260825T020729Z-1-001/Ultimate RPG Items Pack - Aug 2019/Blends/Bone.blend,Ultimate RPG Items Pack - Aug 2019-20260825T020729Z-1-001,,
,553368,props,.blend,,,,,Book1_Closed.blend,Ultimate RPG Items Pack - Aug 2019-20260825T020729Z-1-001/Ultimate RPG Items Pack - Aug 2019/Blends/Book1_Closed.blend,Ultimate RPG Items Pack - Aug 2019-20260825T020729Z-1-001,,
,616860,props,.blend,,,,,Book1_Open.blend,Ultimate RPG Items Pack - Aug 2019-20260825T020729Z-1-001/Ultimate RPG Items Pack - Aug 2019/Blends/Book1_Open.blend,Ultimate RPG Items Pack - Aug 2019-20260825T020729Z-1-001,,
,562048,props,.blend,,,,,Book2_Closed.blend,Ultimate RPG Items Pack - Aug 2019-20260825T020729Z-1-001/Ultimate RPG Items Pack - Aug 2019/Blends/Book2_Closed.blend,Ultimate RPG Items Pack - Aug 2019-20260825T020729Z-1-001,,
,573848,props,.blend,,,,,Book2_Open.blend,Ultimate RPG Items Pack - Aug 2019-20260825T020729Z-1-001/Ultimate RPG Items Pack - Aug 2019/Blends/Book2_Open.blend,Ultimate RPG Items Pack - Aug 2019-20260825T020729Z-1-001,,
,618908,props,.blend,,,,,Book3_Closed.blend,Ultimate RPG Items Pack - Aug 2019-20260825T020729Z-1-001/Ultimate RPG Items Pack - Aug 2019/Blends/Book3_Closed.blend,Ultimate RPG Items Pack - Aug 2019-20260825T020729Z-1-001,,
,619724,props,.blend,,,,,Book3_Open.blend,Ultimate RPG Items Pack - Aug 2019-20260825T020729Z-1-001/Ultimate RPG Items Pack - Aug 2019/Blends/Book3_Open.blend,Ultimate RPG Items Pack - Aug 2019-20260825T020729Z-1-001,,
,620120,props,.blend,,,,,Book4_Closed.blend,Ultimate RPG Items Pack - Aug 2019-20260825T020729Z-1-001/Ultimate RPG Items Pack - Aug 2019/Blends/Book4_Closed.blend,Ultimate RPG Items Pack - Aug 2019-20260825T020729Z-1-001,,
,617452,props,.blend,,,,,Book4_Open.blend,Ultimate RPG Items Pack - Aug 2019-20260825T020729Z-1-001/Ultimate RPG Items Pack - Aug 2019/Blends/Book4_Open.blend,Ultimate RPG Items Pack - Aug 2019-20260825T020729Z-1-001,,
,552924,equipment,.blend,,,,,Bow_Golden.blend,Ultimate RPG Items Pack - Aug 2019-20260825T020729Z-1-001/Ultimate RPG Items Pack - Aug 2019/Blends/Bow_Golden.blend,Ultimate RPG Items Pack - Aug 2019-20260825T020729Z-1-001,,
,551924,equipment,.blend,,,,,Bow_Wooden.blend,Ultimate RPG Items Pack - Aug 2019-20260825T020729Z-1-001/Ultimate RPG Items Pack - Aug 2019/Blends/Bow_Wooden.blend,Ultimate RPG Items Pack - Aug 2019-20260825T020729Z-1-001,,
,514320,equipment,.blend,,,,,Chalice.blend,Ultimate RPG Items Pack - Aug 2019-20260825T020729Z-1-001/Ultimate RPG Items Pack - Aug 2019/Blends/Chalice.blend,Ultimate RPG Items Pack - Aug 2019-20260825T020729Z-1-001,,
,593940,props,.blend,,,,,Chest_Closed.blend,Ultimate RPG Items Pack - Aug 2019-20260825T020729Z-1-001/Ultimate RPG Items Pack - Aug 2019/Blends/Chest_Closed.blend,Ultimate RPG Items Pack - Aug 2019-20260825T020729Z-1-001,,
,627572,props,.blend,,,,,Chest_Ingots.blend,Ultimate RPG Items Pack - Aug 2019-20260825T020729Z-1-001/Ultimate RPG Items Pack - Aug 2019/Blends/Chest_Ingots.blend,Ultimate RPG Items Pack - Aug 2019-20260825T020729Z-1-001,,
,592572,props,.blend,,,,,Chest_Open.blend,Ultimate RPG Items Pack - Aug 2019-20260825T020729Z-1-001/Ultimate RPG Items Pack - Aug 2019/Blends/Chest_Open.blend,Ultimate RPG Items Pack - Aug 2019-20260825T020729Z-1-001,,
,553464,animals,.blend,,,,,ChickenLeg.blend,Ultimate RPG Items Pack - Aug 2019-20260825T020729Z-1-001/Ultimate RPG Items Pack - Aug 2019/Blends/ChickenLeg.blend,Ultimate RPG Items Pack - Aug 2019-20260825T020729Z-1-001,,
,514544,equipment,.blend,,,,,Coin.blend,Ultimate RPG Items Pack - Aug 2019-20260825T020729Z-1-001/Ultimate RPG Items Pack - Aug 2019/Blends/Coin.blend,Ultimate RPG Items Pack - Aug 2019-20260825T020729Z-1-001,,
,521832,equipment,.blend,,,,,Coin_Skull.blend,Ultimate RPG Items Pack - Aug 2019-20260825T020729Z-1-001/Ultimate RPG Items Pack - Aug 2019/Blends/Coin_Skull.blend,Ultimate RPG Items Pack - Aug 2019-20260825T020729Z-1-001,,
,517008,equipment,.blend,,,,,Coin_Star.blend,Ultimate RPG Items Pack - Aug 2019-20260825T020729Z-1-001/Ultimate RPG Items Pack - Aug 2019/Blends/Coin_Star.blend,Ultimate RPG Items Pack - Aug 2019-20260825T020729Z-1-001,,
,523768,equipment,.blend,,,,,Crown.blend,Ultimate RPG Items Pack - Aug 2019-20260825T020729Z-1-001/Ultimate RPG Items Pack - Aug 2019/Blends/Crown.blend,Ultimate RPG Items Pack - Aug 2019-20260825T020729Z-1-001,,
,559520,equipment,.blend,,,,,Crown2.blend,Ultimate RPG Items Pack - Aug 2019-20260825T020729Z-1-001/Ultimate RPG Items Pack - Aug 2019/Blends/Crown2.blend,Ultimate RPG Items Pack - Aug 2019-20260825T020729Z-1-001,,
,505864,equipment,.blend,,,,,Crystal1.blend,Ultimate RPG Items Pack - Aug 2019-20260825T020729Z-1-001/Ultimate RPG Items Pack - Aug 2019/Blends/Crystal1.blend,Ultimate RPG Items Pack - Aug 2019-20260825T020729Z-1-001,,
,507384,equipment,.blend,,,,,Crystal1_Damaged.blend,Ultimate RPG Items Pack - Aug 2019-20260825T020729Z-1-001/Ultimate RPG Items Pack - Aug 2019/Blends/Crystal1_Damaged.blend,Ultimate RPG Items Pack - Aug 2019-20260825T020729Z-1-001,,
,525544,equipment,.blend,,,,,Crystal2.blend,Ultimate RPG Items Pack - Aug 2019-20260825T020729Z-1-001/Ultimate RPG Items Pack - Aug 2019/Blends/Crystal2.blend,Ultimate RPG Items Pack - Aug 2019-20260825T020729Z-1-001,,
,522392,equipment,.blend,,,,,Crystal2_Damaged.blend,Ultimate RPG Items Pack - Aug 2019-20260825T020729Z-1-001/Ultimate RPG Items Pack - Aug 2019/Blends/Crystal2_Damaged.blend,Ultimate RPG Items Pack - Aug 2019-20260825T020729Z-1-001,,
,517800,equipment,.blend,,,,,Crystal3.blend,Ultimate RPG Items Pack - Aug 2019-20260825T020729Z-1-001/Ultimate RPG Items Pack - Aug 2019/Blends/Crystal3.blend,Ultimate RPG Items Pack - Aug 2019-20260825T020729Z-1-001,,
,524216,equipment,.blend,,,,,Crystal3_Damaged.blend,Ultimate RPG Items Pack - Aug 2019-20260825T020729Z-1-001/Ultimate RPG Items Pack - Aug 2019/Blends/Crystal3_Damaged.blend,Ultimate RPG Items Pack - Aug 2019-20260825T020729Z-1-001,,
,518072,equipment,.blend,,,,,Crystal4.blend,Ultimate RPG Items Pack - Aug 2019-20260825T020729Z-1-001/Ultimate RPG Items Pack - Aug 2019/Blends/Crystal4.blend,Ultimate RPG Items Pack - Aug 2019-20260825T020729Z-1-001,,
,502992,equipment,.blend,,,,,Crystal5.blend,Ultimate RPG Items Pack - Aug 2019-20260825T020729Z-1-001/Ultimate RPG Items Pack - Aug 2019/Blends/Crystal5.blend,Ultimate RPG Items Pack - Aug 2019-20260825T020729Z-1-001,,
,505632,equipment,.blend,,,,,Crystal5_Damaged.blend,Ultimate RPG Items Pack - Aug 2019-20260825T020729Z-1-001/Ultimate RPG Items Pack - Aug 2019/Blends/Crystal5_Damaged.blend,Ultimate RPG Items Pack - Aug 2019-20260825T020729Z-1-001,,
,582836,equipment,.blend,,,,,Dagger.blend,Ultimate RPG Items Pack - Aug 2019-20260825T020729Z-1-001/Ultimate RPG Items Pack - Aug 2019/Blends/Dagger.blend,Ultimate RPG Items Pack - Aug 2019-20260825T020729Z-1-001,,
,574468,equipment,.blend,,,,,Dagger_Golden.blend,Ultimate RPG Items Pack - Aug 2019-20260825T020729Z-1-001/Ultimate RPG Items Pack - Aug 2019/Blends/Dagger_Golden.blend,Ultimate RPG Items Pack - Aug 2019-20260825T020729Z-1-001,,
,557344,equipment,.blend,,,,,Dart.blend,Ultimate RPG Items Pack - Aug 2019-20260825T020729Z-1-001/Ultimate RPG Items Pack - Aug 2019/Blends/Dart.blend,Ultimate RPG Items Pack - Aug 2019-20260825T020729Z-1-001,,
,518088,equipment,.blend,,,,,Dart_Golden.blend,Ultimate RPG Items Pack - Aug 2019-20260825T020729Z-1-001/Ultimate RPG Items Pack - Aug 2019/Blends/Dart_Golden.blend,Ultimate RPG Items Pack - Aug 2019-20260825T020729Z-1-001,,
,542024,water,.blend,,,,,FishBone.blend,Ultimate RPG Items Pack - Aug 2019-20260825T020729Z-1-001/Ultimate RPG Items Pack - Aug 2019/Blends/FishBone.blend,Ultimate RPG Items Pack - Aug 2019-20260825T020729Z-1-001,,
,583832,equipment,.blend,,,,,Glove.blend,Ultimate RPG Items Pack - Aug 2019-20260825T020729Z-1-001/Ultimate RPG Items Pack - Aug 2019/Blends/Glove.blend,Ultimate RPG Items Pack - Aug 2019-20260825T020729Z-1-001,,
,526504,equipment,.blend,,,,,Gold_Ingots.blend,Ultimate RPG Items Pack - Aug 2019-20260825T020729Z-1-001/Ultimate RPG Items Pack - Aug 2019/Blends/Gold_Ingots.blend,Ultimate RPG Items Pack - Aug 2019-20260825T020729Z-1-001,,
,617464,equipment,.blend,,,,,Hammer_Double.blend,Ultimate RPG Items Pack - Aug 2019-20260825T020729Z-1-001/Ultimate RPG Items Pack - Aug 2019/Blends/Hammer_Double.blend,Ultimate RPG Items Pack - Aug 2019-20260825T020729Z-1-001,,
,609096,equipment,.blend,,,,,Hammer_Double_Golden.blend,Ultimate RPG Items Pack - Aug 2019-20260825T020729Z-1-001/Ultimate RPG Items Pack - Aug 2019/Blends/Hammer_Double_Golden.blend,Ultimate RPG Items Pack - Aug 2019-20260825T020729Z-1-001,,
,541496,equipment,.blend,,,,,Heart.blend,Ultimate RPG Items Pack - Aug 2019-20260825T020729Z-1-001/Ultimate RPG Items Pack - Aug 2019/Blends/Heart.blend,Ultimate RPG Items Pack - Aug 2019-20260825T020729Z-1-001,,
,545568,equipment,.blend,,,,,Heart_Broken.blend,Ultimate RPG Items Pack - Aug 2019-20260825T020729Z-1-001/Ultimate RPG Items Pack - Aug 2019/Blends/Heart_Broken.blend,Ultimate RPG Items Pack - Aug 2019-20260825T020729Z-1-001,,
,530840,equipment,.blend,,,,,Heart_Half.blend,Ultimate RPG Items Pack - Aug 2019-20260825T020729Z-1-001/Ultimate RPG Items Pack - Aug 2019/Blends/Heart_Half.blend,Ultimate RPG Items Pack - Aug 2019-20260825T020729Z-1-001,,
,528648,equipment,.blend,,,,,Key1.blend,Ultimate RPG Items Pack - Aug 2019-20260825T020729Z-1-001/Ultimate RPG Items Pack - Aug 2019/Blends/Key1.blend,Ultimate RPG Items Pack - Aug 2019-20260825T020729Z-1-001,,
,538800,equipment,.blend,,,,,Key2.blend,Ultimate RPG Items Pack - Aug 2019-20260825T020729Z-1-001/Ultimate RPG Items Pack - Aug 2019/Blends/Key2.blend,Ultimate RPG Items Pack - Aug 2019-20260825T020729Z-1-001,,
,541976,equipment,.blend,,,,,Key3.blend,Ultimate RPG Items Pack - Aug 2019-20260825T020729Z-1-001/Ultimate RPG Items Pack - Aug 2019/Blends/Key3.blend,Ultimate RPG Items Pack - Aug 2019-20260825T020729Z-1-001,,
,528232,equipment,.blend,,,,,Key4.blend,Ultimate RPG Items Pack - Aug 2019-20260825T020729Z-1-001/Ultimate RPG Items Pack - Aug 2019/Blends/Key4.blend,Ultimate RPG Items Pack - Aug 2019-20260825T020729Z-1-001,,
,618236,equipment,.blend,,,,,Mineral.blend,Ultimate RPG Items Pack - Aug 2019-20260825T020729Z-1-001/Ultimate RPG Items Pack - Aug 2019/Blends/Mineral.blend,Ultimate RPG Items Pack - Aug 2019-20260825T020729Z-1-001,,
,607408,equipment,.blend,,,,,Necklace1.blend,Ultimate RPG Items Pack - Aug 2019-20260825T020729Z-1-001/Ultimate RPG Items Pack - Aug 2019/Blends/Necklace1.blend,Ultimate RPG Items Pack - Aug 2019-20260825T020729Z-1-001,,
,583496,equipment,.blend,,,,,Necklace2.blend,Ultimate RPG Items Pack - Aug 2019-20260825T020729Z-1-001/Ultimate RPG Items Pack - Aug 2019/Blends/Necklace2.blend,Ultimate RPG Items Pack - Aug 2019-20260825T020729Z-1-001,,
,595552,equipment,.blend,,,,,Necklace3.blend,Ultimate RPG Items Pack - Aug 2019-20260825T020729Z-1-001/Ultimate RPG Items Pack - Aug 2019/Blends/Necklace3.blend,Ultimate RPG Items Pack - Aug 2019-20260825T020729Z-1-001,,
,553648,equipment,.blend,,,,,Padlock.blend,Ultimate RPG Items Pack - Aug 2019-20260825T020729Z-1-001/Ultimate RPG Items Pack - Aug 2019/Blends/Padlock.blend,Ultimate RPG Items Pack - Aug 2019-20260825T020729Z-1-001,,
,541640,equipment,.blend,,,,,Parchment.blend,Ultimate RPG Items Pack - Aug 2019-20260825T020729Z-1-001/Ultimate RPG Items Pack - Aug 2019/Blends/Parchment.blend,Ultimate RPG Items Pack - Aug 2019-20260825T020729Z-1-001,,
,565896,equipment,.blend,,,,,Potion10_Empty.blend,Ultimate RPG Items Pack - Aug 2019-20260825T020729Z-1-001/Ultimate RPG Items Pack - Aug 2019/Blends/Potion10_Empty.blend,Ultimate RPG Items Pack - Aug 2019-20260825T020729Z-1-001,,
,568208,equipment,.blend,,,,,Potion10_Filled.blend,Ultimate RPG Items Pack - Aug 2019-20260825T020729Z-1-001/Ultimate RPG Items Pack - Aug 2019/Blends/Potion10_Filled.blend,Ultimate RPG Items Pack - Aug 2019-20260825T020729Z-1-001,,
,569544,equipment,.blend,,,,,Potion11_Empty.blend,Ultimate RPG Items Pack - Aug 2019-20260825T020729Z-1-001/Ultimate RPG Items Pack - Aug 2019/Blends/Potion11_Empty.blend,Ultimate RPG Items Pack - Aug 2019-20260825T020729Z-1-001,,
,571856,equipment,.blend,,,,,Potion11_Filled.blend,Ultimate RPG Items Pack - Aug 2019-20260825T020729Z-1-001/Ultimate RPG Items Pack - Aug 2019/Blends/Potion11_Filled.blend,Ultimate RPG Items Pack - Aug 2019-20260825T020729Z-1-001,,
,638232,equipment,.blend,,,,,Potion1_Empty.blend,Ultimate RPG Items Pack - Aug 2019-20260825T020729Z-1-001/Ultimate RPG Items Pack - Aug 2019/Blends/Potion1_Empty.blend,Ultimate RPG Items Pack - Aug 2019-20260825T020729Z-1-001,,
,648584,equipment,.blend,,,,,Potion1_Filled.blend,Ultimate RPG Items Pack - Aug 2019-20260825T020729Z-1-001/Ultimate RPG Items Pack - Aug 2019/Blends/Potion1_Filled.blend,Ultimate RPG Items Pack - Aug 2019-20260825T020729Z-1-001,,
,606744,equipment,.blend,,,,,Potion2_Empty.blend,Ultimate RPG Items Pack - Aug 2019-20260825T020729Z-1-001/Ultimate RPG Items Pack - Aug 2019/Blends/Potion2_Empty.blend,Ultimate RPG Items Pack - Aug 2019-20260825T020729Z-1-001,,
,617016,equipment,.blend,,,,,Potion2_Filled.blend,Ultimate RPG Items Pack - Aug 2019-20260825T020729Z-1-001/Ultimate RPG Items Pack - Aug 2019/Blends/Potion2_Filled.blend,Ultimate RPG Items Pack - Aug 2019-20260825T020729Z-1-001,,
,616752,equipment,.blend,,,,,Potion3_Empty.blend,Ultimate RPG Items Pack - Aug 2019-20260825T020729Z-1-001/Ultimate RPG Items Pack - Aug 2019/Blends/Potion3_Empty.blend,Ultimate RPG Items Pack - Aug 2019-20260825T020729Z-1-001,,
,634064,equipment,.blend,,,,,Potion3_Filled.blend,Ultimate RPG Items Pack - Aug 2019-20260825T020729Z-1-001/Ultimate RPG Items Pack - Aug 2019/Blends/Potion3_Filled.blend,Ultimate RPG Items Pack - Aug 2019-20260825T020729Z-1-001,,
,616752,equipment,.blend,,,,,Potion4_Empty.blend,Ultimate RPG Items Pack - Aug 2019-20260825T020729Z-1-001/Ultimate RPG Items Pack - Aug 2019/Blends/Potion4_Empty.blend,Ultimate RPG Items Pack - Aug 2019-20260825T020729Z-1-001,,
,628432,equipment,.blend,,,,,Potion4_Filled.blend,Ultimate RPG Items Pack - Aug 2019-20260825T020729Z-1-001/Ultimate RPG Items Pack - Aug 2019/Blends/Potion4_Filled.blend,Ultimate RPG Items Pack - Aug 2019-20260825T020729Z-1-001,,
,618008,equipment,.blend,,,,,Potion5_Empty.blend,Ultimate RPG Items Pack - Aug 2019-20260825T020729Z-1-001/Ultimate RPG Items Pack - Aug 2019/Blends/Potion5_Empty.blend,Ultimate RPG Items Pack - Aug 2019-20260825T020729Z-1-001,,
,631096,equipment,.blend,,,,,Potion5_Filled.blend,Ultimate RPG Items Pack - Aug 2019-20260825T020729Z-1-001/Ultimate RPG Items Pack - Aug 2019/Blends/Potion5_Filled.blend,Ultimate RPG Items Pack - Aug 2019-20260825T020729Z-1-001,,
,650544,equipment,.blend,,,,,Potion6_Empty.blend,Ultimate RPG Items Pack - Aug 2019-20260825T020729Z-1-001/Ultimate RPG Items Pack - Aug 2019/Blends/Potion6_Empty.blend,Ultimate RPG Items Pack - Aug 2019-20260825T020729Z-1-001,,
,673488,equipment,.blend,,,,,Potion6_Filled.blend,Ultimate RPG Items Pack - Aug 2019-20260825T020729Z-1-001/Ultimate RPG Items Pack - Aug 2019/Blends/Potion6_Filled.blend,Ultimate RPG Items Pack - Aug 2019-20260825T020729Z-1-001,,
,605488,equipment,.blend,,,,,Potion7_Empty.blend,Ultimate RPG Items Pack - Aug 2019-20260825T020729Z-1-001/Ultimate RPG Items Pack - Aug 2019/Blends/Potion7_Empty.blend,Ultimate RPG Items Pack - Aug 2019-20260825T020729Z-1-001,,
,619984,equipment,.blend,,,,,Potion7_Filled.blend,Ultimate RPG Items Pack - Aug 2019-20260825T020729Z-1-001/Ultimate RPG Items Pack - Aug 2019/Blends/Potion7_Filled.blend,Ultimate RPG Items Pack - Aug 2019-20260825T020729Z-1-001,,
,595480,equipment,.blend,,,,,Potion8_Empty.blend,Ultimate RPG Items Pack - Aug 2019-20260825T020729Z-1-001/Ultimate RPG Items Pack - Aug 2019/Blends/Potion8_Empty.blend,Ultimate RPG Items Pack - Aug 2019-20260825T020729Z-1-001,,
,609976,equipment,.blend,,,,,Potion8_Filled.blend,Ultimate RPG Items Pack - Aug 2019-20260825T020729Z-1-001/Ultimate RPG Items Pack - Aug 2019/Blends/Potion8_Filled.blend,Ultimate RPG Items Pack - Aug 2019-20260825T020729Z-1-001,,
,601816,equipment,.blend,,,,,Potion9_Empty.blend,Ultimate RPG Items Pack - Aug 2019-20260825T020729Z-1-001/Ultimate RPG Items Pack - Aug 2019/Blends/Potion9_Empty.blend,Ultimate RPG Items Pack - Aug 2019-20260825T020729Z-1-001,,
,610680,equipment,.blend,,,,,Potion9_Filled.blend,Ultimate RPG Items Pack - Aug 2019-20260825T020729Z-1-001/Ultimate RPG Items Pack - Aug 2019/Blends/Potion9_Filled.blend,Ultimate RPG Items Pack - Aug 2019-20260825T020729Z-1-001,,
,559024,equipment,.blend,,,,,Pouch.blend,Ultimate RPG Items Pack - Aug 2019-20260825T020729Z-1-001/Ultimate RPG Items Pack - Aug 2019/Blends/Pouch.blend,Ultimate RPG Items Pack - Aug 2019-20260825T020729Z-1-001,,
,519384,equipment,.blend,,,,,Ring1.blend,Ultimate RPG Items Pack - Aug 2019-20260825T020729Z-1-001/Ultimate RPG Items Pack - Aug 2019/Blends/Ring1.blend,Ultimate RPG Items Pack - Aug 2019-20260825T020729Z-1-001,,
,531824,equipment,.blend,,,,,Ring2.blend,Ultimate RPG Items Pack - Aug 2019-20260825T020729Z-1-001/Ultimate RPG Items Pack - Aug 2019/Blends/Ring2.blend,Ultimate RPG Items Pack - Aug 2019-20260825T020729Z-1-001,,
,535252,equipment,.blend,,,,,Ring3.blend,Ultimate RPG Items Pack - Aug 2019-20260825T020729Z-1-001/Ultimate RPG Items Pack - Aug 2019/Blends/Ring3.blend,Ultimate RPG Items Pack - Aug 2019-20260825T020729Z-1-001,,
,538516,equipment,.blend,,,,,Ring4.blend,Ultimate RPG Items Pack - Aug 2019-20260825T020729Z-1-001/Ultimate RPG Items Pack - Aug 2019/Blends/Ring4.blend,Ultimate RPG Items Pack - Aug 2019-20260825T020729Z-1-001,,
,552908,equipment,.blend,,,,,Ring5.blend,Ultimate RPG Items Pack - Aug 2019-20260825T020729Z-1-001/Ultimate RPG Items Pack - Aug 2019/Blends/Ring5.blend,Ultimate RPG Items Pack - Aug 2019-20260825T020729Z-1-001,,
,536812,equipment,.blend,,,,,Ring6.blend,Ultimate RPG Items Pack - Aug 2019-20260825T020729Z-1-001/Ultimate RPG Items Pack - Aug 2019/Blends/Ring6.blend,Ultimate RPG Items Pack - Aug 2019-20260825T020729Z-1-001,,
,552672,equipment,.blend,,,,,Ring7.blend,Ultimate RPG Items Pack - Aug 2019-20260825T020729Z-1-001/Ultimate RPG Items Pack - Aug 2019/Blends/Ring7.blend,Ultimate RPG Items Pack - Aug 2019-20260825T020729Z-1-001,,
,582816,equipment,.blend,,,,,Scroll.blend,Ultimate RPG Items Pack - Aug 2019-20260825T020729Z-1-001/Ultimate RPG Items Pack - Aug 2019/Blends/Scroll.blend,Ultimate RPG Items Pack - Aug 2019-20260825T020729Z-1-001,,
,541696,equipment,.blend,,,,,Skull.blend,Ultimate RPG Items Pack - Aug 2019-20260825T020729Z-1-001/Ultimate RPG Items Pack - Aug 2019/Blends/Skull.blend,Ultimate RPG Items Pack - Aug 2019-20260825T020729Z-1-001,,
,621624,equipment,.blend,,,,,Skull2.blend,Ultimate RPG Items Pack - Aug 2019-20260825T020729Z-1-001/Ultimate RPG Items Pack - Aug 2019/Blends/Skull2.blend,Ultimate RPG Items Pack - Aug 2019-20260825T020729Z-1-001,,
,534144,terrain,.blend,,,,,Snowflake1.blend,Ultimate RPG Items Pack - Aug 2019-20260825T020729Z-1-001/Ultimate RPG Items Pack - Aug 2019/Blends/Snowflake1.blend,Ultimate RPG Items Pack - Aug 2019-20260825T020729Z-1-001,,
,519848,terrain,.blend,,,,,Snowflake2.blend,Ultimate RPG Items Pack - Aug 2019-20260825T020729Z-1-001/Ultimate RPG Items Pack - Aug 2019/Blends/Snowflake2.blend,Ultimate RPG Items Pack - Aug 2019-20260825T020729Z-1-001,,
,570488,terrain,.blend,,,,,Snowflake3.blend,Ultimate RPG Items Pack - Aug 2019-20260825T020729Z-1-001/Ultimate RPG Items Pack - Aug 2019/Blends/Snowflake3.blend,Ultimate RPG Items Pack - Aug 2019-20260825T020729Z-1-001,,
,507440,equipment,.blend,,,,,Star.blend,Ultimate RPG Items Pack - Aug 2019-20260825T020729Z-1-001/Ultimate RPG Items Pack - Aug 2019/Blends/Star.blend,Ultimate RPG Items Pack - Aug 2019-20260825T020729Z-1-001,,
,589460,equipment,.blend,,,,,Sword.blend,Ultimate RPG Items Pack - Aug 2019-20260825T020729Z-1-001/Ultimate RPG Items Pack - Aug 2019/Blends/Sword.blend,Ultimate RPG Items Pack - Aug 2019-20260825T020729Z-1-001,,
,587412,equipment,.blend,,,,,Sword_big.blend,Ultimate RPG Items Pack - Aug 2019-20260825T020729Z-1-001/Ultimate RPG Items Pack - Aug 2019/Blends/Sword_big.blend,Ultimate RPG Items Pack - Aug 2019-20260825T020729Z-1-001,,
,579044,equipment,.blend,,,,,Sword_big_Golden.blend,Ultimate RPG Items Pack - Aug 2019-20260825T020729Z-1-001/Ultimate RPG Items Pack - Aug 2019/Blends/Sword_big_Golden.blend,Ultimate RPG Items Pack - Aug 2019-20260825T020729Z-1-001,,
,581092,equipment,.blend,,,,,Sword_Golden.blend,Ultimate RPG Items Pack - Aug 2019-20260825T020729Z-1-001/Ultimate RPG Items Pack - Aug 2019/Blends/Sword_Golden.blend,Ultimate RPG Items Pack - Aug 2019-20260825T020729Z-1-001,,
,33212,equipment,.fbx,,,,,Armor_Black.fbx,Ultimate RPG Items Pack - Aug 2019-20260825T020729Z-1-001/Ultimate RPG Items Pack - Aug 2019/FBX/Armor_Black.fbx,Ultimate RPG Items Pack - Aug 2019-20260825T020729Z-1-001,,
,32076,equipment,.fbx,,,,,Armor_Golden.fbx,Ultimate RPG Items Pack - Aug 2019-20260825T020729Z-1-001/Ultimate RPG Items Pack - Aug 2019/FBX/Armor_Golden.fbx,Ultimate RPG Items Pack - Aug 2019-20260825T020729Z-1-001,,
,19292,equipment,.fbx,,,,,Armor_Leather.fbx,Ultimate RPG Items Pack - Aug 2019-20260825T020729Z-1-001/Ultimate RPG Items Pack - Aug 2019/FBX/Armor_Leather.fbx,Ultimate RPG Items Pack - Aug 2019-20260825T020729Z-1-001,,
,24236,equipment,.fbx,,,,,Armor_Metal.fbx,Ultimate RPG Items Pack - Aug 2019-20260825T020729Z-1-001/Ultimate RPG Items Pack - Aug 2019/FBX/Armor_Metal.fbx,Ultimate RPG Items Pack - Aug 2019-20260825T020729Z-1-001,,
,26204,equipment,.fbx,,,,,Armor_Metal2.fbx,Ultimate RPG Items Pack - Aug 2019-20260825T020729Z-1-001/Ultimate RPG Items Pack - Aug 2019/FBX/Armor_Metal2.fbx,Ultimate RPG Items Pack - Aug 2019-20260825T020729Z-1-001,,
,21596,equipment,.fbx,,,,,Arrow.fbx,Ultimate RPG Items Pack - Aug 2019-20260825T020729Z-1-001/Ultimate RPG Items Pack - Aug 2019/FBX/Arrow.fbx,Ultimate RPG Items Pack - Aug 2019-20260825T020729Z-1-001,,
,19388,equipment,.fbx,,,,,Arrow_Golden.fbx,Ultimate RPG Items Pack - Aug 2019-20260825T020729Z-1-001/Ultimate RPG Items Pack - Aug 2019/FBX/Arrow_Golden.fbx,Ultimate RPG Items Pack - Aug 2019-20260825T020729Z-1-001,,
,42684,equipment,.fbx,,,,,Axe_Double.fbx,Ultimate RPG Items Pack - Aug 2019-20260825T020729Z-1-001/Ultimate RPG Items Pack - Aug 2019/FBX/Axe_Double.fbx,Ultimate RPG Items Pack - Aug 2019-20260825T020729Z-1-001,,
,42700,equipment,.fbx,,,,,Axe_Double_Golden.fbx,Ultimate RPG Items Pack - Aug 2019-20260825T020729Z-1-001/Ultimate RPG Items Pack - Aug 2019/FBX/Axe_Double_Golden.fbx,Ultimate RPG Items Pack - Aug 2019-20260825T020729Z-1-001,,
,34268,equipment,.fbx,,,,,Axe_small.fbx,Ultimate RPG Items Pack - Aug 2019-20260825T020729Z-1-001/Ultimate RPG Items Pack - Aug 2019/FBX/Axe_small.fbx,Ultimate RPG Items Pack - Aug 2019-20260825T020729Z-1-001,,
,34284,equipment,.fbx,,,,,Axe_small_Golden.fbx,Ultimate RPG Items Pack - Aug 2019-20260825T020729Z-1-001/Ultimate RPG Items Pack - Aug 2019/FBX/Axe_small_Golden.fbx,Ultimate RPG Items Pack - Aug 2019-20260825T020729Z-1-001,,
,84700,equipment,.fbx,,,,,Backpack.fbx,Ultimate RPG Items Pack - Aug 2019-20260825T020729Z-1-001/Ultimate RPG Items Pack - Aug 2019/FBX/Backpack.fbx,Ultimate RPG Items Pack - Aug 2019-20260825T020729Z-1-001,,
,39484,equipment,.fbx,,,,,Bag.fbx,Ultimate RPG Items Pack - Aug 2019-20260825T020729Z-1-001/Ultimate RPG Items Pack - Aug 2019/FBX/Bag.fbx,Ultimate RPG Items Pack - Aug 2019-20260825T020729Z-1-001,,
,19884,props,.fbx,,,,,Bone.fbx,Ultimate RPG Items Pack - Aug 2019-20260825T020729Z-1-001/Ultimate RPG Items Pack - Aug 2019/FBX/Bone.fbx,Ultimate RPG Items Pack - Aug 2019-20260825T020729Z-1-001,,
,19548,props,.fbx,,,,,Book1_Closed.fbx,Ultimate RPG Items Pack - Aug 2019-20260825T020729Z-1-001/Ultimate RPG Items Pack - Aug 2019/FBX/Book1_Closed.fbx,Ultimate RPG Items Pack - Aug 2019-20260825T020729Z-1-001,,
,25900,props,.fbx,,,,,Book1_Open.fbx,Ultimate RPG Items Pack - Aug 2019-20260825T020729Z-1-001/Ultimate RPG Items Pack - Aug 2019/FBX/Book1_Open.fbx,Ultimate RPG Items Pack - Aug 2019-20260825T020729Z-1-001,,
,21372,props,.fbx,,,,,Book2_Closed.fbx,Ultimate RPG Items Pack - Aug 2019-20260825T020729Z-1-001/Ultimate RPG Items Pack - Aug 2019/FBX/Book2_Closed.fbx,Ultimate RPG Items Pack - Aug 2019-20260825T020729Z-1-001,,
,26220,props,.fbx,,,,,Book2_Open.fbx,Ultimate RPG Items Pack - Aug 2019-20260825T020729Z-1-001/Ultimate RPG Items Pack - Aug 2019/FBX/Book2_Open.fbx,Ultimate RPG Items Pack - Aug 2019-20260825T020729Z-1-001,,
,36172,props,.fbx,,,,,Book3_Closed.fbx,Ultimate RPG Items Pack - Aug 2019-20260825T020729Z-1-001/Ultimate RPG Items Pack - Aug 2019/FBX/Book3_Closed.fbx,Ultimate RPG Items Pack - Aug 2019-20260825T020729Z-1-001,,
,26828,props,.fbx,,,,,Book3_Open.fbx,Ultimate RPG Items Pack - Aug 2019-20260825T020729Z-1-001/Ultimate RPG Items Pack - Aug 2019/FBX/Book3_Open.fbx,Ultimate RPG Items Pack - Aug 2019-20260825T020729Z-1-001,,
,27260,props,.fbx,,,,,Book4_Closed.fbx,Ultimate RPG Items Pack - Aug 2019-20260825T020729Z-1-001/Ultimate RPG Items Pack - Aug 2019/FBX/Book4_Closed.fbx,Ultimate RPG Items Pack - Aug 2019-20260825T020729Z-1-001,,
,25948,props,.fbx,,,,,Book4_Open.fbx,Ultimate RPG Items Pack - Aug 2019-20260825T020729Z-1-001/Ultimate RPG Items Pack - Aug 2019/FBX/Book4_Open.fbx,Ultimate RPG Items Pack - Aug 2019-20260825T020729Z-1-001,,
,28844,equipment,.fbx,,,,,Bow_Golden.fbx,Ultimate RPG Items Pack - Aug 2019-20260825T020729Z-1-001/Ultimate RPG Items Pack - Aug 2019/FBX/Bow_Golden.fbx,Ultimate RPG Items Pack - Aug 2019-20260825T020729Z-1-001,,
,27372,equipment,.fbx,,,,,Bow_Wooden.fbx,Ultimate RPG Items Pack - Aug 2019-20260825T020729Z-1-001/Ultimate RPG Items Pack - Aug 2019/FBX/Bow_Wooden.fbx,Ultimate RPG Items Pack - Aug 2019-20260825T020729Z-1-001,,
,20956,equipment,.fbx,,,,,Chalice.fbx,Ultimate RPG Items Pack - Aug 2019-20260825T020729Z-1-001/Ultimate RPG Items Pack - Aug 2019/FBX/Chalice.fbx,Ultimate RPG Items Pack - Aug 2019-20260825T020729Z-1-001,,
,46492,props,.fbx,,,,,Chest_Closed.fbx,Ultimate RPG Items Pack - Aug 2019-20260825T020729Z-1-001/Ultimate RPG Items Pack - Aug 2019/FBX/Chest_Closed.fbx,Ultimate RPG Items Pack - Aug 2019-20260825T020729Z-1-001,,
,57004,props,.fbx,,,,,Chest_Ingots.fbx,Ultimate RPG Items Pack - Aug 2019-20260825T020729Z-1-001/Ultimate RPG Items Pack - Aug 2019/FBX/Chest_Ingots.fbx,Ultimate RPG Items Pack - Aug 2019-20260825T020729Z-1-001,,
,46620,props,.fbx,,,,,Chest_Open.fbx,Ultimate RPG Items Pack - Aug 2019-20260825T020729Z-1-001/Ultimate RPG Items Pack - Aug 2019/FBX/Chest_Open.fbx,Ultimate RPG Items Pack - Aug 2019-20260825T020729Z-1-001,,
,20716,animals,.fbx,,,,,ChickenLeg.fbx,Ultimate RPG Items Pack - Aug 2019-20260825T020729Z-1-001/Ultimate RPG Items Pack - Aug 2019/FBX/ChickenLeg.fbx,Ultimate RPG Items Pack - Aug 2019-20260825T020729Z-1-001,,
,19740,equipment,.fbx,,,,,Coin.fbx,Ultimate RPG Items Pack - Aug 2019-20260825T020729Z-1-001/Ultimate RPG Items Pack - Aug 2019/FBX/Coin.fbx,Ultimate RPG Items Pack - Aug 2019-20260825T020729Z-1-001,,
,21916,equipment,.fbx,,,,,Coin_Skull.fbx,Ultimate RPG Items Pack - Aug 2019-20260825T020729Z-1-001/Ultimate RPG Items Pack - Aug 2019/FBX/Coin_Skull.fbx,Ultimate RPG Items Pack - Aug 2019-20260825T020729Z-1-001,,
,20732,equipment,.fbx,,,,,Coin_Star.fbx,Ultimate RPG Items Pack - Aug 2019-20260825T020729Z-1-001/Ultimate RPG Items Pack - Aug 2019/FBX/Coin_Star.fbx,Ultimate RPG Items Pack - Aug 2019-20260825T020729Z-1-001,,
,23548,equipment,.fbx,,,,,Crown.fbx,Ultimate RPG Items Pack - Aug 2019-20260825T020729Z-1-001/Ultimate RPG Items Pack - Aug 2019/FBX/Crown.fbx,Ultimate RPG Items Pack - Aug 2019-20260825T020729Z-1-001,,
,28124,equipment,.fbx,,,,,Crown2.fbx,Ultimate RPG Items Pack - Aug 2019-20260825T020729Z-1-001/Ultimate RPG Items Pack - Aug 2019/FBX/Crown2.fbx,Ultimate RPG Items Pack - Aug 2019-20260825T020729Z-1-001,,
,15772,equipment,.fbx,,,,,Crystal1.fbx,Ultimate RPG Items Pack - Aug 2019-20260825T020729Z-1-001/Ultimate RPG Items Pack - Aug 2019/FBX/Crystal1.fbx,Ultimate RPG Items Pack - Aug 2019-20260825T020729Z-1-001,,
,16444,equipment,.fbx,,,,,Crystal1_Damaged.fbx,Ultimate RPG Items Pack - Aug 2019-20260825T020729Z-1-001/Ultimate RPG Items Pack - Aug 2019/FBX/Crystal1_Damaged.fbx,Ultimate RPG Items Pack - Aug 2019-20260825T020729Z-1-001,,
,17468,equipment,.fbx,,,,,Crystal2.fbx,Ultimate RPG Items Pack - Aug 2019-20260825T020729Z-1-001/Ultimate RPG Items Pack - Aug 2019/FBX/Crystal2.fbx,Ultimate RPG Items Pack - Aug 2019-20260825T020729Z-1-001,,
,16844,equipment,.fbx,,,,,Crystal2_Damaged.fbx,Ultimate RPG Items Pack - Aug 2019-20260825T020729Z-1-001/Ultimate RPG Items Pack - Aug 2019/FBX/Crystal2_Damaged.fbx,Ultimate RPG Items Pack - Aug 2019-20260825T020729Z-1-001,,
,15324,equipment,.fbx,,,,,Crystal3.fbx,Ultimate RPG Items Pack - Aug 2019-20260825T020729Z-1-001/Ultimate RPG Items Pack - Aug 2019/FBX/Crystal3.fbx,Ultimate RPG Items Pack - Aug 2019-20260825T020729Z-1-001,,
,16876,equipment,.fbx,,,,,Crystal3_Damaged.fbx,Ultimate RPG Items Pack - Aug 2019-20260825T020729Z-1-001/Ultimate RPG Items Pack - Aug 2019/FBX/Crystal3_Damaged.fbx,Ultimate RPG Items Pack - Aug 2019-20260825T020729Z-1-001,,
,15372,equipment,.fbx,,,,,Crystal4.fbx,Ultimate RPG Items Pack - Aug 2019-20260825T020729Z-1-001/Ultimate RPG Items Pack - Aug 2019/FBX/Crystal4.fbx,Ultimate RPG Items Pack - Aug 2019-20260825T020729Z-1-001,,
,14892,equipment,.fbx,,,,,Crystal5.fbx,Ultimate RPG Items Pack - Aug 2019-20260825T020729Z-1-001/Ultimate RPG Items Pack - Aug 2019/FBX/Crystal5.fbx,Ultimate RPG Items Pack - Aug 2019-20260825T020729Z-1-001,,
,16140,equipment,.fbx,,,,,Crystal5_Damaged.fbx,Ultimate RPG Items Pack - Aug 2019-20260825T020729Z-1-001/Ultimate RPG Items Pack - Aug 2019/FBX/Crystal5_Damaged.fbx,Ultimate RPG Items Pack - Aug 2019-20260825T020729Z-1-001,,
,30956,equipment,.fbx,,,,,Dagger.fbx,Ultimate RPG Items Pack - Aug 2019-20260825T020729Z-1-001/Ultimate RPG Items Pack - Aug 2019/FBX/Dagger.fbx,Ultimate RPG Items Pack - Aug 2019-20260825T020729Z-1-001,,
,30956,equipment,.fbx,,,,,Dagger_Golden.fbx,Ultimate RPG Items Pack - Aug 2019-20260825T020729Z-1-001/Ultimate RPG Items Pack - Aug 2019/FBX/Dagger_Golden.fbx,Ultimate RPG Items Pack - Aug 2019-20260825T020729Z-1-001,,
,21580,equipment,.fbx,,,,,Dart.fbx,Ultimate RPG Items Pack - Aug 2019-20260825T020729Z-1-001/Ultimate RPG Items Pack - Aug 2019/FBX/Dart.fbx,Ultimate RPG Items Pack - Aug 2019-20260825T020729Z-1-001,,
,19372,equipment,.fbx,,,,,Dart_Golden.fbx,Ultimate RPG Items Pack - Aug 2019-20260825T020729Z-1-001/Ultimate RPG Items Pack - Aug 2019/FBX/Dart_Golden.fbx,Ultimate RPG Items Pack - Aug 2019-20260825T020729Z-1-001,,
,26316,water,.fbx,,,,,FishBone.fbx,Ultimate RPG Items Pack - Aug 2019-20260825T020729Z-1-001/Ultimate RPG Items Pack - Aug 2019/FBX/FishBone.fbx,Ultimate RPG Items Pack - Aug 2019-20260825T020729Z-1-001,,
,25852,equipment,.fbx,,,,,Glove.fbx,Ultimate RPG Items Pack - Aug 2019-20260825T020729Z-1-001/Ultimate RPG Items Pack - Aug 2019/FBX/Glove.fbx,Ultimate RPG Items Pack - Aug 2019-20260825T020729Z-1-001,,
,23564,equipment,.fbx,,,,,Gold_Ingots.fbx,Ultimate RPG Items Pack - Aug 2019-20260825T020729Z-1-001/Ultimate RPG Items Pack - Aug 2019/FBX/Gold_Ingots.fbx,Ultimate RPG Items Pack - Aug 2019-20260825T020729Z-1-001,,
,46476,equipment,.fbx,,,,,Hammer_Double.fbx,Ultimate RPG Items Pack - Aug 2019-20260825T020729Z-1-001/Ultimate RPG Items Pack - Aug 2019/FBX/Hammer_Double.fbx,Ultimate RPG Items Pack - Aug 2019-20260825T020729Z-1-001,,
,46476,equipment,.fbx,,,,,Hammer_Double_Golden.fbx,Ultimate RPG Items Pack - Aug 2019-20260825T020729Z-1-001/Ultimate RPG Items Pack - Aug 2019/FBX/Hammer_Double_Golden.fbx,Ultimate RPG Items Pack - Aug 2019-20260825T020729Z-1-001,,
,23292,equipment,.fbx,,,,,Heart.fbx,Ultimate RPG Items Pack - Aug 2019-20260825T020729Z-1-001/Ultimate RPG Items Pack - Aug 2019/FBX/Heart.fbx,Ultimate RPG Items Pack - Aug 2019-20260825T020729Z-1-001,,
,24844,equipment,.fbx,,,,,Heart_Broken.fbx,Ultimate RPG Items Pack - Aug 2019-20260825T020729Z-1-001/Ultimate RPG Items Pack - Aug 2019/FBX/Heart_Broken.fbx,Ultimate RPG Items Pack - Aug 2019-20260825T020729Z-1-001,,
,20380,equipment,.fbx,,,,,Heart_Half.fbx,Ultimate RPG Items Pack - Aug 2019-20260825T020729Z-1-001/Ultimate RPG Items Pack - Aug 2019/FBX/Heart_Half.fbx,Ultimate RPG Items Pack - Aug 2019-20260825T020729Z-1-001,,
,19868,equipment,.fbx,,,,,Key1.fbx,Ultimate RPG Items Pack - Aug 2019-20260825T020729Z-1-001/Ultimate RPG Items Pack - Aug 2019/FBX/Key1.fbx,Ultimate RPG Items Pack - Aug 2019-20260825T020729Z-1-001,,
,24236,equipment,.fbx,,,,,Key2.fbx,Ultimate RPG Items Pack - Aug 2019-20260825T020729Z-1-001/Ultimate RPG Items Pack - Aug 2019/FBX/Key2.fbx,Ultimate RPG Items Pack - Aug 2019-20260825T020729Z-1-001,,
,28332,equipment,.fbx,,,,,Key3.fbx,Ultimate RPG Items Pack - Aug 2019-20260825T020729Z-1-001/Ultimate RPG Items Pack - Aug 2019/FBX/Key3.fbx,Ultimate RPG Items Pack - Aug 2019-20260825T020729Z-1-001,,
,27612,equipment,.fbx,,,,,Key4.fbx,Ultimate RPG Items Pack - Aug 2019-20260825T020729Z-1-001/Ultimate RPG Items Pack - Aug 2019/FBX/Key4.fbx,Ultimate RPG Items Pack - Aug 2019-20260825T020729Z-1-001,,
,36636,equipment,.fbx,,,,,Mineral.fbx,Ultimate RPG Items Pack - Aug 2019-20260825T020729Z-1-001/Ultimate RPG Items Pack - Aug 2019/FBX/Mineral.fbx,Ultimate RPG Items Pack - Aug 2019-20260825T020729Z-1-001,,
,33436,equipment,.fbx,,,,,Necklace1.fbx,Ultimate RPG Items Pack - Aug 2019-20260825T020729Z-1-001/Ultimate RPG Items Pack - Aug 2019/FBX/Necklace1.fbx,Ultimate RPG Items Pack - Aug 2019-20260825T020729Z-1-001,,
,32812,equipment,.fbx,,,,,Necklace2.fbx,Ultimate RPG Items Pack - Aug 2019-20260825T020729Z-1-001/Ultimate RPG Items Pack - Aug 2019/FBX/Necklace2.fbx,Ultimate RPG Items Pack - Aug 2019-20260825T020729Z-1-001,,
,34124,equipment,.fbx,,,,,Necklace3.fbx,Ultimate RPG Items Pack - Aug 2019-20260825T020729Z-1-001/Ultimate RPG Items Pack - Aug 2019/FBX/Necklace3.fbx,Ultimate RPG Items Pack - Aug 2019-20260825T020729Z-1-001,,
,23260,equipment,.fbx,,,,,Padlock.fbx,Ultimate RPG Items Pack - Aug 2019-20260825T020729Z-1-001/Ultimate RPG Items Pack - Aug 2019/FBX/Padlock.fbx,Ultimate RPG Items Pack - Aug 2019-20260825T020729Z-1-001,,
,25548,equipment,.fbx,,,,,Parchment.fbx,Ultimate RPG Items Pack - Aug 2019-20260825T020729Z-1-001/Ultimate RPG Items Pack - Aug 2019/FBX/Parchment.fbx,Ultimate RPG Items Pack - Aug 2019-20260825T020729Z-1-001,,
,22508,equipment,.fbx,,,,,Potion10_Empty.fbx,Ultimate RPG Items Pack - Aug 2019-20260825T020729Z-1-001/Ultimate RPG Items Pack - Aug 2019/FBX/Potion10_Empty.fbx,Ultimate RPG Items Pack - Aug 2019-20260825T020729Z-1-001,,
,23308,equipment,.fbx,,,,,Potion10_Filled.fbx,Ultimate RPG Items Pack - Aug 2019-20260825T020729Z-1-001/Ultimate RPG Items Pack - Aug 2019/FBX/Potion10_Filled.fbx,Ultimate RPG Items Pack - Aug 2019-20260825T020729Z-1-001,,
,23772,equipment,.fbx,,,,,Potion11_Empty.fbx,Ultimate RPG Items Pack - Aug 2019-20260825T020729Z-1-001/Ultimate RPG Items Pack - Aug 2019/FBX/Potion11_Empty.fbx,Ultimate RPG Items Pack - Aug 2019-20260825T020729Z-1-001,,
,24524,equipment,.fbx,,,,,Potion11_Filled.fbx,Ultimate RPG Items Pack - Aug 2019-20260825T020729Z-1-001/Ultimate RPG Items Pack - Aug 2019/FBX/Potion11_Filled.fbx,Ultimate RPG Items Pack - Aug 2019-20260825T020729Z-1-001,,
,37740,equipment,.fbx,,,,,Potion1_Empty.fbx,Ultimate RPG Items Pack - Aug 2019-20260825T020729Z-1-001/Ultimate RPG Items Pack - Aug 2019/FBX/Potion1_Empty.fbx,Ultimate RPG Items Pack - Aug 2019-20260825T020729Z-1-001,,
,40012,equipment,.fbx,,,,,Potion1_Filled.fbx,Ultimate RPG Items Pack - Aug 2019-20260825T020729Z-1-001/Ultimate RPG Items Pack - Aug 2019/FBX/Potion1_Filled.fbx,Ultimate RPG Items Pack - Aug 2019-20260825T020729Z-1-001,,
,40572,equipment,.fbx,,,,,Potion2_Empty.fbx,Ultimate RPG Items Pack - Aug 2019-20260825T020729Z-1-001/Ultimate RPG Items Pack - Aug 2019/FBX/Potion2_Empty.fbx,Ultimate RPG Items Pack - Aug 2019-20260825T020729Z-1-001,,
,44236,equipment,.fbx,,,,,Potion2_Filled.fbx,Ultimate RPG Items Pack - Aug 2019-20260825T020729Z-1-001/Ultimate RPG Items Pack - Aug 2019/FBX/Potion2_Filled.fbx,Ultimate RPG Items Pack - Aug 2019-20260825T020729Z-1-001,,
,40940,equipment,.fbx,,,,,Potion3_Empty.fbx,Ultimate RPG Items Pack - Aug 2019-20260825T020729Z-1-001/Ultimate RPG Items Pack - Aug 2019/FBX/Potion3_Empty.fbx,Ultimate RPG Items Pack - Aug 2019-20260825T020729Z-1-001,,
,47324,equipment,.fbx,,,,,Potion3_Filled.fbx,Ultimate RPG Items Pack - Aug 2019-20260825T020729Z-1-001/Ultimate RPG Items Pack - Aug 2019/FBX/Potion3_Filled.fbx,Ultimate RPG Items Pack - Aug 2019-20260825T020729Z-1-001,,
,40780,equipment,.fbx,,,,,Potion4_Empty.fbx,Ultimate RPG Items Pack - Aug 2019-20260825T020729Z-1-001/Ultimate RPG Items Pack - Aug 2019/FBX/Potion4_Empty.fbx,Ultimate RPG Items Pack - Aug 2019-20260825T020729Z-1-001,,
,45036,equipment,.fbx,,,,,Potion4_Filled.fbx,Ultimate RPG Items Pack - Aug 2019-20260825T020729Z-1-001/Ultimate RPG Items Pack - Aug 2019/FBX/Potion4_Filled.fbx,Ultimate RPG Items Pack - Aug 2019-20260825T020729Z-1-001,,
,44988,equipment,.fbx,,,,,Potion5_Empty.fbx,Ultimate RPG Items Pack - Aug 2019-20260825T020729Z-1-001/Ultimate RPG Items Pack - Aug 2019/FBX/Potion5_Empty.fbx,Ultimate RPG Items Pack - Aug 2019-20260825T020729Z-1-001,,
,49932,equipment,.fbx,,,,,Potion5_Filled.fbx,Ultimate RPG Items Pack - Aug 2019-20260825T020729Z-1-001/Ultimate RPG Items Pack - Aug 2019/FBX/Potion5_Filled.fbx,Ultimate RPG Items Pack - Aug 2019-20260825T020729Z-1-001,,
,53596,equipment,.fbx,,,,,Potion6_Empty.fbx,Ultimate RPG Items Pack - Aug 2019-20260825T020729Z-1-001/Ultimate RPG Items Pack - Aug 2019/FBX/Potion6_Empty.fbx,Ultimate RPG Items Pack - Aug 2019-20260825T020729Z-1-001,,
,62780,equipment,.fbx,,,,,Potion6_Filled.fbx,Ultimate RPG Items Pack - Aug 2019-20260825T020729Z-1-001/Ultimate RPG Items Pack - Aug 2019/FBX/Potion6_Filled.fbx,Ultimate RPG Items Pack - Aug 2019-20260825T020729Z-1-001,,
,37004,equipment,.fbx,,,,,Potion7_Empty.fbx,Ultimate RPG Items Pack - Aug 2019-20260825T020729Z-1-001/Ultimate RPG Items Pack - Aug 2019/FBX/Potion7_Empty.fbx,Ultimate RPG Items Pack - Aug 2019-20260825T020729Z-1-001,,
,42380,equipment,.fbx,,,,,Potion7_Filled.fbx,Ultimate RPG Items Pack - Aug 2019-20260825T020729Z-1-001/Ultimate RPG Items Pack - Aug 2019/FBX/Potion7_Filled.fbx,Ultimate RPG Items Pack - Aug 2019-20260825T020729Z-1-001,,
,36588,equipment,.fbx,,,,,Potion8_Empty.fbx,Ultimate RPG Items Pack - Aug 2019-20260825T020729Z-1-001/Ultimate RPG Items Pack - Aug 2019/FBX/Potion8_Empty.fbx,Ultimate RPG Items Pack - Aug 2019-20260825T020729Z-1-001,,
,41916,equipment,.fbx,,,,,Potion8_Filled.fbx,Ultimate RPG Items Pack - Aug 2019-20260825T020729Z-1-001/Ultimate RPG Items Pack - Aug 2019/FBX/Potion8_Filled.fbx,Ultimate RPG Items Pack - Aug 2019-20260825T020729Z-1-001,,
,39324,equipment,.fbx,,,,,Potion9_Empty.fbx,Ultimate RPG Items Pack - Aug 2019-20260825T020729Z-1-001/Ultimate RPG Items Pack - Aug 2019/FBX/Potion9_Empty.fbx,Ultimate RPG Items Pack - Aug 2019-20260825T020729Z-1-001,,
,42380,equipment,.fbx,,,,,Potion9_Filled.fbx,Ultimate RPG Items Pack - Aug 2019-20260825T020729Z-1-001/Ultimate RPG Items Pack - Aug 2019/FBX/Potion9_Filled.fbx,Ultimate RPG Items Pack - Aug 2019-20260825T020729Z-1-001,,
,22924,equipment,.fbx,,,,,Pouch.fbx,Ultimate RPG Items Pack - Aug 2019-20260825T020729Z-1-001/Ultimate RPG Items Pack - Aug 2019/FBX/Pouch.fbx,Ultimate RPG Items Pack - Aug 2019-20260825T020729Z-1-001,,
,17660,equipment,.fbx,,,,,Ring1.fbx,Ultimate RPG Items Pack - Aug 2019-20260825T020729Z-1-001/Ultimate RPG Items Pack - Aug 2019/FBX/Ring1.fbx,Ultimate RPG Items Pack - Aug 2019-20260825T020729Z-1-001,,
,19404,equipment,.fbx,,,,,Ring2.fbx,Ultimate RPG Items Pack - Aug 2019-20260825T020729Z-1-001/Ultimate RPG Items Pack - Aug 2019/FBX/Ring2.fbx,Ultimate RPG Items Pack - Aug 2019-20260825T020729Z-1-001,,
,19692,equipment,.fbx,,,,,Ring3.fbx,Ultimate RPG Items Pack - Aug 2019-20260825T020729Z-1-001/Ultimate RPG Items Pack - Aug 2019/FBX/Ring3.fbx,Ultimate RPG Items Pack - Aug 2019-20260825T020729Z-1-001,,
,23228,equipment,.fbx,,,,,Ring4.fbx,Ultimate RPG Items Pack - Aug 2019-20260825T020729Z-1-001/Ultimate RPG Items Pack - Aug 2019/FBX/Ring4.fbx,Ultimate RPG Items Pack - Aug 2019-20260825T020729Z-1-001,,
,23980,equipment,.fbx,,,,,Ring5.fbx,Ultimate RPG Items Pack - Aug 2019-20260825T020729Z-1-001/Ultimate RPG Items Pack - Aug 2019/FBX/Ring5.fbx,Ultimate RPG Items Pack - Aug 2019-20260825T020729Z-1-001,,
,21180,equipment,.fbx,,,,,Ring6.fbx,Ultimate RPG Items Pack - Aug 2019-20260825T020729Z-1-001/Ultimate RPG Items Pack - Aug 2019/FBX/Ring6.fbx,Ultimate RPG Items Pack - Aug 2019-20260825T020729Z-1-001,,
,19532,equipment,.fbx,,,,,Ring7.fbx,Ultimate RPG Items Pack - Aug 2019-20260825T020729Z-1-001/Ultimate RPG Items Pack - Aug 2019/FBX/Ring7.fbx,Ultimate RPG Items Pack - Aug 2019-20260825T020729Z-1-001,,
,32492,equipment,.fbx,,,,,Scroll.fbx,Ultimate RPG Items Pack - Aug 2019-20260825T020729Z-1-001/Ultimate RPG Items Pack - Aug 2019/FBX/Scroll.fbx,Ultimate RPG Items Pack - Aug 2019-20260825T020729Z-1-001,,
,20908,equipment,.fbx,,,,,Skull.fbx,Ultimate RPG Items Pack - Aug 2019-20260825T020729Z-1-001/Ultimate RPG Items Pack - Aug 2019/FBX/Skull.fbx,Ultimate RPG Items Pack - Aug 2019-20260825T020729Z-1-001,,
,44588,equipment,.fbx,,,,,Skull2.fbx,Ultimate RPG Items Pack - Aug 2019-20260825T020729Z-1-001/Ultimate RPG Items Pack - Aug 2019/FBX/Skull2.fbx,Ultimate RPG Items Pack - Aug 2019-20260825T020729Z-1-001,,
,25804,terrain,.fbx,,,,,Snowflake1.fbx,Ultimate RPG Items Pack - Aug 2019-20260825T020729Z-1-001/Ultimate RPG Items Pack - Aug 2019/FBX/Snowflake1.fbx,Ultimate RPG Items Pack - Aug 2019-20260825T020729Z-1-001,,
,20956,terrain,.fbx,,,,,Snowflake2.fbx,Ultimate RPG Items Pack - Aug 2019-20260825T020729Z-1-001/Ultimate RPG Items Pack - Aug 2019/FBX/Snowflake2.fbx,Ultimate RPG Items Pack - Aug 2019-20260825T020729Z-1-001,,
,39308,terrain,.fbx,,,,,Snowflake3.fbx,Ultimate RPG Items Pack - Aug 2019-20260825T020729Z-1-001/Ultimate RPG Items Pack - Aug 2019/FBX/Snowflake3.fbx,Ultimate RPG Items Pack - Aug 2019-20260825T020729Z-1-001,,
,18108,equipment,.fbx,,,,,Star.fbx,Ultimate RPG Items Pack - Aug 2019-20260825T020729Z-1-001/Ultimate RPG Items Pack - Aug 2019/FBX/Star.fbx,Ultimate RPG Items Pack - Aug 2019-20260825T020729Z-1-001,,
,32236,equipment,.fbx,,,,,Sword.fbx,Ultimate RPG Items Pack - Aug 2019-20260825T020729Z-1-001/Ultimate RPG Items Pack - Aug 2019/FBX/Sword.fbx,Ultimate RPG Items Pack - Aug 2019-20260825T020729Z-1-001,,
,31596,equipment,.fbx,,,,,Sword_big.fbx,Ultimate RPG Items Pack - Aug 2019-20260825T020729Z-1-001/Ultimate RPG Items Pack - Aug 2019/FBX/Sword_big.fbx,Ultimate RPG Items Pack - Aug 2019-20260825T020729Z-1-001,,
,31596,equipment,.fbx,,,,,Sword_big_Golden.fbx,Ultimate RPG Items Pack - Aug 2019-20260825T020729Z-1-001/Ultimate RPG Items Pack - Aug 2019/FBX/Sword_big_Golden.fbx,Ultimate RPG Items Pack - Aug 2019-20260825T020729Z-1-001,,
,32236,equipment,.fbx,,,,,Sword_Golden.fbx,Ultimate RPG Items Pack - Aug 2019-20260825T020729Z-1-001/Ultimate RPG Items Pack - Aug 2019/FBX/Sword_Golden.fbx,Ultimate RPG Items Pack - Aug 2019-20260825T020729Z-1-001,,
False,222494,equipment,.png,1,True,1000,RGBA,Armor_Black.png,Ultimate RPG Items Pack - Aug 2019-20260825T020729Z-1-001/Ultimate RPG Items Pack - Aug 2019/Icons/Armor_Black.png,Ultimate RPG Items Pack - Aug 2019-20260825T020729Z-1-001,True,1000
False,429578,equipment,.png,1,True,1000,RGBA,Armor_Golden.png,Ultimate RPG Items Pack - Aug 2019-20260825T020729Z-1-001/Ultimate RPG Items Pack - Aug 2019/Icons/Armor_Golden.png,Ultimate RPG Items Pack - Aug 2019-20260825T020729Z-1-001,True,1000
False,182836,equipment,.png,1,True,1000,RGBA,Armor_Leather.png,Ultimate RPG Items Pack - Aug 2019-20260825T020729Z-1-001/Ultimate RPG Items Pack - Aug 2019/Icons/Armor_Leather.png,Ultimate RPG Items Pack - Aug 2019-20260825T020729Z-1-001,True,1000
False,257267,equipment,.png,1,True,1000,RGBA,Armor_Metal.png,Ultimate RPG Items Pack - Aug 2019-20260825T020729Z-1-001/Ultimate RPG Items Pack - Aug 2019/Icons/Armor_Metal.png,Ultimate RPG Items Pack - Aug 2019-20260825T020729Z-1-001,True,1000
False,363091,equipment,.png,1,True,1000,RGBA,Armor_Metal2.png,Ultimate RPG Items Pack - Aug 2019-20260825T020729Z-1-001/Ultimate RPG Items Pack - Aug 2019/Icons/Armor_Metal2.png,Ultimate RPG Items Pack - Aug 2019-20260825T020729Z-1-001,True,1000
False,101969,equipment,.png,1,True,1000,RGBA,Arrow.png,Ultimate RPG Items Pack - Aug 2019-20260825T020729Z-1-001/Ultimate RPG Items Pack - Aug 2019/Icons/Arrow.png,Ultimate RPG Items Pack - Aug 2019-20260825T020729Z-1-001,True,1000
False,108526,equipment,.png,1,True,1000,RGBA,Arrow_Golden.png,Ultimate RPG Items Pack - Aug 2019-20260825T020729Z-1-001/Ultimate RPG Items Pack - Aug 2019/Icons/Arrow_Golden.png,Ultimate RPG Items Pack - Aug 2019-20260825T020729Z-1-001,True,1000
False,231370,equipment,.png,1,True,1000,RGBA,Axe_Double.png,Ultimate RPG Items Pack - Aug 2019-20260825T020729Z-1-001/Ultimate RPG Items Pack - Aug 2019/Icons/Axe_Double.png,Ultimate RPG Items Pack - Aug 2019-20260825T020729Z-1-001,True,1000
False,224936,equipment,.png,1,True,1000,RGBA,Axe_Double_Golden.png,Ultimate RPG Items Pack - Aug 2019-20260825T020729Z-1-001/Ultimate RPG Items Pack - Aug 2019/Icons/Axe_Double_Golden.png,Ultimate RPG Items Pack - Aug 2019-20260825T020729Z-1-001,True,1000
False,212694,equipment,.png,1,True,1000,RGBA,Axe_Small.png,Ultimate RPG Items Pack - Aug 2019-20260825T020729Z-1-001/Ultimate RPG Items Pack - Aug 2019/Icons/Axe_Small.png,Ultimate RPG Items Pack - Aug 2019-20260825T020729Z-1-001,True,1000
False,212027,equipment,.png,1,True,1000,RGBA,Axe_Small_Golden.png,Ultimate RPG Items Pack - Aug 2019-20260825T020729Z-1-001/Ultimate RPG Items Pack - Aug 2019/Icons/Axe_Small_Golden.png,Ultimate RPG Items Pack - Aug 2019-20260825T020729Z-1-001,True,1000
False,375481,equipment,.png,1,True,1000,RGBA,Backpack.png,Ultimate RPG Items Pack - Aug 2019-20260825T020729Z-1-001/Ultimate RPG Items Pack - Aug 2019/Icons/Backpack.png,Ultimate RPG Items Pack - Aug 2019-20260825T020729Z-1-001,True,1000
False,248328,equipment,.png,1,True,1000,RGBA,Bag.png,Ultimate RPG Items Pack - Aug 2019-20260825T020729Z-1-001/Ultimate RPG Items Pack - Aug 2019/Icons/Bag.png,Ultimate RPG Items Pack - Aug 2019-20260825T020729Z-1-001,True,1000
False,209988,props,.png,1,True,1000,RGBA,Bone.png,Ultimate RPG Items Pack - Aug 2019-20260825T020729Z-1-001/Ultimate RPG Items Pack - Aug 2019/Icons/Bone.png,Ultimate RPG Items Pack - Aug 2019-20260825T020729Z-1-001,True,1000
False,306221,props,.png,1,True,1000,RGBA,Book1_Closed.png,Ultimate RPG Items Pack - Aug 2019-20260825T020729Z-1-001/Ultimate RPG Items Pack - Aug 2019/Icons/Book1_Closed.png,Ultimate RPG Items Pack - Aug 2019-20260825T020729Z-1-001,True,1000
False,318605,props,.png,1,True,1000,RGBA,Book1_Open.png,Ultimate RPG Items Pack - Aug 2019-20260825T020729Z-1-001/Ultimate RPG Items Pack - Aug 2019/Icons/Book1_Open.png,Ultimate RPG Items Pack - Aug 2019-20260825T020729Z-1-001,True,1000
False,310516,props,.png,1,True,1000,RGBA,Book2_Closed.png,Ultimate RPG Items Pack - Aug 2019-20260825T020729Z-1-001/Ultimate RPG Items Pack - Aug 2019/Icons/Book2_Closed.png,Ultimate RPG Items Pack - Aug 2019-20260825T020729Z-1-001,True,1000
False,386382,props,.png,1,True,1000,RGBA,Book2_Open.png,Ultimate RPG Items Pack - Aug 2019-20260825T020729Z-1-001/Ultimate RPG Items Pack - Aug 2019/Icons/Book2_Open.png,Ultimate RPG Items Pack - Aug 2019-20260825T020729Z-1-001,True,1000
False,388217,props,.png,1,True,1000,RGBA,Book3_Closed.png,Ultimate RPG Items Pack - Aug 2019-20260825T020729Z-1-001/Ultimate RPG Items Pack - Aug 2019/Icons/Book3_Closed.png,Ultimate RPG Items Pack - Aug 2019-20260825T020729Z-1-001,True,1000
False,337251,props,.png,1,True,1000,RGBA,Book3_Open.png,Ultimate RPG Items Pack - Aug 2019-20260825T020729Z-1-001/Ultimate RPG Items Pack - Aug 2019/Icons/Book3_Open.png,Ultimate RPG Items Pack - Aug 2019-20260825T020729Z-1-001,True,1000
False,376557,props,.png,1,True,1000,RGBA,Book4_Closed.png,Ultimate RPG Items Pack - Aug 2019-20260825T020729Z-1-001/Ultimate RPG Items Pack - Aug 2019/Icons/Book4_Closed.png,Ultimate RPG Items Pack - Aug 2019-20260825T020729Z-1-001,True,1000
False,320334,props,.png,1,True,1000,RGBA,Book4_Open.png,Ultimate RPG Items Pack - Aug 2019-20260825T020729Z-1-001/Ultimate RPG Items Pack - Aug 2019/Icons/Book4_Open.png,Ultimate RPG Items Pack - Aug 2019-20260825T020729Z-1-001,True,1000
False,168095,equipment,.png,1,True,1000,RGBA,Bow_Golden.png,Ultimate RPG Items Pack - Aug 2019-20260825T020729Z-1-001/Ultimate RPG Items Pack - Aug 2019/Icons/Bow_Golden.png,Ultimate RPG Items Pack - Aug 2019-20260825T020729Z-1-001,True,1000
False,132463,equipment,.png,1,True,1000,RGBA,Bow_Wooden.png,Ultimate RPG Items Pack - Aug 2019-20260825T020729Z-1-001/Ultimate RPG Items Pack - Aug 2019/Icons/Bow_Wooden.png,Ultimate RPG Items Pack - Aug 2019-20260825T020729Z-1-001,True,1000
False,216507,equipment,.png,1,True,1000,RGBA,Chalice.png,Ultimate RPG Items Pack - Aug 2019-20260825T020729Z-1-001/Ultimate RPG Items Pack - Aug 2019/Icons/Chalice.png,Ultimate RPG Items Pack - Aug 2019-20260825T020729Z-1-001,True,1000
False,383488,props,.png,1,True,1000,RGBA,Chest_Closed.png,Ultimate RPG Items Pack - Aug 2019-20260825T020729Z-1-001/Ultimate RPG Items Pack - Aug 2019/Icons/Chest_Closed.png,Ultimate RPG Items Pack - Aug 2019-20260825T020729Z-1-001,True,1000
False,455410,props,.png,1,True,1000,RGBA,Chest_Ingots.png,Ultimate RPG Items Pack - Aug 2019-20260825T020729Z-1-001/Ultimate RPG Items Pack - Aug 2019/Icons/Chest_Ingots.png,Ultimate RPG Items Pack - Aug 2019-20260825T020729Z-1-001,True,1000
False,430387,props,.png,1,True,1000,RGBA,Chest_Open.png,Ultimate RPG Items Pack - Aug 2019-20260825T020729Z-1-001/Ultimate RPG Items Pack - Aug 2019/Icons/Chest_Open.png,Ultimate RPG Items Pack - Aug 2019-20260825T020729Z-1-001,True,1000
False,204782,animals,.png,1,True,1000,RGBA,ChickenLeg.png,Ultimate RPG Items Pack - Aug 2019-20260825T020729Z-1-001/Ultimate RPG Items Pack - Aug 2019/Icons/ChickenLeg.png,Ultimate RPG Items Pack - Aug 2019-20260825T020729Z-1-001,True,1000
False,382441,equipment,.png,1,True,1000,RGBA,Coin.png,Ultimate RPG Items Pack - Aug 2019-20260825T020729Z-1-001/Ultimate RPG Items Pack - Aug 2019/Icons/Coin.png,Ultimate RPG Items Pack - Aug 2019-20260825T020729Z-1-001,True,1000
False,477214,equipment,.png,1,True,1000,RGBA,Coin_Skull.png,Ultimate RPG Items Pack - Aug 2019-20260825T020729Z-1-001/Ultimate RPG Items Pack - Aug 2019/Icons/Coin_Skull.png,Ultimate RPG Items Pack - Aug 2019-20260825T020729Z-1-001,True,1000
False,480742,equipment,.png,1,True,1000,RGBA,Coin_Star.png,Ultimate RPG Items Pack - Aug 2019-20260825T020729Z-1-001/Ultimate RPG Items Pack - Aug 2019/Icons/Coin_Star.png,Ultimate RPG Items Pack - Aug 2019-20260825T020729Z-1-001,True,1000
False,276403,equipment,.png,1,True,1000,RGBA,Crown.png,Ultimate RPG Items Pack - Aug 2019-20260825T020729Z-1-001/Ultimate RPG Items Pack - Aug 2019/Icons/Crown.png,Ultimate RPG Items Pack - Aug 2019-20260825T020729Z-1-001,True,1000
False,344910,equipment,.png,1,True,1000,RGBA,Crown2.png,Ultimate RPG Items Pack - Aug 2019-20260825T020729Z-1-001/Ultimate RPG Items Pack - Aug 2019/Icons/Crown2.png,Ultimate RPG Items Pack - Aug 2019-20260825T020729Z-1-001,True,1000
False,236724,equipment,.png,1,True,1000,RGBA,Crystal1.png,Ultimate RPG Items Pack - Aug 2019-20260825T020729Z-1-001/Ultimate RPG Items Pack - Aug 2019/Icons/Crystal1.png,Ultimate RPG Items Pack - Aug 2019-20260825T020729Z-1-001,True,1000
False,255807,equipment,.png,1,True,1000,RGBA,Crystal1_Damaged.png,Ultimate RPG Items Pack - Aug 2019-20260825T020729Z-1-001/Ultimate RPG Items Pack - Aug 2019/Icons/Crystal1_Damaged.png,Ultimate RPG Items Pack - Aug 2019-20260825T020729Z-1-001,True,1000
False,149415,equipment,.png,1,True,1000,RGBA,Crystal2.png,Ultimate RPG Items Pack - Aug 2019-20260825T020729Z-1-001/Ultimate RPG Items Pack - Aug 2019/Icons/Crystal2.png,Ultimate RPG Items Pack - Aug 2019-20260825T020729Z-1-001,True,1000
False,150157,equipment,.png,1,True,1000,RGBA,Crystal2_Damaged.png,Ultimate RPG Items Pack - Aug 2019-20260825T020729Z-1-001/Ultimate RPG Items Pack - Aug 2019/Icons/Crystal2_Damaged.png,Ultimate RPG Items Pack - Aug 2019-20260825T020729Z-1-001,True,1000
False,115719,equipment,.png,1,True,1000,RGBA,Crystal3.png,Ultimate RPG Items Pack - Aug 2019-20260825T020729Z-1-001/Ultimate RPG Items Pack - Aug 2019/Icons/Crystal3.png,Ultimate RPG Items Pack - Aug 2019-20260825T020729Z-1-001,True,1000
False,127422,equipment,.png,1,True,1000,RGBA,Crystal3_Damaged.png,Ultimate RPG Items Pack - Aug 2019-20260825T020729Z-1-001/Ultimate RPG Items Pack - Aug 2019/Icons/Crystal3_Damaged.png,Ultimate RPG Items Pack - Aug 2019-20260825T020729Z-1-001,True,1000
False,199668,equipment,.png,1,True,1000,RGBA,Crystal4.png,Ultimate RPG Items Pack - Aug 2019-20260825T020729Z-1-001/Ultimate RPG Items Pack - Aug 2019/Icons/Crystal4.png,Ultimate RPG Items Pack - Aug 2019-20260825T020729Z-1-001,True,1000
False,182613,equipment,.png,1,True,1000,RGBA,Crystal5.png,Ultimate RPG Items Pack - Aug 2019-20260825T020729Z-1-001/Ultimate RPG Items Pack - Aug 2019/Icons/Crystal5.png,Ultimate RPG Items Pack - Aug 2019-20260825T020729Z-1-001,True,1000
False,188494,equipment,.png,1,True,1000,RGBA,Crystal5_Damaged.png,Ultimate RPG Items Pack - Aug 2019-20260825T020729Z-1-001/Ultimate RPG Items Pack - Aug 2019/Icons/Crystal5_Damaged.png,Ultimate RPG Items Pack - Aug 2019-20260825T020729Z-1-001,True,1000
False,158901,equipment,.png,1,True,1000,RGBA,Dagger.png,Ultimate RPG Items Pack - Aug 2019-20260825T020729Z-1-001/Ultimate RPG Items Pack - Aug 2019/Icons/Dagger.png,Ultimate RPG Items Pack - Aug 2019-20260825T020729Z-1-001,True,1000
False,151644,equipment,.png,1,True,1000,RGBA,Dagger_Golden.png,Ultimate RPG Items Pack - Aug 2019-20260825T020729Z-1-001/Ultimate RPG Items Pack - Aug 2019/Icons/Dagger_Golden.png,Ultimate RPG Items Pack - Aug 2019-20260825T020729Z-1-001,True,1000
False,98460,equipment,.png,1,True,1000,RGBA,Dart.png,Ultimate RPG Items Pack - Aug 2019-20260825T020729Z-1-001/Ultimate RPG Items Pack - Aug 2019/Icons/Dart.png,Ultimate RPG Items Pack - Aug 2019-20260825T020729Z-1-001,True,1000
False,103117,equipment,.png,1,True,1000,RGBA,Dart_Golden.png,Ultimate RPG Items Pack - Aug 2019-20260825T020729Z-1-001/Ultimate RPG Items Pack - Aug 2019/Icons/Dart_Golden.png,Ultimate RPG Items Pack - Aug 2019-20260825T020729Z-1-001,True,1000
False,241820,water,.png,1,True,1000,RGBA,Fishbone.png,Ultimate RPG Items Pack - Aug 2019-20260825T020729Z-1-001/Ultimate RPG Items Pack - Aug 2019/Icons/Fishbone.png,Ultimate RPG Items Pack - Aug 2019-20260825T020729Z-1-001,True,1000
False,296007,equipment,.png,1,True,1000,RGBA,Glove.png,Ultimate RPG Items Pack - Aug 2019-20260825T020729Z-1-001/Ultimate RPG Items Pack - Aug 2019/Icons/Glove.png,Ultimate RPG Items Pack - Aug 2019-20260825T020729Z-1-001,True,1000
False,317823,equipment,.png,1,True,1000,RGBA,Gold_Ingots.png,Ultimate RPG Items Pack - Aug 2019-20260825T020729Z-1-001/Ultimate RPG Items Pack - Aug 2019/Icons/Gold_Ingots.png,Ultimate RPG Items Pack - Aug 2019-20260825T020729Z-1-001,True,1000
False,215109,equipment,.png,1,True,1000,RGBA,Hammer_Double.png,Ultimate RPG Items Pack - Aug 2019-20260825T020729Z-1-001/Ultimate RPG Items Pack - Aug 2019/Icons/Hammer_Double.png,Ultimate RPG Items Pack - Aug 2019-20260825T020729Z-1-001,True,1000
False,222500,equipment,.png,1,True,1000,RGBA,Hammer_Double_Golden.png,Ultimate RPG Items Pack - Aug 2019-20260825T020729Z-1-001/Ultimate RPG Items Pack - Aug 2019/Icons/Hammer_Double_Golden.png,Ultimate RPG Items Pack - Aug 2019-20260825T020729Z-1-001,True,1000
False,268290,equipment,.png,1,True,1000,RGBA,Heart.png,Ultimate RPG Items Pack - Aug 2019-20260825T020729Z-1-001/Ultimate RPG Items Pack - Aug 2019/Icons/Heart.png,Ultimate RPG Items Pack - Aug 2019-20260825T020729Z-1-001,True,1000
False,254638,equipment,.png,1,True,1000,RGBA,Heart_Broken.png,Ultimate RPG Items Pack - Aug 2019-20260825T020729Z-1-001/Ultimate RPG Items Pack - Aug 2019/Icons/Heart_Broken.png,Ultimate RPG Items Pack - Aug 2019-20260825T020729Z-1-001,True,1000
False,166679,equipment,.png,1,True,1000,RGBA,Heart_Half.png,Ultimate RPG Items Pack - Aug 2019-20260825T020729Z-1-001/Ultimate RPG Items Pack - Aug 2019/Icons/Heart_Half.png,Ultimate RPG Items Pack - Aug 2019-20260825T020729Z-1-001,True,1000
False,158791,equipment,.png,1,True,1000,RGBA,Key1.png,Ultimate RPG Items Pack - Aug 2019-20260825T020729Z-1-001/Ultimate RPG Items Pack - Aug 2019/Icons/Key1.png,Ultimate RPG Items Pack - Aug 2019-20260825T020729Z-1-001,True,1000
False,184133,equipment,.png,1,True,1000,RGBA,Key2.png,Ultimate RPG Items Pack - Aug 2019-20260825T020729Z-1-001/Ultimate RPG Items Pack - Aug 2019/Icons/Key2.png,Ultimate RPG Items Pack - Aug 2019-20260825T020729Z-1-001,True,1000
False,188247,equipment,.png,1,True,1000,RGBA,Key3.png,Ultimate RPG Items Pack - Aug 2019-20260825T020729Z-1-001/Ultimate RPG Items Pack - Aug 2019/Icons/Key3.png,Ultimate RPG Items Pack - Aug 2019-20260825T020729Z-1-001,True,1000
False,228080,equipment,.png,1,True,1000,RGBA,Key4.png,Ultimate RPG Items Pack - Aug 2019-20260825T020729Z-1-001/Ultimate RPG Items Pack - Aug 2019/Icons/Key4.png,Ultimate RPG Items Pack - Aug 2019-20260825T020729Z-1-001,True,1000
False,336594,equipment,.png,1,True,1000,RGBA,Mineral.png,Ultimate RPG Items Pack - Aug 2019-20260825T020729Z-1-001/Ultimate RPG Items Pack - Aug 2019/Icons/Mineral.png,Ultimate RPG Items Pack - Aug 2019-20260825T020729Z-1-001,True,1000
False,147557,equipment,.png,1,True,1000,RGBA,Necklace1.png,Ultimate RPG Items Pack - Aug 2019-20260825T020729Z-1-001/Ultimate RPG Items Pack - Aug 2019/Icons/Necklace1.png,Ultimate RPG Items Pack - Aug 2019-20260825T020729Z-1-001,True,1000
False,144784,equipment,.png,1,True,1000,RGBA,Necklace2.png,Ultimate RPG Items Pack - Aug 2019-20260825T020729Z-1-001/Ultimate RPG Items Pack - Aug 2019/Icons/Necklace2.png,Ultimate RPG Items Pack - Aug 2019-20260825T020729Z-1-001,True,1000
False,147872,equipment,.png,1,True,1000,RGBA,Necklace3.png,Ultimate RPG Items Pack - Aug 2019-20260825T020729Z-1-001/Ultimate RPG Items Pack - Aug 2019/Icons/Necklace3.png,Ultimate RPG Items Pack - Aug 2019-20260825T020729Z-1-001,True,1000
False,134088,equipment,.png,1,True,1000,RGBA,Padlock.png,Ultimate RPG Items Pack - Aug 2019-20260825T020729Z-1-001/Ultimate RPG Items Pack - Aug 2019/Icons/Padlock.png,Ultimate RPG Items Pack - Aug 2019-20260825T020729Z-1-001,True,1000
False,398740,equipment,.png,1,True,1000,RGBA,Parchment.png,Ultimate RPG Items Pack - Aug 2019-20260825T020729Z-1-001/Ultimate RPG Items Pack - Aug 2019/Icons/Parchment.png,Ultimate RPG Items Pack - Aug 2019-20260825T020729Z-1-001,True,1000
False,272771,equipment,.png,1,True,1000,RGBA,Potion10_Empty.png,Ultimate RPG Items Pack - Aug 2019-20260825T020729Z-1-001/Ultimate RPG Items Pack - Aug 2019/Icons/Potion10_Empty.png,Ultimate RPG Items Pack - Aug 2019-20260825T020729Z-1-001,True,1000
False,381879,equipment,.png,1,True,1000,RGBA,Potion10_Filled.png,Ultimate RPG Items Pack - Aug 2019-20260825T020729Z-1-001/Ultimate RPG Items Pack - Aug 2019/Icons/Potion10_Filled.png,Ultimate RPG Items Pack - Aug 2019-20260825T020729Z-1-001,True,1000
False,297101,equipment,.png,1,True,1000,RGBA,Potion11_Empty.png,Ultimate RPG Items Pack - Aug 2019-20260825T020729Z-1-001/Ultimate RPG Items Pack - Aug 2019/Icons/Potion11_Empty.png,Ultimate RPG Items Pack - Aug 2019-20260825T020729Z-1-001,True,1000
False,416169,equipment,.png,1,True,1000,RGBA,Potion11_Filled.png,Ultimate RPG Items Pack - Aug 2019-20260825T020729Z-1-001/Ultimate RPG Items Pack - Aug 2019/Icons/Potion11_Filled.png,Ultimate RPG Items Pack - Aug 2019-20260825T020729Z-1-001,True,1000
False,368612,equipment,.png,1,True,1000,RGBA,Potion1_Empty.png,Ultimate RPG Items Pack - Aug 2019-20260825T020729Z-1-001/Ultimate RPG Items Pack - Aug 2019/Icons/Potion1_Empty.png,Ultimate RPG Items Pack - Aug 2019-20260825T020729Z-1-001,True,1000
False,545261,equipment,.png,1,True,1000,RGBA,Potion1_Filled_Blue.png,Ultimate RPG Items Pack - Aug 2019-20260825T020729Z-1-001/Ultimate RPG Items Pack - Aug 2019/Icons/Potion1_Filled_Blue.png,Ultimate RPG Items Pack - Aug 2019-20260825T020729Z-1-001,True,1000
False,486013,equipment,.png,1,True,1000,RGBA,Potion1_Filled_Red.png,Ultimate RPG Items Pack - Aug 2019-20260825T020729Z-1-001/Ultimate RPG Items Pack - Aug 2019/Icons/Potion1_Filled_Red.png,Ultimate RPG Items Pack - Aug 2019-20260825T020729Z-1-001,True,1000
False,397730,equipment,.png,1,True,1000,RGBA,Potion2_Empty.png,Ultimate RPG Items Pack - Aug 2019-20260825T020729Z-1-001/Ultimate RPG Items Pack - Aug 2019/Icons/Potion2_Empty.png,Ultimate RPG Items Pack - Aug 2019-20260825T020729Z-1-001,True,1000
False,585419,equipment,.png,1,True,1000,RGBA,Potion2_Filled.png,Ultimate RPG Items Pack - Aug 2019-20260825T020729Z-1-001/Ultimate RPG Items Pack - Aug 2019/Icons/Potion2_Filled.png,Ultimate RPG Items Pack - Aug 2019-20260825T020729Z-1-001,True,1000
False,345259,equipment,.png,1,True,1000,RGBA,Potion3_Empty.png,Ultimate RPG Items Pack - Aug 2019-20260825T020729Z-1-001/Ultimate RPG Items Pack - Aug 2019/Icons/Potion3_Empty.png,Ultimate RPG Items Pack - Aug 2019-20260825T020729Z-1-001,True,1000
False,500199,equipment,.png,1,True,1000,RGBA,Potion3_Filled.png,Ultimate RPG Items Pack - Aug 2019-20260825T020729Z-1-001/Ultimate RPG Items Pack - Aug 2019/Icons/Potion3_Filled.png,Ultimate RPG Items Pack - Aug 2019-20260825T020729Z-1-001,True,1000
False,329543,equipment,.png,1,True,1000,RGBA,Potion4_Empty.png,Ultimate RPG Items Pack - Aug 2019-20260825T020729Z-1-001/Ultimate RPG Items Pack - Aug 2019/Icons/Potion4_Empty.png,Ultimate RPG Items Pack - Aug 2019-20260825T020729Z-1-001,True,1000
False,449748,equipment,.png,1,True,1000,RGBA,Potion4_Filled.png,Ultimate RPG Items Pack - Aug 2019-20260825T020729Z-1-001/Ultimate RPG Items Pack - Aug 2019/Icons/Potion4_Filled.png,Ultimate RPG Items Pack - Aug 2019-20260825T020729Z-1-001,True,1000
False,355674,equipment,.png,1,True,1000,RGBA,Potion5_Empty.png,Ultimate RPG Items Pack - Aug 2019-20260825T020729Z-1-001/Ultimate RPG Items Pack - Aug 2019/Icons/Potion5_Empty.png,Ultimate RPG Items Pack - Aug 2019-20260825T020729Z-1-001,True,1000
False,474602,equipment,.png,1,True,1000,RGBA,Potion5_Filled.png,Ultimate RPG Items Pack - Aug 2019-20260825T020729Z-1-001/Ultimate RPG Items Pack - Aug 2019/Icons/Potion5_Filled.png,Ultimate RPG Items Pack - Aug 2019-20260825T020729Z-1-001,True,1000
False,276325,equipment,.png,1,True,1000,RGBA,Potion6_Empty.png,Ultimate RPG Items Pack - Aug 2019-20260825T020729Z-1-001/Ultimate RPG Items Pack - Aug 2019/Icons/Potion6_Empty.png,Ultimate RPG Items Pack - Aug 2019-20260825T020729Z-1-001,True,1000
False,314198,equipment,.png,1,True,1000,RGBA,Potion6_Filled.png,Ultimate RPG Items Pack - Aug 2019-20260825T020729Z-1-001/Ultimate RPG Items Pack - Aug 2019/Icons/Potion6_Filled.png,Ultimate RPG Items Pack - Aug 2019-20260825T020729Z-1-001,True,1000
False,217755,equipment,.png,1,True,1000,RGBA,Potion7_Empty.png,Ultimate RPG Items Pack - Aug 2019-20260825T020729Z-1-001/Ultimate RPG Items Pack - Aug 2019/Icons/Potion7_Empty.png,Ultimate RPG Items Pack - Aug 2019-20260825T020729Z-1-001,True,1000
False,252401,equipment,.png,1,True,1000,RGBA,Potion7_Filled.png,Ultimate RPG Items Pack - Aug 2019-20260825T020729Z-1-001/Ultimate RPG Items Pack - Aug 2019/Icons/Potion7_Filled.png,Ultimate RPG Items Pack - Aug 2019-20260825T020729Z-1-001,True,1000
False,289553,equipment,.png,1,True,1000,RGBA,Potion8_Empty.png,Ultimate RPG Items Pack - Aug 2019-20260825T020729Z-1-001/Ultimate RPG Items Pack - Aug 2019/Icons/Potion8_Empty.png,Ultimate RPG Items Pack - Aug 2019-20260825T020729Z-1-001,True,1000
False,361302,equipment,.png,1,True,1000,RGBA,Potion8_Filled.png,Ultimate RPG Items Pack - Aug 2019-20260825T020729Z-1-001/Ultimate RPG Items Pack - Aug 2019/Icons/Potion8_Filled.png,Ultimate RPG Items Pack - Aug 2019-20260825T020729Z-1-001,True,1000
False,397028,equipment,.png,1,True,1000,RGBA,Potion9_Empty.png,Ultimate RPG Items Pack - Aug 2019-20260825T020729Z-1-001/Ultimate RPG Items Pack - Aug 2019/Icons/Potion9_Empty.png,Ultimate RPG Items Pack - Aug 2019-20260825T020729Z-1-001,True,1000
False,622484,equipment,.png,1,True,1000,RGBA,Potion9_Filled.png,Ultimate RPG Items Pack - Aug 2019-20260825T020729Z-1-001/Ultimate RPG Items Pack - Aug 2019/Icons/Potion9_Filled.png,Ultimate RPG Items Pack - Aug 2019-20260825T020729Z-1-001,True,1000
False,222667,equipment,.png,1,True,1000,RGBA,Pouch.png,Ultimate RPG Items Pack - Aug 2019-20260825T020729Z-1-001/Ultimate RPG Items Pack - Aug 2019/Icons/Pouch.png,Ultimate RPG Items Pack - Aug 2019-20260825T020729Z-1-001,True,1000
False,289306,equipment,.png,1,True,1000,RGBA,Ring1.png,Ultimate RPG Items Pack - Aug 2019-20260825T020729Z-1-001/Ultimate RPG Items Pack - Aug 2019/Icons/Ring1.png,Ultimate RPG Items Pack - Aug 2019-20260825T020729Z-1-001,True,1000
False,359920,equipment,.png,1,True,1000,RGBA,Ring2.png,Ultimate RPG Items Pack - Aug 2019-20260825T020729Z-1-001/Ultimate RPG Items Pack - Aug 2019/Icons/Ring2.png,Ultimate RPG Items Pack - Aug 2019-20260825T020729Z-1-001,True,1000
False,550023,equipment,.png,1,True,1000,RGBA,Ring3.png,Ultimate RPG Items Pack - Aug 2019-20260825T020729Z-1-001/Ultimate RPG Items Pack - Aug 2019/Icons/Ring3.png,Ultimate RPG Items Pack - Aug 2019-20260825T020729Z-1-001,True,1000
False,364236,equipment,.png,1,True,1000,RGBA,Ring4.png,Ultimate RPG Items Pack - Aug 2019-20260825T020729Z-1-001/Ultimate RPG Items Pack - Aug 2019/Icons/Ring4.png,Ultimate RPG Items Pack - Aug 2019-20260825T020729Z-1-001,True,1000
False,468442,equipment,.png,1,True,1000,RGBA,Ring5.png,Ultimate RPG Items Pack - Aug 2019-20260825T020729Z-1-001/Ultimate RPG Items Pack - Aug 2019/Icons/Ring5.png,Ultimate RPG Items Pack - Aug 2019-20260825T020729Z-1-001,True,1000
False,432435,equipment,.png,1,True,1000,RGBA,Ring6.png,Ultimate RPG Items Pack - Aug 2019-20260825T020729Z-1-001/Ultimate RPG Items Pack - Aug 2019/Icons/Ring6.png,Ultimate RPG Items Pack - Aug 2019-20260825T020729Z-1-001,True,1000
False,353031,equipment,.png,1,True,1000,RGBA,Ring7.png,Ultimate RPG Items Pack - Aug 2019-20260825T020729Z-1-001/Ultimate RPG Items Pack - Aug 2019/Icons/Ring7.png,Ultimate RPG Items Pack - Aug 2019-20260825T020729Z-1-001,True,1000
False,317088,equipment,.png,1,True,1000,RGBA,Scroll.png,Ultimate RPG Items Pack - Aug 2019-20260825T020729Z-1-001/Ultimate RPG Items Pack - Aug 2019/Icons/Scroll.png,Ultimate RPG Items Pack - Aug 2019-20260825T020729Z-1-001,True,1000
False,666914,equipment,.png,1,True,1000,RGBA,Skull.png,Ultimate RPG Items Pack - Aug 2019-20260825T020729Z-1-001/Ultimate RPG Items Pack - Aug 2019/Icons/Skull.png,Ultimate RPG Items Pack - Aug 2019-20260825T020729Z-1-001,True,1000
False,631149,equipment,.png,1,True,1000,RGBA,Skull2.png,Ultimate RPG Items Pack - Aug 2019-20260825T020729Z-1-001/Ultimate RPG Items Pack - Aug 2019/Icons/Skull2.png,Ultimate RPG Items Pack - Aug 2019-20260825T020729Z-1-001,True,1000
False,425598,terrain,.png,1,True,1000,RGBA,Snowflake1.png,Ultimate RPG Items Pack - Aug 2019-20260825T020729Z-1-001/Ultimate RPG Items Pack - Aug 2019/Icons/Snowflake1.png,Ultimate RPG Items Pack - Aug 2019-20260825T020729Z-1-001,True,1000
False,356569,terrain,.png,1,True,1000,RGBA,Snowflake2.png,Ultimate RPG Items Pack - Aug 2019-20260825T020729Z-1-001/Ultimate RPG Items Pack - Aug 2019/Icons/Snowflake2.png,Ultimate RPG Items Pack - Aug 2019-20260825T020729Z-1-001,True,1000
False,401877,terrain,.png,1,True,1000,RGBA,Snowflake3.png,Ultimate RPG Items Pack - Aug 2019-20260825T020729Z-1-001/Ultimate RPG Items Pack - Aug 2019/Icons/Snowflake3.png,Ultimate RPG Items Pack - Aug 2019-20260825T020729Z-1-001,True,1000
False,560248,equipment,.png,1,True,1000,RGBA,Star.png,Ultimate RPG Items Pack - Aug 2019-20260825T020729Z-1-001/Ultimate RPG Items Pack - Aug 2019/Icons/Star.png,Ultimate RPG Items Pack - Aug 2019-20260825T020729Z-1-001,True,1000
False,241108,equipment,.png,1,True,1000,RGBA,Sword.png,Ultimate RPG Items Pack - Aug 2019-20260825T020729Z-1-001/Ultimate RPG Items Pack - Aug 2019/Icons/Sword.png,Ultimate RPG Items Pack - Aug 2019-20260825T020729Z-1-001,True,1000
False,165347,equipment,.png,1,True,1000,RGBA,Sword_Big.png,Ultimate RPG Items Pack - Aug 2019-20260825T020729Z-1-001/Ultimate RPG Items Pack - Aug 2019/Icons/Sword_Big.png,Ultimate RPG Items Pack - Aug 2019-20260825T020729Z-1-001,True,1000
False,158517,equipment,.png,1,True,1000,RGBA,Sword_Big_Golden.png,Ultimate RPG Items Pack - Aug 2019-20260825T020729Z-1-001/Ultimate RPG Items Pack - Aug 2019/Icons/Sword_Big_Golden.png,Ultimate RPG Items Pack - Aug 2019-20260825T020729Z-1-001,True,1000
False,169277,equipment,.png,1,True,1000,RGBA,Sword_Golden.png,Ultimate RPG Items Pack - Aug 2019-20260825T020729Z-1-001/Ultimate RPG Items Pack - Aug 2019/Icons/Sword_Golden.png,Ultimate RPG Items Pack - Aug 2019-20260825T020729Z-1-001,True,1000
,364,equipment,.txt,,,,,License.txt,Ultimate RPG Items Pack - Aug 2019-20260825T020729Z-1-001/Ultimate RPG Items Pack - Aug 2019/License.txt,Ultimate RPG Items Pack - Aug 2019-20260825T020729Z-1-001,,
,418,equipment,.mtl,,,,,Armor_Black.mtl,Ultimate RPG Items Pack - Aug 2019-20260825T020729Z-1-001/Ultimate RPG Items Pack - Aug 2019/OBJ/Armor_Black.mtl,Ultimate RPG Items Pack - Aug 2019-20260825T020729Z-1-001,,
,48535,equipment,.obj,,,,,Armor_Black.obj,Ultimate RPG Items Pack - Aug 2019-20260825T020729Z-1-001/Ultimate RPG Items Pack - Aug 2019/OBJ/Armor_Black.obj,Ultimate RPG Items Pack - Aug 2019-20260825T020729Z-1-001,,
,240,equipment,.mtl,,,,,Armor_Golden.mtl,Ultimate RPG Items Pack - Aug 2019-20260825T020729Z-1-001/Ultimate RPG Items Pack - Aug 2019/OBJ/Armor_Golden.mtl,Ultimate RPG Items Pack - Aug 2019-20260825T020729Z-1-001,,
,48524,equipment,.obj,,,,,Armor_Golden.obj,Ultimate RPG Items Pack - Aug 2019-20260825T020729Z-1-001/Ultimate RPG Items Pack - Aug 2019/OBJ/Armor_Golden.obj,Ultimate RPG Items Pack - Aug 2019-20260825T020729Z-1-001,,
,240,equipment,.mtl,,,,,Armor_Leather.mtl,Ultimate RPG Items Pack - Aug 2019-20260825T020729Z-1-001/Ultimate RPG Items Pack - Aug 2019/OBJ/Armor_Leather.mtl,Ultimate RPG Items Pack - Aug 2019-20260825T020729Z-1-001,,
,12825,equipment,.obj,,,,,Armor_Leather.obj,Ultimate RPG Items Pack - Aug 2019-20260825T020729Z-1-001/Ultimate RPG Items Pack - Aug 2019/OBJ/Armor_Leather.obj,Ultimate RPG Items Pack - Aug 2019-20260825T020729Z-1-001,,
,242,equipment,.mtl,,,,,Armor_Metal.mtl,Ultimate RPG Items Pack - Aug 2019-20260825T020729Z-1-001/Ultimate RPG Items Pack - Aug 2019/OBJ/Armor_Metal.mtl,Ultimate RPG Items Pack - Aug 2019-20260825T020729Z-1-001,,
,26805,equipment,.obj,,,,,Armor_Metal.obj,Ultimate RPG Items Pack - Aug 2019-20260825T020729Z-1-001/Ultimate RPG Items Pack - Aug 2019/OBJ/Armor_Metal.obj,Ultimate RPG Items Pack - Aug 2019-20260825T020729Z-1-001,,
,244,equipment,.mtl,,,,,Armor_Metal2.mtl,Ultimate RPG Items Pack - Aug 2019-20260825T020729Z-1-001/Ultimate RPG Items Pack - Aug 2019/OBJ/Armor_Metal2.mtl,Ultimate RPG Items Pack - Aug 2019-20260825T020729Z-1-001,,
,32442,equipment,.obj,,,,,Armor_Metal2.obj,Ultimate RPG Items Pack - Aug 2019-20260825T020729Z-1-001/Ultimate RPG Items Pack - Aug 2019/OBJ/Armor_Metal2.obj,Ultimate RPG Items Pack - Aug 2019-20260825T020729Z-1-001,,
,777,equipment,.mtl,,,,,Arrow.mtl,Ultimate RPG Items Pack - Aug 2019-20260825T020729Z-1-001/Ultimate RPG Items Pack - Aug 2019/OBJ/Arrow.mtl,Ultimate RPG Items Pack - Aug 2019-20260825T020729Z-1-001,,
,8610,equipment,.obj,,,,,Arrow.obj,Ultimate RPG Items Pack - Aug 2019-20260825T020729Z-1-001/Ultimate RPG Items Pack - Aug 2019/OBJ/Arrow.obj,Ultimate RPG Items Pack - Aug 2019-20260825T020729Z-1-001,,
,422,equipment,.mtl,,,,,Arrow_Golden.mtl,Ultimate RPG Items Pack - Aug 2019-20260825T020729Z-1-001/Ultimate RPG Items Pack - Aug 2019/OBJ/Arrow_Golden.mtl,Ultimate RPG Items Pack - Aug 2019-20260825T020729Z-1-001,,
,8575,equipment,.obj,,,,,Arrow_Golden.obj,Ultimate RPG Items Pack - Aug 2019-20260825T020729Z-1-001/Ultimate RPG Items Pack - Aug 2019/OBJ/Arrow_Golden.obj,Ultimate RPG Items Pack - Aug 2019-20260825T020729Z-1-001,,
,783,equipment,.mtl,,,,,Axe_Double.mtl,Ultimate RPG Items Pack - Aug 2019-20260825T020729Z-1-001/Ultimate RPG Items Pack - Aug 2019/OBJ/Axe_Double.mtl,Ultimate RPG Items Pack - Aug 2019-20260825T020729Z-1-001,,
,63895,equipment,.obj,,,,,Axe_Double.obj,Ultimate RPG Items Pack - Aug 2019-20260825T020729Z-1-001/Ultimate RPG Items Pack - Aug 2019/OBJ/Axe_Double.obj,Ultimate RPG Items Pack - Aug 2019-20260825T020729Z-1-001,,
,790,equipment,.mtl,,,,,Axe_Double_Golden.mtl,Ultimate RPG Items Pack - Aug 2019-20260825T020729Z-1-001/Ultimate RPG Items Pack - Aug 2019/OBJ/Axe_Double_Golden.mtl,Ultimate RPG Items Pack - Aug 2019-20260825T020729Z-1-001,,
,63916,equipment,.obj,,,,,Axe_Double_Golden.obj,Ultimate RPG Items Pack - Aug 2019-20260825T020729Z-1-001/Ultimate RPG Items Pack - Aug 2019/OBJ/Axe_Double_Golden.obj,Ultimate RPG Items Pack - Aug 2019-20260825T020729Z-1-001,,
,782,equipment,.mtl,,,,,Axe_small.mtl,Ultimate RPG Items Pack - Aug 2019-20260825T020729Z-1-001/Ultimate RPG Items Pack - Aug 2019/OBJ/Axe_small.mtl,Ultimate RPG Items Pack - Aug 2019-20260825T020729Z-1-001,,
,41490,equipment,.obj,,,,,Axe_small.obj,Ultimate RPG Items Pack - Aug 2019-20260825T020729Z-1-001/Ultimate RPG Items Pack - Aug 2019/OBJ/Axe_small.obj,Ultimate RPG Items Pack - Aug 2019-20260825T020729Z-1-001,,
,789,equipment,.mtl,,,,,Axe_small_Golden.mtl,Ultimate RPG Items Pack - Aug 2019-20260825T020729Z-1-001/Ultimate RPG Items Pack - Aug 2019/OBJ/Axe_small_Golden.mtl,Ultimate RPG Items Pack - Aug 2019-20260825T020729Z-1-001,,
,41511,equipment,.obj,,,,,Axe_small_Golden.obj,Ultimate RPG Items Pack - Aug 2019-20260825T020729Z-1-001/Ultimate RPG Items Pack - Aug 2019/OBJ/Axe_small_Golden.obj,Ultimate RPG Items Pack - Aug 2019-20260825T020729Z-1-001,,
,594,equipment,.mtl,,,,,Backpack.mtl,Ultimate RPG Items Pack - Aug 2019-20260825T020729Z-1-001/Ultimate RPG Items Pack - Aug 2019/OBJ/Backpack.mtl,Ultimate RPG Items Pack - Aug 2019-20260825T020729Z-1-001,,
,194374,equipment,.obj,,,,,Backpack.obj,Ultimate RPG Items Pack - Aug 2019-20260825T020729Z-1-001/Ultimate RPG Items Pack - Aug 2019/OBJ/Backpack.obj,Ultimate RPG Items Pack - Aug 2019-20260825T020729Z-1-001,,
,589,equipment,.mtl,,,,,Bag.mtl,Ultimate RPG Items Pack - Aug 2019-20260825T020729Z-1-001/Ultimate RPG Items Pack - Aug 2019/OBJ/Bag.mtl,Ultimate RPG Items Pack - Aug 2019-20260825T020729Z-1-001,,
,57173,equipment,.obj,,,,,Bag.obj,Ultimate RPG Items Pack - Aug 2019-20260825T020729Z-1-001/Ultimate RPG Items Pack - Aug 2019/OBJ/Bag.obj,Ultimate RPG Items Pack - Aug 2019-20260825T020729Z-1-001,,
,231,props,.mtl,,,,,Bone.mtl,Ultimate RPG Items Pack - Aug 2019-20260825T020729Z-1-001/Ultimate RPG Items Pack - Aug 2019/OBJ/Bone.mtl,Ultimate RPG Items Pack - Aug 2019-20260825T020729Z-1-001,,
,13068,props,.obj,,,,,Bone.obj,Ultimate RPG Items Pack - Aug 2019-20260825T020729Z-1-001/Ultimate RPG Items Pack - Aug 2019/OBJ/Bone.obj,Ultimate RPG Items Pack - Aug 2019-20260825T020729Z-1-001,,
,419,props,.mtl,,,,,Book1_Closed.mtl,Ultimate RPG Items Pack - Aug 2019-20260825T020729Z-1-001/Ultimate RPG Items Pack - Aug 2019/OBJ/Book1_Closed.mtl,Ultimate RPG Items Pack - Aug 2019-20260825T020729Z-1-001,,
,10353,props,.obj,,,,,Book1_Closed.obj,Ultimate RPG Items Pack - Aug 2019-20260825T020729Z-1-001/Ultimate RPG Items Pack - Aug 2019/OBJ/Book1_Closed.obj,Ultimate RPG Items Pack - Aug 2019-20260825T020729Z-1-001,,
,417,props,.mtl,,,,,Book1_Open.mtl,Ultimate RPG Items Pack - Aug 2019-20260825T020729Z-1-001/Ultimate RPG Items Pack - Aug 2019/OBJ/Book1_Open.mtl,Ultimate RPG Items Pack - Aug 2019-20260825T020729Z-1-001,,
,17237,props,.obj,,,,,Book1_Open.obj,Ultimate RPG Items Pack - Aug 2019-20260825T020729Z-1-001/Ultimate RPG Items Pack - Aug 2019/OBJ/Book1_Open.obj,Ultimate RPG Items Pack - Aug 2019-20260825T020729Z-1-001,,
,598,props,.mtl,,,,,Book2_Closed.mtl,Ultimate RPG Items Pack - Aug 2019-20260825T020729Z-1-001/Ultimate RPG Items Pack - Aug 2019/OBJ/Book2_Closed.mtl,Ultimate RPG Items Pack - Aug 2019-20260825T020729Z-1-001,,
,12258,props,.obj,,,,,Book2_Closed.obj,Ultimate RPG Items Pack - Aug 2019-20260825T020729Z-1-001/Ultimate RPG Items Pack - Aug 2019/OBJ/Book2_Closed.obj,Ultimate RPG Items Pack - Aug 2019-20260825T020729Z-1-001,,
,596,props,.mtl,,,,,Book2_Open.mtl,Ultimate RPG Items Pack - Aug 2019-20260825T020729Z-1-001/Ultimate RPG Items Pack - Aug 2019/OBJ/Book2_Open.mtl,Ultimate RPG Items Pack - Aug 2019-20260825T020729Z-1-001,,
,22048,props,.obj,,,,,Book2_Open.obj,Ultimate RPG Items Pack - Aug 2019-20260825T020729Z-1-001/Ultimate RPG Items Pack - Aug 2019/OBJ/Book2_Open.obj,Ultimate RPG Items Pack - Aug 2019-20260825T020729Z-1-001,,
,776,props,.mtl,,,,,Book3_Closed.mtl,Ultimate RPG Items Pack - Aug 2019-20260825T020729Z-1-001/Ultimate RPG Items Pack - Aug 2019/OBJ/Book3_Closed.mtl,Ultimate RPG Items Pack - Aug 2019-20260825T020729Z-1-001,,
,46774,props,.obj,,,,,Book3_Closed.obj,Ultimate RPG Items Pack - Aug 2019-20260825T020729Z-1-001/Ultimate RPG Items Pack - Aug 2019/OBJ/Book3_Closed.obj,Ultimate RPG Items Pack - Aug 2019-20260825T020729Z-1-001,,
,596,props,.mtl,,,,,Book3_Open.mtl,Ultimate RPG Items Pack - Aug 2019-20260825T020729Z-1-001/Ultimate RPG Items Pack - Aug 2019/OBJ/Book3_Open.mtl,Ultimate RPG Items Pack - Aug 2019-20260825T020729Z-1-001,,
,20474,props,.obj,,,,,Book3_Open.obj,Ultimate RPG Items Pack - Aug 2019-20260825T020729Z-1-001/Ultimate RPG Items Pack - Aug 2019/OBJ/Book3_Open.obj,Ultimate RPG Items Pack - Aug 2019-20260825T020729Z-1-001,,
,777,props,.mtl,,,,,Book4_Closed.mtl,Ultimate RPG Items Pack - Aug 2019-20260825T020729Z-1-001/Ultimate RPG Items Pack - Aug 2019/OBJ/Book4_Closed.mtl,Ultimate RPG Items Pack - Aug 2019-20260825T020729Z-1-001,,
,26038,props,.obj,,,,,Book4_Closed.obj,Ultimate RPG Items Pack - Aug 2019-20260825T020729Z-1-001/Ultimate RPG Items Pack - Aug 2019/OBJ/Book4_Closed.obj,Ultimate RPG Items Pack - Aug 2019-20260825T020729Z-1-001,,
,594,props,.mtl,,,,,Book4_Open.mtl,Ultimate RPG Items Pack - Aug 2019-20260825T020729Z-1-001/Ultimate RPG Items Pack - Aug 2019/OBJ/Book4_Open.mtl,Ultimate RPG Items Pack - Aug 2019-20260825T020729Z-1-001,,
,17507,props,.obj,,,,,Book4_Open.obj,Ultimate RPG Items Pack - Aug 2019-20260825T020729Z-1-001/Ultimate RPG Items Pack - Aug 2019/OBJ/Book4_Open.obj,Ultimate RPG Items Pack - Aug 2019-20260825T020729Z-1-001,,
,598,equipment,.mtl,,,,,Bow_Golden.mtl,Ultimate RPG Items Pack - Aug 2019-20260825T020729Z-1-001/Ultimate RPG Items Pack - Aug 2019/OBJ/Bow_Golden.mtl,Ultimate RPG Items Pack - Aug 2019-20260825T020729Z-1-001,,
,35332,equipment,.obj,,,,,Bow_Golden.obj,Ultimate RPG Items Pack - Aug 2019-20260825T020729Z-1-001/Ultimate RPG Items Pack - Aug 2019/OBJ/Bow_Golden.obj,Ultimate RPG Items Pack - Aug 2019-20260825T020729Z-1-001,,
,600,equipment,.mtl,,,,,Bow_Wooden.mtl,Ultimate RPG Items Pack - Aug 2019-20260825T020729Z-1-001/Ultimate RPG Items Pack - Aug 2019/OBJ/Bow_Wooden.mtl,Ultimate RPG Items Pack - Aug 2019-20260825T020729Z-1-001,,
,29583,equipment,.obj,,,,,Bow_Wooden.obj,Ultimate RPG Items Pack - Aug 2019-20260825T020729Z-1-001/Ultimate RPG Items Pack - Aug 2019/OBJ/Bow_Wooden.obj,Ultimate RPG Items Pack - Aug 2019-20260825T020729Z-1-001,,
,233,equipment,.mtl,,,,,Chalice.mtl,Ultimate RPG Items Pack - Aug 2019-20260825T020729Z-1-001/Ultimate RPG Items Pack - Aug 2019/OBJ/Chalice.mtl,Ultimate RPG Items Pack - Aug 2019-20260825T020729Z-1-001,,
,16168,equipment,.obj,,,,,Chalice.obj,Ultimate RPG Items Pack - Aug 2019-20260825T020729Z-1-001/Ultimate RPG Items Pack - Aug 2019/OBJ/Chalice.obj,Ultimate RPG Items Pack - Aug 2019-20260825T020729Z-1-001,,
,598,props,.mtl,,,,,Chest_Closed.mtl,Ultimate RPG Items Pack - Aug 2019-20260825T020729Z-1-001/Ultimate RPG Items Pack - Aug 2019/OBJ/Chest_Closed.mtl,Ultimate RPG Items Pack - Aug 2019-20260825T020729Z-1-001,,
,78235,props,.obj,,,,,Chest_Closed.obj,Ultimate RPG Items Pack - Aug 2019-20260825T020729Z-1-001/Ultimate RPG Items Pack - Aug 2019/OBJ/Chest_Closed.obj,Ultimate RPG Items Pack - Aug 2019-20260825T020729Z-1-001,,
,775,props,.mtl,,,,,Chest_Ingots.mtl,Ultimate RPG Items Pack - Aug 2019-20260825T020729Z-1-001/Ultimate RPG Items Pack - Aug 2019/OBJ/Chest_Ingots.mtl,Ultimate RPG Items Pack - Aug 2019-20260825T020729Z-1-001,,
,101435,props,.obj,,,,,Chest_Ingots.obj,Ultimate RPG Items Pack - Aug 2019-20260825T020729Z-1-001/Ultimate RPG Items Pack - Aug 2019/OBJ/Chest_Ingots.obj,Ultimate RPG Items Pack - Aug 2019-20260825T020729Z-1-001,,
,596,props,.mtl,,,,,Chest_Open.mtl,Ultimate RPG Items Pack - Aug 2019-20260825T020729Z-1-001/Ultimate RPG Items Pack - Aug 2019/OBJ/Chest_Open.mtl,Ultimate RPG Items Pack - Aug 2019-20260825T020729Z-1-001,,
,78209,props,.obj,,,,,Chest_Open.obj,Ultimate RPG Items Pack - Aug 2019-20260825T020729Z-1-001/Ultimate RPG Items Pack - Aug 2019/OBJ/Chest_Open.obj,Ultimate RPG Items Pack - Aug 2019-20260825T020729Z-1-001,,
,415,animals,.mtl,,,,,ChickenLeg.mtl,Ultimate RPG Items Pack - Aug 2019-20260825T020729Z-1-001/Ultimate RPG Items Pack - Aug 2019/OBJ/ChickenLeg.mtl,Ultimate RPG Items Pack - Aug 2019-20260825T020729Z-1-001,,
,12810,animals,.obj,,,,,ChickenLeg.obj,Ultimate RPG Items Pack - Aug 2019-20260825T020729Z-1-001/Ultimate RPG Items Pack - Aug 2019/OBJ/ChickenLeg.obj,Ultimate RPG Items Pack - Aug 2019-20260825T020729Z-1-001,,
,230,equipment,.mtl,,,,,Coin.mtl,Ultimate RPG Items Pack - Aug 2019-20260825T020729Z-1-001/Ultimate RPG Items Pack - Aug 2019/OBJ/Coin.mtl,Ultimate RPG Items Pack - Aug 2019-20260825T020729Z-1-001,,
,17199,equipment,.obj,,,,,Coin.obj,Ultimate RPG Items Pack - Aug 2019-20260825T020729Z-1-001/Ultimate RPG Items Pack - Aug 2019/OBJ/Coin.obj,Ultimate RPG Items Pack - Aug 2019-20260825T020729Z-1-001,,
,236,equipment,.mtl,,,,,Coin_Skull.mtl,Ultimate RPG Items Pack - Aug 2019-20260825T020729Z-1-001/Ultimate RPG Items Pack - Aug 2019/OBJ/Coin_Skull.mtl,Ultimate RPG Items Pack - Aug 2019-20260825T020729Z-1-001,,
,23402,equipment,.obj,,,,,Coin_Skull.obj,Ultimate RPG Items Pack - Aug 2019-20260825T020729Z-1-001/Ultimate RPG Items Pack - Aug 2019/OBJ/Coin_Skull.obj,Ultimate RPG Items Pack - Aug 2019-20260825T020729Z-1-001,,
,235,equipment,.mtl,,,,,Coin_Star.mtl,Ultimate RPG Items Pack - Aug 2019-20260825T020729Z-1-001/Ultimate RPG Items Pack - Aug 2019/OBJ/Coin_Star.mtl,Ultimate RPG Items Pack - Aug 2019-20260825T020729Z-1-001,,
,19801,equipment,.obj,,,,,Coin_Star.obj,Ultimate RPG Items Pack - Aug 2019-20260825T020729Z-1-001/Ultimate RPG Items Pack - Aug 2019/OBJ/Coin_Star.obj,Ultimate RPG Items Pack - Aug 2019-20260825T020729Z-1-001,,
,231,equipment,.mtl,,,,,Crown.mtl,Ultimate RPG Items Pack - Aug 2019-20260825T020729Z-1-001/Ultimate RPG Items Pack - Aug 2019/OBJ/Crown.mtl,Ultimate RPG Items Pack - Aug 2019-20260825T020729Z-1-001,,
,27068,equipment,.obj,,,,,Crown.obj,Ultimate RPG Items Pack - Aug 2019-20260825T020729Z-1-001/Ultimate RPG Items Pack - Aug 2019/OBJ/Crown.obj,Ultimate RPG Items Pack - Aug 2019-20260825T020729Z-1-001,,
,408,equipment,.mtl,,,,,Crown2.mtl,Ultimate RPG Items Pack - Aug 2019-20260825T020729Z-1-001/Ultimate RPG Items Pack - Aug 2019/OBJ/Crown2.mtl,Ultimate RPG Items Pack - Aug 2019-20260825T020729Z-1-001,,
,36711,equipment,.obj,,,,,Crown2.obj,Ultimate RPG Items Pack - Aug 2019-20260825T020729Z-1-001/Ultimate RPG Items Pack - Aug 2019/OBJ/Crown2.obj,Ultimate RPG Items Pack - Aug 2019-20260825T020729Z-1-001,,
,236,equipment,.mtl,,,,,Crystal1.mtl,Ultimate RPG Items Pack - Aug 2019-20260825T020729Z-1-001/Ultimate RPG Items Pack - Aug 2019/OBJ/Crystal1.mtl,Ultimate RPG Items Pack - Aug 2019-20260825T020729Z-1-001,,
,3367,equipment,.obj,,,,,Crystal1.obj,Ultimate RPG Items Pack - Aug 2019-20260825T020729Z-1-001/Ultimate RPG Items Pack - Aug 2019/OBJ/Crystal1.obj,Ultimate RPG Items Pack - Aug 2019-20260825T020729Z-1-001,,
,244,equipment,.mtl,,,,,Crystal1_Damaged.mtl,Ultimate RPG Items Pack - Aug 2019-20260825T020729Z-1-001/Ultimate RPG Items Pack - Aug 2019/OBJ/Crystal1_Damaged.mtl,Ultimate RPG Items Pack - Aug 2019-20260825T020729Z-1-001,,
,5000,equipment,.obj,,,,,Crystal1_Damaged.obj,Ultimate RPG Items Pack - Aug 2019-20260825T020729Z-1-001/Ultimate RPG Items Pack - Aug 2019/OBJ/Crystal1_Damaged.obj,Ultimate RPG Items Pack - Aug 2019-20260825T020729Z-1-001,,
,234,equipment,.mtl,,,,,Crystal2.mtl,Ultimate RPG Items Pack - Aug 2019-20260825T020729Z-1-001/Ultimate RPG Items Pack - Aug 2019/OBJ/Crystal2.mtl,Ultimate RPG Items Pack - Aug 2019-20260825T020729Z-1-001,,
,7606,equipment,.obj,,,,,Crystal2.obj,Ultimate RPG Items Pack - Aug 2019-20260825T020729Z-1-001/Ultimate RPG Items Pack - Aug 2019/OBJ/Crystal2.obj,Ultimate RPG Items Pack - Aug 2019-20260825T020729Z-1-001,,
,242,equipment,.mtl,,,,,Crystal2_Damaged.mtl,Ultimate RPG Items Pack - Aug 2019-20260825T020729Z-1-001/Ultimate RPG Items Pack - Aug 2019/OBJ/Crystal2_Damaged.mtl,Ultimate RPG Items Pack - Aug 2019-20260825T020729Z-1-001,,
,4963,equipment,.obj,,,,,Crystal2_Damaged.obj,Ultimate RPG Items Pack - Aug 2019-20260825T020729Z-1-001/Ultimate RPG Items Pack - Aug 2019/OBJ/Crystal2_Damaged.obj,Ultimate RPG Items Pack - Aug 2019-20260825T020729Z-1-001,,
,235,equipment,.mtl,,,,,Crystal3.mtl,Ultimate RPG Items Pack - Aug 2019-20260825T020729Z-1-001/Ultimate RPG Items Pack - Aug 2019/OBJ/Crystal3.mtl,Ultimate RPG Items Pack - Aug 2019-20260825T020729Z-1-001,,
,1284,equipment,.obj,,,,,Crystal3.obj,Ultimate RPG Items Pack - Aug 2019-20260825T020729Z-1-001/Ultimate RPG Items Pack - Aug 2019/OBJ/Crystal3.obj,Ultimate RPG Items Pack - Aug 2019-20260825T020729Z-1-001,,
,243,equipment,.mtl,,,,,Crystal3_Damaged.mtl,Ultimate RPG Items Pack - Aug 2019-20260825T020729Z-1-001/Ultimate RPG Items Pack - Aug 2019/OBJ/Crystal3_Damaged.mtl,Ultimate RPG Items Pack - Aug 2019-20260825T020729Z-1-001,,
,6246,equipment,.obj,,,,,Crystal3_Damaged.obj,Ultimate RPG Items Pack - Aug 2019-20260825T020729Z-1-001/Ultimate RPG Items Pack - Aug 2019/OBJ/Crystal3_Damaged.obj,Ultimate RPG Items Pack - Aug 2019-20260825T020729Z-1-001,,
,233,equipment,.mtl,,,,,Crystal4.mtl,Ultimate RPG Items Pack - Aug 2019-20260825T020729Z-1-001/Ultimate RPG Items Pack - Aug 2019/OBJ/Crystal4.mtl,Ultimate RPG Items Pack - Aug 2019-20260825T020729Z-1-001,,
,2029,equipment,.obj,,,,,Crystal4.obj,Ultimate RPG Items Pack - Aug 2019-20260825T020729Z-1-001/Ultimate RPG Items Pack - Aug 2019/OBJ/Crystal4.obj,Ultimate RPG Items Pack - Aug 2019-20260825T020729Z-1-001,,
,234,equipment,.mtl,,,,,Crystal5.mtl,Ultimate RPG Items Pack - Aug 2019-20260825T020729Z-1-001/Ultimate RPG Items Pack - Aug 2019/OBJ/Crystal5.mtl,Ultimate RPG Items Pack - Aug 2019-20260825T020729Z-1-001,,
,1148,equipment,.obj,,,,,Crystal5.obj,Ultimate RPG Items Pack - Aug 2019-20260825T020729Z-1-001/Ultimate RPG Items Pack - Aug 2019/OBJ/Crystal5.obj,Ultimate RPG Items Pack - Aug 2019-20260825T020729Z-1-001,,
,242,equipment,.mtl,,,,,Crystal5_Damaged.mtl,Ultimate RPG Items Pack - Aug 2019-20260825T020729Z-1-001/Ultimate RPG Items Pack - Aug 2019/OBJ/Crystal5_Damaged.mtl,Ultimate RPG Items Pack - Aug 2019-20260825T020729Z-1-001,,
,3758,equipment,.obj,,,,,Crystal5_Damaged.obj,Ultimate RPG Items Pack - Aug 2019-20260825T020729Z-1-001/Ultimate RPG Items Pack - Aug 2019/OBJ/Crystal5_Damaged.obj,Ultimate RPG Items Pack - Aug 2019-20260825T020729Z-1-001,,
,961,equipment,.mtl,,,,,Dagger.mtl,Ultimate RPG Items Pack - Aug 2019-20260825T020729Z-1-001/Ultimate RPG Items Pack - Aug 2019/OBJ/Dagger.mtl,Ultimate RPG Items Pack - Aug 2019-20260825T020729Z-1-001,,
,29512,equipment,.obj,,,,,Dagger.obj,Ultimate RPG Items Pack - Aug 2019-20260825T020729Z-1-001/Ultimate RPG Items Pack - Aug 2019/OBJ/Dagger.obj,Ultimate RPG Items Pack - Aug 2019-20260825T020729Z-1-001,,
,968,equipment,.mtl,,,,,Dagger_Golden.mtl,Ultimate RPG Items Pack - Aug 2019-20260825T020729Z-1-001/Ultimate RPG Items Pack - Aug 2019/OBJ/Dagger_Golden.mtl,Ultimate RPG Items Pack - Aug 2019-20260825T020729Z-1-001,,
,29533,equipment,.obj,,,,,Dagger_Golden.obj,Ultimate RPG Items Pack - Aug 2019-20260825T020729Z-1-001/Ultimate RPG Items Pack - Aug 2019/OBJ/Dagger_Golden.obj,Ultimate RPG Items Pack - Aug 2019-20260825T020729Z-1-001,,
,776,equipment,.mtl,,,,,Dart.mtl,Ultimate RPG Items Pack - Aug 2019-20260825T020729Z-1-001/Ultimate RPG Items Pack - Aug 2019/OBJ/Dart.mtl,Ultimate RPG Items Pack - Aug 2019-20260825T020729Z-1-001,,
,8608,equipment,.obj,,,,,Dart.obj,Ultimate RPG Items Pack - Aug 2019-20260825T020729Z-1-001/Ultimate RPG Items Pack - Aug 2019/OBJ/Dart.obj,Ultimate RPG Items Pack - Aug 2019-20260825T020729Z-1-001,,
,421,equipment,.mtl,,,,,Dart_Golden.mtl,Ultimate RPG Items Pack - Aug 2019-20260825T020729Z-1-001/Ultimate RPG Items Pack - Aug 2019/OBJ/Dart_Golden.mtl,Ultimate RPG Items Pack - Aug 2019-20260825T020729Z-1-001,,
,8573,equipment,.obj,,,,,Dart_Golden.obj,Ultimate RPG Items Pack - Aug 2019-20260825T020729Z-1-001/Ultimate RPG Items Pack - Aug 2019/OBJ/Dart_Golden.obj,Ultimate RPG Items Pack - Aug 2019-20260825T020729Z-1-001,,
,235,water,.mtl,,,,,FishBone.mtl,Ultimate RPG Items Pack - Aug 2019-20260825T020729Z-1-001/Ultimate RPG Items Pack - Aug 2019/OBJ/FishBone.mtl,Ultimate RPG Items Pack - Aug 2019-20260825T020729Z-1-001,,
,26306,water,.obj,,,,,FishBone.obj,Ultimate RPG Items Pack - Aug 2019-20260825T020729Z-1-001/Ultimate RPG Items Pack - Aug 2019/OBJ/FishBone.obj,Ultimate RPG Items Pack - Aug 2019-20260825T020729Z-1-001,,
,232,equipment,.mtl,,,,,Glove.mtl,Ultimate RPG Items Pack - Aug 2019-20260825T020729Z-1-001/Ultimate RPG Items Pack - Aug 2019/OBJ/Glove.mtl,Ultimate RPG Items Pack - Aug 2019-20260825T020729Z-1-001,,
,27524,equipment,.obj,,,,,Glove.obj,Ultimate RPG Items Pack - Aug 2019-20260825T020729Z-1-001/Ultimate RPG Items Pack - Aug 2019/OBJ/Glove.obj,Ultimate RPG Items Pack - Aug 2019-20260825T020729Z-1-001,,
,237,equipment,.mtl,,,,,Gold_Ingots.mtl,Ultimate RPG Items Pack - Aug 2019-20260825T020729Z-1-001/Ultimate RPG Items Pack - Aug 2019/OBJ/Gold_Ingots.mtl,Ultimate RPG Items Pack - Aug 2019-20260825T020729Z-1-001,,
,22196,equipment,.obj,,,,,Gold_Ingots.obj,Ultimate RPG Items Pack - Aug 2019-20260825T020729Z-1-001/Ultimate RPG Items Pack - Aug 2019/OBJ/Gold_Ingots.obj,Ultimate RPG Items Pack - Aug 2019-20260825T020729Z-1-001,,
,786,equipment,.mtl,,,,,Hammer_Double.mtl,Ultimate RPG Items Pack - Aug 2019-20260825T020729Z-1-001/Ultimate RPG Items Pack - Aug 2019/OBJ/Hammer_Double.mtl,Ultimate RPG Items Pack - Aug 2019-20260825T020729Z-1-001,,
,79902,equipment,.obj,,,,,Hammer_Double.obj,Ultimate RPG Items Pack - Aug 2019-20260825T020729Z-1-001/Ultimate RPG Items Pack - Aug 2019/OBJ/Hammer_Double.obj,Ultimate RPG Items Pack - Aug 2019-20260825T020729Z-1-001,,
,793,equipment,.mtl,,,,,Hammer_Double_Golden.mtl,Ultimate RPG Items Pack - Aug 2019-20260825T020729Z-1-001/Ultimate RPG Items Pack - Aug 2019/OBJ/Hammer_Double_Golden.mtl,Ultimate RPG Items Pack - Aug 2019-20260825T020729Z-1-001,,
,79923,equipment,.obj,,,,,Hammer_Double_Golden.obj,Ultimate RPG Items Pack - Aug 2019-20260825T020729Z-1-001/Ultimate RPG Items Pack - Aug 2019/OBJ/Hammer_Double_Golden.obj,Ultimate RPG Items Pack - Aug 2019-20260825T020729Z-1-001,,
,230,equipment,.mtl,,,,,Heart.mtl,Ultimate RPG Items Pack - Aug 2019-20260825T020729Z-1-001/Ultimate RPG Items Pack - Aug 2019/OBJ/Heart.mtl,Ultimate RPG Items Pack - Aug 2019-20260825T020729Z-1-001,,
,26333,equipment,.obj,,,,,Heart.obj,Ultimate RPG Items Pack - Aug 2019-20260825T020729Z-1-001/Ultimate RPG Items Pack - Aug 2019/OBJ/Heart.obj,Ultimate RPG Items Pack - Aug 2019-20260825T020729Z-1-001,,
,237,equipment,.mtl,,,,,Heart_Broken.mtl,Ultimate RPG Items Pack - Aug 2019-20260825T020729Z-1-001/Ultimate RPG Items Pack - Aug 2019/OBJ/Heart_Broken.mtl,Ultimate RPG Items Pack - Aug 2019-20260825T020729Z-1-001,,
,30368,equipment,.obj,,,,,Heart_Broken.obj,Ultimate RPG Items Pack - Aug 2019-20260825T020729Z-1-001/Ultimate RPG Items Pack - Aug 2019/OBJ/Heart_Broken.obj,Ultimate RPG Items Pack - Aug 2019-20260825T020729Z-1-001,,
,235,equipment,.mtl,,,,,Heart_Half.mtl,Ultimate RPG Items Pack - Aug 2019-20260825T020729Z-1-001/Ultimate RPG Items Pack - Aug 2019/OBJ/Heart_Half.mtl,Ultimate RPG Items Pack - Aug 2019-20260825T020729Z-1-001,,
,14732,equipment,.obj,,,,,Heart_Half.obj,Ultimate RPG Items Pack - Aug 2019-20260825T020729Z-1-001/Ultimate RPG Items Pack - Aug 2019/OBJ/Heart_Half.obj,Ultimate RPG Items Pack - Aug 2019-20260825T020729Z-1-001,,
,231,equipment,.mtl,,,,,Key1.mtl,Ultimate RPG Items Pack - Aug 2019-20260825T020729Z-1-001/Ultimate RPG Items Pack - Aug 2019/OBJ/Key1.mtl,Ultimate RPG Items Pack - Aug 2019-20260825T020729Z-1-001,,
,10790,equipment,.obj,,,,,Key1.obj,Ultimate RPG Items Pack - Aug 2019-20260825T020729Z-1-001/Ultimate RPG Items Pack - Aug 2019/OBJ/Key1.obj,Ultimate RPG Items Pack - Aug 2019-20260825T020729Z-1-001,,
,231,equipment,.mtl,,,,,Key2.mtl,Ultimate RPG Items Pack - Aug 2019-20260825T020729Z-1-001/Ultimate RPG Items Pack - Aug 2019/OBJ/Key2.mtl,Ultimate RPG Items Pack - Aug 2019-20260825T020729Z-1-001,,
,21401,equipment,.obj,,,,,Key2.obj,Ultimate RPG Items Pack - Aug 2019-20260825T020729Z-1-001/Ultimate RPG Items Pack - Aug 2019/OBJ/Key2.obj,Ultimate RPG Items Pack - Aug 2019-20260825T020729Z-1-001,,
,235,equipment,.mtl,,,,,Key3.mtl,Ultimate RPG Items Pack - Aug 2019-20260825T020729Z-1-001/Ultimate RPG Items Pack - Aug 2019/OBJ/Key3.mtl,Ultimate RPG Items Pack - Aug 2019-20260825T020729Z-1-001,,
,29442,equipment,.obj,,,,,Key3.obj,Ultimate RPG Items Pack - Aug 2019-20260825T020729Z-1-001/Ultimate RPG Items Pack - Aug 2019/OBJ/Key3.obj,Ultimate RPG Items Pack - Aug 2019-20260825T020729Z-1-001,,
,232,equipment,.mtl,,,,,Key4.mtl,Ultimate RPG Items Pack - Aug 2019-20260825T020729Z-1-001/Ultimate RPG Items Pack - Aug 2019/OBJ/Key4.mtl,Ultimate RPG Items Pack - Aug 2019-20260825T020729Z-1-001,,
,27563,equipment,.obj,,,,,Key4.obj,Ultimate RPG Items Pack - Aug 2019-20260825T020729Z-1-001/Ultimate RPG Items Pack - Aug 2019/OBJ/Key4.obj,Ultimate RPG Items Pack - Aug 2019-20260825T020729Z-1-001,,
,410,equipment,.mtl,,,,,Mineral.mtl,Ultimate RPG Items Pack - Aug 2019-20260825T020729Z-1-001/Ultimate RPG Items Pack - Aug 2019/OBJ/Mineral.mtl,Ultimate RPG Items Pack - Aug 2019-20260825T020729Z-1-001,,
,62283,equipment,.obj,,,,,Mineral.obj,Ultimate RPG Items Pack - Aug 2019-20260825T020729Z-1-001/Ultimate RPG Items Pack - Aug 2019/OBJ/Mineral.obj,Ultimate RPG Items Pack - Aug 2019-20260825T020729Z-1-001,,
,597,equipment,.mtl,,,,,Necklace1.mtl,Ultimate RPG Items Pack - Aug 2019-20260825T020729Z-1-001/Ultimate RPG Items Pack - Aug 2019/OBJ/Necklace1.mtl,Ultimate RPG Items Pack - Aug 2019-20260825T020729Z-1-001,,
,49843,equipment,.obj,,,,,Necklace1.obj,Ultimate RPG Items Pack - Aug 2019-20260825T020729Z-1-001/Ultimate RPG Items Pack - Aug 2019/OBJ/Necklace1.obj,Ultimate RPG Items Pack - Aug 2019-20260825T020729Z-1-001,,
,595,equipment,.mtl,,,,,Necklace2.mtl,Ultimate RPG Items Pack - Aug 2019-20260825T020729Z-1-001/Ultimate RPG Items Pack - Aug 2019/OBJ/Necklace2.mtl,Ultimate RPG Items Pack - Aug 2019-20260825T020729Z-1-001,,
,37292,equipment,.obj,,,,,Necklace2.obj,Ultimate RPG Items Pack - Aug 2019-20260825T020729Z-1-001/Ultimate RPG Items Pack - Aug 2019/OBJ/Necklace2.obj,Ultimate RPG Items Pack - Aug 2019-20260825T020729Z-1-001,,
,596,equipment,.mtl,,,,,Necklace3.mtl,Ultimate RPG Items Pack - Aug 2019-20260825T020729Z-1-001/Ultimate RPG Items Pack - Aug 2019/OBJ/Necklace3.mtl,Ultimate RPG Items Pack - Aug 2019-20260825T020729Z-1-001,,
,51225,equipment,.obj,,,,,Necklace3.obj,Ultimate RPG Items Pack - Aug 2019-20260825T020729Z-1-001/Ultimate RPG Items Pack - Aug 2019/OBJ/Necklace3.obj,Ultimate RPG Items Pack - Aug 2019-20260825T020729Z-1-001,,
,411,equipment,.mtl,,,,,Padlock.mtl,Ultimate RPG Items Pack - Aug 2019-20260825T020729Z-1-001/Ultimate RPG Items Pack - Aug 2019/OBJ/Padlock.mtl,Ultimate RPG Items Pack - Aug 2019-20260825T020729Z-1-001,,
,23882,equipment,.obj,,,,,Padlock.obj,Ultimate RPG Items Pack - Aug 2019-20260825T020729Z-1-001/Ultimate RPG Items Pack - Aug 2019/OBJ/Padlock.obj,Ultimate RPG Items Pack - Aug 2019-20260825T020729Z-1-001,,
,236,equipment,.mtl,,,,,Parchment.mtl,Ultimate RPG Items Pack - Aug 2019-20260825T020729Z-1-001/Ultimate RPG Items Pack - Aug 2019/OBJ/Parchment.mtl,Ultimate RPG Items Pack - Aug 2019-20260825T020729Z-1-001,,
,26156,equipment,.obj,,,,,Parchment.obj,Ultimate RPG Items Pack - Aug 2019-20260825T020729Z-1-001/Ultimate RPG Items Pack - Aug 2019/OBJ/Parchment.obj,Ultimate RPG Items Pack - Aug 2019-20260825T020729Z-1-001,,
,419,equipment,.mtl,,,,,Potion10_Empty.mtl,Ultimate RPG Items Pack - Aug 2019-20260825T020729Z-1-001/Ultimate RPG Items Pack - Aug 2019/OBJ/Potion10_Empty.mtl,Ultimate RPG Items Pack - Aug 2019-20260825T020729Z-1-001,,
,23555,equipment,.obj,,,,,Potion10_Empty.obj,Ultimate RPG Items Pack - Aug 2019-20260825T020729Z-1-001/Ultimate RPG Items Pack - Aug 2019/OBJ/Potion10_Empty.obj,Ultimate RPG Items Pack - Aug 2019-20260825T020729Z-1-001,,
,604,equipment,.mtl,,,,,Potion10_Filled.mtl,Ultimate RPG Items Pack - Aug 2019-20260825T020729Z-1-001/Ultimate RPG Items Pack - Aug 2019/OBJ/Potion10_Filled.mtl,Ultimate RPG Items Pack - Aug 2019-20260825T020729Z-1-001,,
,25750,equipment,.obj,,,,,Potion10_Filled.obj,Ultimate RPG Items Pack - Aug 2019-20260825T020729Z-1-001/Ultimate RPG Items Pack - Aug 2019/OBJ/Potion10_Filled.obj,Ultimate RPG Items Pack - Aug 2019-20260825T020729Z-1-001,,
,419,equipment,.mtl,,,,,Potion11_Empty.mtl,Ultimate RPG Items Pack - Aug 2019-20260825T020729Z-1-001/Ultimate RPG Items Pack - Aug 2019/OBJ/Potion11_Empty.mtl,Ultimate RPG Items Pack - Aug 2019-20260825T020729Z-1-001,,
,26750,equipment,.obj,,,,,Potion11_Empty.obj,Ultimate RPG Items Pack - Aug 2019-20260825T020729Z-1-001/Ultimate RPG Items Pack - Aug 2019/OBJ/Potion11_Empty.obj,Ultimate RPG Items Pack - Aug 2019-20260825T020729Z-1-001,,
,604,equipment,.mtl,,,,,Potion11_Filled.mtl,Ultimate RPG Items Pack - Aug 2019-20260825T020729Z-1-001/Ultimate RPG Items Pack - Aug 2019/OBJ/Potion11_Filled.mtl,Ultimate RPG Items Pack - Aug 2019-20260825T020729Z-1-001,,
,28944,equipment,.obj,,,,,Potion11_Filled.obj,Ultimate RPG Items Pack - Aug 2019-20260825T020729Z-1-001/Ultimate RPG Items Pack - Aug 2019/OBJ/Potion11_Filled.obj,Ultimate RPG Items Pack - Aug 2019-20260825T020729Z-1-001,,
,418,equipment,.mtl,,,,,Potion1_Empty.mtl,Ultimate RPG Items Pack - Aug 2019-20260825T020729Z-1-001/Ultimate RPG Items Pack - Aug 2019/OBJ/Potion1_Empty.mtl,Ultimate RPG Items Pack - Aug 2019-20260825T020729Z-1-001,,
,82610,equipment,.obj,,,,,Potion1_Empty.obj,Ultimate RPG Items Pack - Aug 2019-20260825T020729Z-1-001/Ultimate RPG Items Pack - Aug 2019/OBJ/Potion1_Empty.obj,Ultimate RPG Items Pack - Aug 2019-20260825T020729Z-1-001,,
,602,equipment,.mtl,,,,,Potion1_Filled.mtl,Ultimate RPG Items Pack - Aug 2019-20260825T020729Z-1-001/Ultimate RPG Items Pack - Aug 2019/OBJ/Potion1_Filled.mtl,Ultimate RPG Items Pack - Aug 2019-20260825T020729Z-1-001,,
,91628,equipment,.obj,,,,,Potion1_Filled.obj,Ultimate RPG Items Pack - Aug 2019-20260825T020729Z-1-001/Ultimate RPG Items Pack - Aug 2019/OBJ/Potion1_Filled.obj,Ultimate RPG Items Pack - Aug 2019-20260825T020729Z-1-001,,
,418,equipment,.mtl,,,,,Potion2_Empty.mtl,Ultimate RPG Items Pack - Aug 2019-20260825T020729Z-1-001/Ultimate RPG Items Pack - Aug 2019/OBJ/Potion2_Empty.mtl,Ultimate RPG Items Pack - Aug 2019-20260825T020729Z-1-001,,
,72898,equipment,.obj,,,,,Potion2_Empty.obj,Ultimate RPG Items Pack - Aug 2019-20260825T020729Z-1-001/Ultimate RPG Items Pack - Aug 2019/OBJ/Potion2_Empty.obj,Ultimate RPG Items Pack - Aug 2019-20260825T020729Z-1-001,,
,605,equipment,.mtl,,,,,Potion2_Filled.mtl,Ultimate RPG Items Pack - Aug 2019-20260825T020729Z-1-001/Ultimate RPG Items Pack - Aug 2019/OBJ/Potion2_Filled.mtl,Ultimate RPG Items Pack - Aug 2019-20260825T020729Z-1-001,,
,84047,equipment,.obj,,,,,Potion2_Filled.obj,Ultimate RPG Items Pack - Aug 2019-20260825T020729Z-1-001/Ultimate RPG Items Pack - Aug 2019/OBJ/Potion2_Filled.obj,Ultimate RPG Items Pack - Aug 2019-20260825T020729Z-1-001,,
,418,equipment,.mtl,,,,,Potion3_Empty.mtl,Ultimate RPG Items Pack - Aug 2019-20260825T020729Z-1-001/Ultimate RPG Items Pack - Aug 2019/OBJ/Potion3_Empty.mtl,Ultimate RPG Items Pack - Aug 2019-20260825T020729Z-1-001,,
,72927,equipment,.obj,,,,,Potion3_Empty.obj,Ultimate RPG Items Pack - Aug 2019-20260825T020729Z-1-001/Ultimate RPG Items Pack - Aug 2019/OBJ/Potion3_Empty.obj,Ultimate RPG Items Pack - Aug 2019-20260825T020729Z-1-001,,
,604,equipment,.mtl,,,,,Potion3_Filled.mtl,Ultimate RPG Items Pack - Aug 2019-20260825T020729Z-1-001/Ultimate RPG Items Pack - Aug 2019/OBJ/Potion3_Filled.mtl,Ultimate RPG Items Pack - Aug 2019-20260825T020729Z-1-001,,
,91482,equipment,.obj,,,,,Potion3_Filled.obj,Ultimate RPG Items Pack - Aug 2019-20260825T020729Z-1-001/Ultimate RPG Items Pack - Aug 2019/OBJ/Potion3_Filled.obj,Ultimate RPG Items Pack - Aug 2019-20260825T020729Z-1-001,,
,418,equipment,.mtl,,,,,Potion4_Empty.mtl,Ultimate RPG Items Pack - Aug 2019-20260825T020729Z-1-001/Ultimate RPG Items Pack - Aug 2019/OBJ/Potion4_Empty.mtl,Ultimate RPG Items Pack - Aug 2019-20260825T020729Z-1-001,,
,72886,equipment,.obj,,,,,Potion4_Empty.obj,Ultimate RPG Items Pack - Aug 2019-20260825T020729Z-1-001/Ultimate RPG Items Pack - Aug 2019/OBJ/Potion4_Empty.obj,Ultimate RPG Items Pack - Aug 2019-20260825T020729Z-1-001,,
,606,equipment,.mtl,,,,,Potion4_Filled.mtl,Ultimate RPG Items Pack - Aug 2019-20260825T020729Z-1-001/Ultimate RPG Items Pack - Aug 2019/OBJ/Potion4_Filled.mtl,Ultimate RPG Items Pack - Aug 2019-20260825T020729Z-1-001,,
,85520,equipment,.obj,,,,,Potion4_Filled.obj,Ultimate RPG Items Pack - Aug 2019-20260825T020729Z-1-001/Ultimate RPG Items Pack - Aug 2019/OBJ/Potion4_Filled.obj,Ultimate RPG Items Pack - Aug 2019-20260825T020729Z-1-001,,
,418,equipment,.mtl,,,,,Potion5_Empty.mtl,Ultimate RPG Items Pack - Aug 2019-20260825T020729Z-1-001/Ultimate RPG Items Pack - Aug 2019/OBJ/Potion5_Empty.mtl,Ultimate RPG Items Pack - Aug 2019-20260825T020729Z-1-001,,
,84845,equipment,.obj,,,,,Potion5_Empty.obj,Ultimate RPG Items Pack - Aug 2019-20260825T020729Z-1-001/Ultimate RPG Items Pack - Aug 2019/OBJ/Potion5_Empty.obj,Ultimate RPG Items Pack - Aug 2019-20260825T020729Z-1-001,,
,603,equipment,.mtl,,,,,Potion5_Filled.mtl,Ultimate RPG Items Pack - Aug 2019-20260825T020729Z-1-001/Ultimate RPG Items Pack - Aug 2019/OBJ/Potion5_Filled.mtl,Ultimate RPG Items Pack - Aug 2019-20260825T020729Z-1-001,,
,99493,equipment,.obj,,,,,Potion5_Filled.obj,Ultimate RPG Items Pack - Aug 2019-20260825T020729Z-1-001/Ultimate RPG Items Pack - Aug 2019/OBJ/Potion5_Filled.obj,Ultimate RPG Items Pack - Aug 2019-20260825T020729Z-1-001,,
,418,equipment,.mtl,,,,,Potion6_Empty.mtl,Ultimate RPG Items Pack - Aug 2019-20260825T020729Z-1-001/Ultimate RPG Items Pack - Aug 2019/OBJ/Potion6_Empty.mtl,Ultimate RPG Items Pack - Aug 2019-20260825T020729Z-1-001,,
,110164,equipment,.obj,,,,,Potion6_Empty.obj,Ultimate RPG Items Pack - Aug 2019-20260825T020729Z-1-001/Ultimate RPG Items Pack - Aug 2019/OBJ/Potion6_Empty.obj,Ultimate RPG Items Pack - Aug 2019-20260825T020729Z-1-001,,
,602,equipment,.mtl,,,,,Potion6_Filled.mtl,Ultimate RPG Items Pack - Aug 2019-20260825T020729Z-1-001/Ultimate RPG Items Pack - Aug 2019/OBJ/Potion6_Filled.mtl,Ultimate RPG Items Pack - Aug 2019-20260825T020729Z-1-001,,
,136649,equipment,.obj,,,,,Potion6_Filled.obj,Ultimate RPG Items Pack - Aug 2019-20260825T020729Z-1-001/Ultimate RPG Items Pack - Aug 2019/OBJ/Potion6_Filled.obj,Ultimate RPG Items Pack - Aug 2019-20260825T020729Z-1-001,,
,418,equipment,.mtl,,,,,Potion7_Empty.mtl,Ultimate RPG Items Pack - Aug 2019-20260825T020729Z-1-001/Ultimate RPG Items Pack - Aug 2019/OBJ/Potion7_Empty.mtl,Ultimate RPG Items Pack - Aug 2019-20260825T020729Z-1-001,,
,60957,equipment,.obj,,,,,Potion7_Empty.obj,Ultimate RPG Items Pack - Aug 2019-20260825T020729Z-1-001/Ultimate RPG Items Pack - Aug 2019/OBJ/Potion7_Empty.obj,Ultimate RPG Items Pack - Aug 2019-20260825T020729Z-1-001,,
,605,equipment,.mtl,,,,,Potion7_Filled.mtl,Ultimate RPG Items Pack - Aug 2019-20260825T020729Z-1-001/Ultimate RPG Items Pack - Aug 2019/OBJ/Potion7_Filled.mtl,Ultimate RPG Items Pack - Aug 2019-20260825T020729Z-1-001,,
,76415,equipment,.obj,,,,,Potion7_Filled.obj,Ultimate RPG Items Pack - Aug 2019-20260825T020729Z-1-001/Ultimate RPG Items Pack - Aug 2019/OBJ/Potion7_Filled.obj,Ultimate RPG Items Pack - Aug 2019-20260825T020729Z-1-001,,
,418,equipment,.mtl,,,,,Potion8_Empty.mtl,Ultimate RPG Items Pack - Aug 2019-20260825T020729Z-1-001/Ultimate RPG Items Pack - Aug 2019/OBJ/Potion8_Empty.mtl,Ultimate RPG Items Pack - Aug 2019-20260825T020729Z-1-001,,
,60933,equipment,.obj,,,,,Potion8_Empty.obj,Ultimate RPG Items Pack - Aug 2019-20260825T020729Z-1-001/Ultimate RPG Items Pack - Aug 2019/OBJ/Potion8_Empty.obj,Ultimate RPG Items Pack - Aug 2019-20260825T020729Z-1-001,,
,606,equipment,.mtl,,,,,Potion8_Filled.mtl,Ultimate RPG Items Pack - Aug 2019-20260825T020729Z-1-001/Ultimate RPG Items Pack - Aug 2019/OBJ/Potion8_Filled.mtl,Ultimate RPG Items Pack - Aug 2019-20260825T020729Z-1-001,,
,76510,equipment,.obj,,,,,Potion8_Filled.obj,Ultimate RPG Items Pack - Aug 2019-20260825T020729Z-1-001/Ultimate RPG Items Pack - Aug 2019/OBJ/Potion8_Filled.obj,Ultimate RPG Items Pack - Aug 2019-20260825T020729Z-1-001,,
,418,equipment,.mtl,,,,,Potion9_Empty.mtl,Ultimate RPG Items Pack - Aug 2019-20260825T020729Z-1-001/Ultimate RPG Items Pack - Aug 2019/OBJ/Potion9_Empty.mtl,Ultimate RPG Items Pack - Aug 2019-20260825T020729Z-1-001,,
,68018,equipment,.obj,,,,,Potion9_Empty.obj,Ultimate RPG Items Pack - Aug 2019-20260825T020729Z-1-001/Ultimate RPG Items Pack - Aug 2019/OBJ/Potion9_Empty.obj,Ultimate RPG Items Pack - Aug 2019-20260825T020729Z-1-001,,
,604,equipment,.mtl,,,,,Potion9_Filled.mtl,Ultimate RPG Items Pack - Aug 2019-20260825T020729Z-1-001/Ultimate RPG Items Pack - Aug 2019/OBJ/Potion9_Filled.mtl,Ultimate RPG Items Pack - Aug 2019-20260825T020729Z-1-001,,
,75383,equipment,.obj,,,,,Potion9_Filled.obj,Ultimate RPG Items Pack - Aug 2019-20260825T020729Z-1-001/Ultimate RPG Items Pack - Aug 2019/OBJ/Potion9_Filled.obj,Ultimate RPG Items Pack - Aug 2019-20260825T020729Z-1-001,,
,410,equipment,.mtl,,,,,Pouch.mtl,Ultimate RPG Items Pack - Aug 2019-20260825T020729Z-1-001/Ultimate RPG Items Pack - Aug 2019/OBJ/Pouch.mtl,Ultimate RPG Items Pack - Aug 2019-20260825T020729Z-1-001,,
,18203,equipment,.obj,,,,,Pouch.obj,Ultimate RPG Items Pack - Aug 2019-20260825T020729Z-1-001/Ultimate RPG Items Pack - Aug 2019/OBJ/Pouch.obj,Ultimate RPG Items Pack - Aug 2019-20260825T020729Z-1-001,,
,233,equipment,.mtl,,,,,Ring1.mtl,Ultimate RPG Items Pack - Aug 2019-20260825T020729Z-1-001/Ultimate RPG Items Pack - Aug 2019/OBJ/Ring1.mtl,Ultimate RPG Items Pack - Aug 2019-20260825T020729Z-1-001,,
,8638,equipment,.obj,,,,,Ring1.obj,Ultimate RPG Items Pack - Aug 2019-20260825T020729Z-1-001/Ultimate RPG Items Pack - Aug 2019/OBJ/Ring1.obj,Ultimate RPG Items Pack - Aug 2019-20260825T020729Z-1-001,,
,233,equipment,.mtl,,,,,Ring2.mtl,Ultimate RPG Items Pack - Aug 2019-20260825T020729Z-1-001/Ultimate RPG Items Pack - Aug 2019/OBJ/Ring2.mtl,Ultimate RPG Items Pack - Aug 2019-20260825T020729Z-1-001,,
,9097,equipment,.obj,,,,,Ring2.obj,Ultimate RPG Items Pack - Aug 2019-20260825T020729Z-1-001/Ultimate RPG Items Pack - Aug 2019/OBJ/Ring2.obj,Ultimate RPG Items Pack - Aug 2019-20260825T020729Z-1-001,,
,409,equipment,.mtl,,,,,Ring3.mtl,Ultimate RPG Items Pack - Aug 2019-20260825T020729Z-1-001/Ultimate RPG Items Pack - Aug 2019/OBJ/Ring3.mtl,Ultimate RPG Items Pack - Aug 2019-20260825T020729Z-1-001,,
,11090,equipment,.obj,,,,,Ring3.obj,Ultimate RPG Items Pack - Aug 2019-20260825T020729Z-1-001/Ultimate RPG Items Pack - Aug 2019/OBJ/Ring3.obj,Ultimate RPG Items Pack - Aug 2019-20260825T020729Z-1-001,,
,410,equipment,.mtl,,,,,Ring4.mtl,Ultimate RPG Items Pack - Aug 2019-20260825T020729Z-1-001/Ultimate RPG Items Pack - Aug 2019/OBJ/Ring4.mtl,Ultimate RPG Items Pack - Aug 2019-20260825T020729Z-1-001,,
,26970,equipment,.obj,,,,,Ring4.obj,Ultimate RPG Items Pack - Aug 2019-20260825T020729Z-1-001/Ultimate RPG Items Pack - Aug 2019/OBJ/Ring4.obj,Ultimate RPG Items Pack - Aug 2019-20260825T020729Z-1-001,,
,411,equipment,.mtl,,,,,Ring5.mtl,Ultimate RPG Items Pack - Aug 2019-20260825T020729Z-1-001/Ultimate RPG Items Pack - Aug 2019/OBJ/Ring5.mtl,Ultimate RPG Items Pack - Aug 2019-20260825T020729Z-1-001,,
,26904,equipment,.obj,,,,,Ring5.obj,Ultimate RPG Items Pack - Aug 2019-20260825T020729Z-1-001/Ultimate RPG Items Pack - Aug 2019/OBJ/Ring5.obj,Ultimate RPG Items Pack - Aug 2019-20260825T020729Z-1-001,,
,411,equipment,.mtl,,,,,Ring6.mtl,Ultimate RPG Items Pack - Aug 2019-20260825T020729Z-1-001/Ultimate RPG Items Pack - Aug 2019/OBJ/Ring6.mtl,Ultimate RPG Items Pack - Aug 2019-20260825T020729Z-1-001,,
,13958,equipment,.obj,,,,,Ring6.obj,Ultimate RPG Items Pack - Aug 2019-20260825T020729Z-1-001/Ultimate RPG Items Pack - Aug 2019/OBJ/Ring6.obj,Ultimate RPG Items Pack - Aug 2019-20260825T020729Z-1-001,,
,412,equipment,.mtl,,,,,Ring7.mtl,Ultimate RPG Items Pack - Aug 2019-20260825T020729Z-1-001/Ultimate RPG Items Pack - Aug 2019/OBJ/Ring7.mtl,Ultimate RPG Items Pack - Aug 2019-20260825T020729Z-1-001,,
,11483,equipment,.obj,,,,,Ring7.obj,Ultimate RPG Items Pack - Aug 2019-20260825T020729Z-1-001/Ultimate RPG Items Pack - Aug 2019/OBJ/Ring7.obj,Ultimate RPG Items Pack - Aug 2019-20260825T020729Z-1-001,,
,413,equipment,.mtl,,,,,Scroll.mtl,Ultimate RPG Items Pack - Aug 2019-20260825T020729Z-1-001/Ultimate RPG Items Pack - Aug 2019/OBJ/Scroll.mtl,Ultimate RPG Items Pack - Aug 2019-20260825T020729Z-1-001,,
,43069,equipment,.obj,,,,,Scroll.obj,Ultimate RPG Items Pack - Aug 2019-20260825T020729Z-1-001/Ultimate RPG Items Pack - Aug 2019/OBJ/Scroll.obj,Ultimate RPG Items Pack - Aug 2019-20260825T020729Z-1-001,,
,231,equipment,.mtl,,,,,Skull.mtl,Ultimate RPG Items Pack - Aug 2019-20260825T020729Z-1-001/Ultimate RPG Items Pack - Aug 2019/OBJ/Skull.mtl,Ultimate RPG Items Pack - Aug 2019-20260825T020729Z-1-001,,
,15663,equipment,.obj,,,,,Skull.obj,Ultimate RPG Items Pack - Aug 2019-20260825T020729Z-1-001/Ultimate RPG Items Pack - Aug 2019/OBJ/Skull.obj,Ultimate RPG Items Pack - Aug 2019-20260825T020729Z-1-001,,
,232,equipment,.mtl,,,,,Skull2.mtl,Ultimate RPG Items Pack - Aug 2019-20260825T020729Z-1-001/Ultimate RPG Items Pack - Aug 2019/OBJ/Skull2.mtl,Ultimate RPG Items Pack - Aug 2019-20260825T020729Z-1-001,,
,77410,equipment,.obj,,,,,Skull2.obj,Ultimate RPG Items Pack - Aug 2019-20260825T020729Z-1-001/Ultimate RPG Items Pack - Aug 2019/OBJ/Skull2.obj,Ultimate RPG Items Pack - Aug 2019-20260825T020729Z-1-001,,
,241,terrain,.mtl,,,,,Snowflake1.mtl,Ultimate RPG Items Pack - Aug 2019-20260825T020729Z-1-001/Ultimate RPG Items Pack - Aug 2019/OBJ/Snowflake1.mtl,Ultimate RPG Items Pack - Aug 2019-20260825T020729Z-1-001,,
,30432,terrain,.obj,,,,,Snowflake1.obj,Ultimate RPG Items Pack - Aug 2019-20260825T020729Z-1-001/Ultimate RPG Items Pack - Aug 2019/OBJ/Snowflake1.obj,Ultimate RPG Items Pack - Aug 2019-20260825T020729Z-1-001,,
,241,terrain,.mtl,,,,,Snowflake2.mtl,Ultimate RPG Items Pack - Aug 2019-20260825T020729Z-1-001/Ultimate RPG Items Pack - Aug 2019/OBJ/Snowflake2.mtl,Ultimate RPG Items Pack - Aug 2019-20260825T020729Z-1-001,,
,17535,terrain,.obj,,,,,Snowflake2.obj,Ultimate RPG Items Pack - Aug 2019-20260825T020729Z-1-001/Ultimate RPG Items Pack - Aug 2019/OBJ/Snowflake2.obj,Ultimate RPG Items Pack - Aug 2019-20260825T020729Z-1-001,,
,241,terrain,.mtl,,,,,Snowflake3.mtl,Ultimate RPG Items Pack - Aug 2019-20260825T020729Z-1-001/Ultimate RPG Items Pack - Aug 2019/OBJ/Snowflake3.mtl,Ultimate RPG Items Pack - Aug 2019-20260825T020729Z-1-001,,
,70930,terrain,.obj,,,,,Snowflake3.obj,Ultimate RPG Items Pack - Aug 2019-20260825T020729Z-1-001/Ultimate RPG Items Pack - Aug 2019/OBJ/Snowflake3.obj,Ultimate RPG Items Pack - Aug 2019-20260825T020729Z-1-001,,
,230,equipment,.mtl,,,,,Star.mtl,Ultimate RPG Items Pack - Aug 2019-20260825T020729Z-1-001/Ultimate RPG Items Pack - Aug 2019/OBJ/Star.mtl,Ultimate RPG Items Pack - Aug 2019-20260825T020729Z-1-001,,
,9645,equipment,.obj,,,,,Star.obj,Ultimate RPG Items Pack - Aug 2019-20260825T020729Z-1-001/Ultimate RPG Items Pack - Aug 2019/OBJ/Star.obj,Ultimate RPG Items Pack - Aug 2019-20260825T020729Z-1-001,,
,960,equipment,.mtl,,,,,Sword.mtl,Ultimate RPG Items Pack - Aug 2019-20260825T020729Z-1-001/Ultimate RPG Items Pack - Aug 2019/OBJ/Sword.mtl,Ultimate RPG Items Pack - Aug 2019-20260825T020729Z-1-001,,
,35633,equipment,.obj,,,,,Sword.obj,Ultimate RPG Items Pack - Aug 2019-20260825T020729Z-1-001/Ultimate RPG Items Pack - Aug 2019/OBJ/Sword.obj,Ultimate RPG Items Pack - Aug 2019-20260825T020729Z-1-001,,
,964,equipment,.mtl,,,,,Sword_big.mtl,Ultimate RPG Items Pack - Aug 2019-20260825T020729Z-1-001/Ultimate RPG Items Pack - Aug 2019/OBJ/Sword_big.mtl,Ultimate RPG Items Pack - Aug 2019-20260825T020729Z-1-001,,
,33832,equipment,.obj,,,,,Sword_big.obj,Ultimate RPG Items Pack - Aug 2019-20260825T020729Z-1-001/Ultimate RPG Items Pack - Aug 2019/OBJ/Sword_big.obj,Ultimate RPG Items Pack - Aug 2019-20260825T020729Z-1-001,,
,971,equipment,.mtl,,,,,Sword_big_Golden.mtl,Ultimate RPG Items Pack - Aug 2019-20260825T020729Z-1-001/Ultimate RPG Items Pack - Aug 2019/OBJ/Sword_big_Golden.mtl,Ultimate RPG Items Pack - Aug 2019-20260825T020729Z-1-001,,
,33853,equipment,.obj,,,,,Sword_big_Golden.obj,Ultimate RPG Items Pack - Aug 2019-20260825T020729Z-1-001/Ultimate RPG Items Pack - Aug 2019/OBJ/Sword_big_Golden.obj,Ultimate RPG Items Pack - Aug 2019-20260825T020729Z-1-001,,
,967,equipment,.mtl,,,,,Sword_Golden.mtl,Ultimate RPG Items Pack - Aug 2019-20260825T020729Z-1-001/Ultimate RPG Items Pack - Aug 2019/OBJ/Sword_Golden.mtl,Ultimate RPG Items Pack - Aug 2019-20260825T020729Z-1-001,,
,35654,equipment,.obj,,,,,Sword_Golden.obj,Ultimate RPG Items Pack - Aug 2019-20260825T020729Z-1-001/Ultimate RPG Items Pack - Aug 2019/OBJ/Sword_Golden.obj,Ultimate RPG Items Pack - Aug 2019-20260825T020729Z-1-001,,
False,314525,equipment,.jpg,1,False,1080,RGB,Preview.jpg,Ultimate RPG Items Pack - Aug 2019-20260825T020729Z-1-001/Ultimate RPG Items Pack - Aug 2019/Preview.jpg,Ultimate RPG Items Pack - Aug 2019-20260825T020729Z-1-001,False,1920
